PO_ID,Supplier,Item_Category,Order_Status,Order_Date,Delivery_Date,Quantity,Unit_Price,Negotiated_Price,Defective_Units,Compliance,days_to_deliver,negotiated_savings,defect_rate,is_delivered,is_cancelled,is_compliant
PO-00046,Alpha_Inc,Electronics,Delivered,2022-12-19,,1025,21.11,19.25,15.0,true,,1906.4999999999993,0.014634146341463415,1,0,0
PO-00067,Alpha_Inc,Electronics,Delivered,2022-10-24,2022-10-26,650,103.84,88.28,12.0,true,2,10114.000000000002,0.018461538461538463,1,0,0
PO-00074,Alpha_Inc,Electronics,Delivered,2023-10-13,2023-10-28,947,56.25,54.25,19.0,true,15,1894.0,0.020063357972544878,1,0,0
PO-00094,Alpha_Inc,Electronics,Partially Delivered,2022-10-04,2022-10-09,1845,39.56,37.63,45.0,true,5,3560.8499999999995,0.024390243902439025,0,0,0
PO-00180,Alpha_Inc,Electronics,Delivered,2022-01-01,2022-01-12,552,21.52,18.79,13.0,true,11,1506.9600000000003,0.02355072463768116,1,0,0
PO-00203,Alpha_Inc,Electronics,Delivered,2022-09-29,2022-10-14,1480,85.22,75.48,100.0,true,15,14415.199999999992,0.067567567567567571,1,0,0
PO-00292,Alpha_Inc,Electronics,Delivered,2022-04-06,2022-04-07,1126,58.8,52.22,,true,1,7409.0799999999981,,1,0,0
PO-00302,Alpha_Inc,Electronics,Cancelled,2023-01-24,,1257,83.13,81.89,30.0,true,,1558.6799999999935,0.02386634844868735,0,1,0
PO-00308,Alpha_Inc,Electronics,Delivered,2023-03-10,2023-03-25,1910,90.69,85.8,,true,15,9339.9000000000015,,1,0,0
PO-00340,Alpha_Inc,Electronics,Pending,2023-08-07,2023-08-25,387,100.28,85.54,5.0,true,18,5704.3799999999983,0.012919896640826873,0,0,0
PO-00356,Alpha_Inc,Electronics,Delivered,2022-11-18,2022-11-29,930,13.67,11.95,16.0,true,11,1599.6000000000006,0.017204301075268817,1,0,0
PO-00421,Alpha_Inc,Electronics,Delivered,2022-01-04,2022-01-06,1004,50.7,46.59,27.0,true,2,4126.44,0.026892430278884463,1,0,0
PO-00441,Alpha_Inc,Electronics,Cancelled,2023-07-20,2023-08-02,928,69.31,67.26,20.0,true,13,1902.3999999999974,0.021551724137931036,0,1,0
PO-00595,Alpha_Inc,Electronics,Delivered,2023-09-18,2023-09-21,1903,83.49,82.33,43.0,true,3,2207.4799999999937,0.022595901208617972,1,0,0
PO-00605,Alpha_Inc,Electronics,Delivered,2023-02-14,2023-02-20,1824,14.43,14.11,36.0,true,6,583.68000000000052,0.019736842105263157,1,0,0
PO-00622,Alpha_Inc,Electronics,Delivered,2023-04-13,2023-05-02,910,14.33,14.07,27.0,true,19,236.5999999999998,0.029670329670329669,1,0,0
PO-00633,Alpha_Inc,Electronics,Delivered,2023-03-13,2023-03-24,1142,86.85,74.28,30.0,true,11,14354.939999999991,0.026269702276707531,1,0,0
PO-00661,Alpha_Inc,Electronics,Delivered,2023-01-28,2023-02-15,1296,38.0,33.42,33.0,true,18,5935.6799999999976,0.025462962962962962,1,0,0
PO-00664,Alpha_Inc,Electronics,Delivered,2023-12-25,2024-01-12,1732,15.37,14.7,38.0,true,18,1160.4399999999998,0.021939953810623556,1,0,0
PO-00726,Alpha_Inc,Electronics,Delivered,2022-12-01,2022-12-17,1566,75.43,71.27,27.0,true,16,6514.5600000000168,0.017241379310344827,1,0,0
PO-00736,Alpha_Inc,Electronics,Delivered,2022-02-23,2022-02-28,1467,34.2,30.5,25.0,true,5,5427.9000000000042,0.017041581458759374,1,0,0
PO-00771,Alpha_Inc,Electronics,Pending,2023-11-25,2023-12-03,1092,65.17,63.11,21.0,true,8,2249.5200000000023,0.019230769230769232,0,0,0
PO-00013,Beta_Supplies,Electronics,Pending,2023-03-09,2023-03-26,5000,86.74,74.86,51.0,true,17,59399.999999999978,0.0102,0,0,0
PO-00041,Beta_Supplies,Electronics,Delivered,2022-04-15,2022-04-27,1132,17.78,15.36,96.0,true,12,2739.4400000000019,0.084805653710247356,1,0,0
PO-00055,Beta_Supplies,Electronics,Delivered,2023-07-20,2023-08-07,1317,68.13,60.52,136.0,true,18,10022.36999999999,0.10326499620349279,1,0,0
PO-00083,Beta_Supplies,Electronics,Cancelled,2023-12-01,2023-12-07,84,73.38,71.42,9.0,true,6,164.63999999999947,0.10714285714285714,0,1,0
PO-00095,Beta_Supplies,Electronics,Cancelled,2023-10-18,,1895,91.98,86.27,170.0,true,,10820.450000000015,0.089709762532981532,0,1,0
PO-00115,Beta_Supplies,Electronics,Delivered,2023-10-21,2023-11-09,1798,94.8,91.83,,true,19,5340.0599999999977,,1,0,0
PO-00122,Beta_Supplies,Electronics,Delivered,2023-07-06,2023-07-19,1995,90.65,77.75,206.0,true,13,25735.500000000011,0.10325814536340852,1,0,0
PO-00158,Beta_Supplies,Electronics,Delivered,2022-04-25,2022-04-30,829,45.98,40.39,,true,5,4634.1099999999969,,1,0,0
PO-00186,Beta_Supplies,Electronics,Cancelled,2023-01-07,2023-01-21,256,96.15,83.44,26.0,true,14,3253.760000000002,0.1015625,0,1,0
PO-00239,Beta_Supplies,Electronics,Delivered,2022-12-05,2022-12-20,1356,75.03,63.86,131.0,true,15,15146.520000000002,0.096607669616519176,1,0,0
PO-00254,Beta_Supplies,Electronics,Delivered,2023-02-21,2023-02-24,1307,68.71,60.64,141.0,true,3,10547.489999999991,0.10788064269319052,1,0,0
PO-00255,Beta_Supplies,Electronics,Delivered,2022-07-14,2022-07-29,733,32.29,29.01,78.0,true,15,2404.2399999999984,0.10641200545702592,1,0,0
PO-00268,Beta_Supplies,Electronics,Partially Delivered,2022-04-11,2022-04-20,613,20.38,20.17,58.0,true,9,128.72999999999834,0.09461663947797716,0,0,0
PO-00284,Beta_Supplies,Electronics,Pending,2022-03-19,2022-04-06,1639,56.24,55.4,147.0,true,18,1376.7600000000057,0.0896888346552776,0,0,0
PO-00352,Beta_Supplies,Electronics,Delivered,2022-11-20,2022-11-21,395,24.83,23.96,31.0,true,1,343.649999999999,0.07848101265822785,1,0,0
PO-00373,Beta_Supplies,Electronics,Partially Delivered,2023-07-05,2023-07-09,453,64.14,60.18,51.0,true,4,1793.8800000000003,0.11258278145695365,0,0,0
PO-00398,Beta_Supplies,Electronics,Delivered,2022-09-28,2022-10-03,1779,97.86,94.36,176.0,true,5,6226.5,0.098931984260820685,1,0,0
PO-00403,Beta_Supplies,Electronics,Cancelled,2022-10-06,2022-10-21,1754,89.35,86.54,161.0,false,15,4928.7399999999789,0.091790193842645376,0,1,0
PO-00493,Beta_Supplies,Electronics,Cancelled,2023-10-19,2023-10-24,675,13.69,11.84,52.0,true,5,1248.7499999999998,0.077037037037037043,0,1,0
PO-00500,Beta_Supplies,Electronics,Partially Delivered,2022-04-29,2022-05-13,539,33.85,30.57,34.0,false,14,1767.9200000000005,0.063079777365491654,0,0,0
PO-00506,Beta_Supplies,Electronics,Delivered,2022-04-22,2022-05-08,295,60.58,57.32,31.0,true,16,961.69999999999936,0.10508474576271186,1,0,0
PO-00569,Beta_Supplies,Electronics,Delivered,2023-03-29,2023-04-15,926,15.65,13.49,94.0,false,17,2000.16,0.10151187904967603,1,0,0
PO-00576,Beta_Supplies,Electronics,Delivered,2023-11-06,2023-11-15,985,83.85,80.88,,false,9,2925.4499999999989,,1,0,0
PO-00606,Beta_Supplies,Electronics,Partially Delivered,2022-09-07,2022-09-12,851,76.44,74.76,91.0,true,5,1429.6799999999937,0.10693301997649823,0,0,0
PO-00619,Beta_Supplies,Electronics,Delivered,2023-07-25,2023-08-14,1520,93.75,81.63,149.0,true,20,18422.400000000009,0.098026315789473684,1,0,0
PO-00630,Beta_Supplies,Electronics,Delivered,2023-03-30,2023-04-05,746,16.99,15.35,69.0,false,6,1223.4399999999991,0.092493297587131373,1,0,0
PO-00688,Beta_Supplies,Electronics,Partially Delivered,2023-07-06,2023-07-15,740,32.53,29.35,84.0,true,9,2353.2,0.11351351351351352,0,0,0
PO-00752,Beta_Supplies,Electronics,Cancelled,2023-11-17,,86,93.6,88.22,5.0,true,,462.67999999999961,0.058139534883720929,0,1,0
PO-00754,Beta_Supplies,Electronics,Delivered,2023-08-01,2023-08-02,1442,43.98,41.82,140.0,false,1,3114.7199999999953,0.0970873786407767,1,0,0
PO-00756,Beta_Supplies,Electronics,Partially Delivered,2023-04-22,2023-05-03,1598,26.3,26.03,154.0,false,11,431.4599999999993,0.096370463078848556,0,0,0
PO-00764,Beta_Supplies,Electronics,Delivered,2022-06-17,2022-07-06,111,68.53,65.22,11.0,true,19,367.41000000000025,0.0990990990990991,1,0,0
PO-00772,Beta_Supplies,Electronics,Delivered,2023-01-20,2023-02-02,226,102.47,99.16,28.0,true,13,748.06000000000051,0.12389380530973451,1,0,0
PO-00015,Delta_Logistics,Electronics,Pending,2022-01-31,2022-02-18,5000,54.5,48.45,22.0,true,18,30249.999999999985,0.0044,0,0,0
PO-00072,Delta_Logistics,Electronics,Pending,2022-10-12,2022-11-01,1419,69.64,59.28,194.0,true,20,14700.839999999998,0.13671599718111346,0,0,0
PO-00089,Delta_Logistics,Electronics,Delivered,2023-07-01,2023-07-09,1075,18.53,16.12,147.0,true,8,2590.75,0.13674418604651162,1,0,0
PO-00133,Delta_Logistics,Electronics,Cancelled,2022-04-04,2022-04-22,1930,65.52,56.9,282.0,true,18,16636.599999999995,0.14611398963730571,0,1,0
PO-00167,Delta_Logistics,Electronics,Delivered,2023-06-04,2023-06-17,148,103.57,98.62,23.0,false,13,732.59999999999832,0.1554054054054054,1,0,0
PO-00193,Delta_Logistics,Electronics,Delivered,2022-03-29,2022-04-06,1648,35.42,31.46,,false,8,6526.0800000000017,,1,0,0
PO-00234,Delta_Logistics,Electronics,Delivered,2023-10-09,2023-10-18,1304,32.08,29.36,,true,9,3546.8799999999983,,1,0,0
PO-00261,Delta_Logistics,Electronics,Delivered,2023-03-10,2023-03-18,1545,38.15,36.96,214.0,true,8,1838.5499999999965,0.13851132686084142,1,0,0
PO-00336,Delta_Logistics,Electronics,Pending,2023-11-23,2023-12-05,538,34.3,32.25,84.0,false,12,1102.8999999999985,0.15613382899628253,0,0,0
PO-00344,Delta_Logistics,Electronics,Delivered,2022-02-10,2022-02-28,522,66.83,58.01,74.0,true,18,4604.04,0.1417624521072797,1,0,0
PO-00345,Delta_Logistics,Electronics,Delivered,2023-09-27,2023-10-06,200,44.16,43.13,21.0,true,9,205.99999999999881,0.105,1,0,0
PO-00368,Delta_Logistics,Electronics,Delivered,2023-04-15,2023-04-28,1172,32.93,29.28,,false,13,4277.7999999999984,,1,0,0
PO-00378,Delta_Logistics,Electronics,Delivered,2022-12-24,2022-12-26,1993,65.94,59.36,,true,2,13113.939999999997,,1,0,0
PO-00396,Delta_Logistics,Electronics,Delivered,2022-04-17,,927,48.89,46.05,138.0,true,,2632.680000000003,0.14886731391585761,1,0,0
PO-00401,Delta_Logistics,Electronics,Delivered,2023-07-21,2023-08-06,1793,22.01,21.78,285.0,true,16,412.39000000000078,0.15895147796988288,1,0,0
PO-00423,Delta_Logistics,Electronics,Delivered,2022-05-14,,519,51.73,47.52,81.0,false,,2184.9899999999966,0.15606936416184972,1,0,0
PO-00456,Delta_Logistics,Electronics,Delivered,2023-07-28,2023-08-10,1293,50.21,47.55,,false,13,3439.3800000000047,,1,0,0
PO-00484,Delta_Logistics,Electronics,Delivered,2022-01-25,,67,84.72,73.06,9.0,true,,781.2199999999998,0.13432835820895522,1,0,0
PO-00487,Delta_Logistics,Electronics,Cancelled,2023-02-13,2023-02-16,615,30.3,29.52,96.0,true,3,479.70000000000073,0.15609756097560976,0,1,0
PO-00498,Delta_Logistics,Electronics,Delivered,2022-12-06,2022-12-24,1712,88.17,85.86,246.0,true,18,3954.7200000000039,0.14369158878504673,1,0,0
PO-00510,Delta_Logistics,Electronics,Delivered,2022-11-18,2022-11-19,1755,82.66,73.67,258.0,false,1,15777.449999999992,0.147008547008547,1,0,0
PO-00539,Delta_Logistics,Electronics,Delivered,2022-11-13,2022-11-24,903,95.55,92.45,149.0,false,11,2799.2999999999947,0.16500553709856036,1,0,0
PO-00570,Delta_Logistics,Electronics,Cancelled,2023-03-29,2023-04-09,1041,58.5,52.54,170.0,false,11,6204.3600000000006,0.1633045148895293,0,1,0
PO-00625,Delta_Logistics,Electronics,Delivered,2023-11-15,2023-11-16,203,23.14,20.0,,false,1,637.42000000000007,,1,0,0
PO-00650,Delta_Logistics,Electronics,Pending,2024-01-01,2024-01-04,1327,59.57,56.44,169.0,true,3,4153.5100000000029,0.12735493594574226,0,0,0
PO-00655,Delta_Logistics,Electronics,Pending,2022-11-24,2022-12-10,571,49.98,45.58,,false,16,2512.3999999999992,,0,0,0
PO-00672,Delta_Logistics,Electronics,Delivered,2023-03-02,2023-03-04,841,86.43,83.77,125.0,false,2,2237.060000000009,0.14863258026159334,1,0,0
PO-00673,Delta_Logistics,Electronics,Delivered,2022-03-05,2022-03-16,385,18.23,17.74,,true,11,188.65000000000077,,1,0,0
PO-00701,Delta_Logistics,Electronics,Delivered,2023-11-27,,61,26.47,24.62,6.0,true,,112.84999999999987,0.098360655737704916,1,0,0
PO-00703,Delta_Logistics,Electronics,Delivered,2022-06-19,2022-07-06,1375,30.95,30.02,223.0,true,17,1278.7499999999995,0.16218181818181818,1,0,0
PO-00704,Delta_Logistics,Electronics,Partially Delivered,2023-04-24,2023-05-05,1971,32.4,30.48,321.0,true,11,3784.3199999999965,0.16286149162861491,0,0,0
PO-00751,Delta_Logistics,Electronics,Delivered,2023-04-30,,1809,13.58,12.68,,false,,1628.1000000000006,,1,0,0
PO-00773,Delta_Logistics,Electronics,Delivered,2023-02-11,2023-02-20,1685,43.42,42.24,262.0,true,9,1988.2999999999995,0.15548961424332344,1,0,0
PO-00021,Epsilon_Group,Electronics,Cancelled,2022-01-28,2022-02-12,1735,20.54,19.69,49.0,true,15,1474.7499999999964,0.02824207492795389,0,1,0
PO-00051,Epsilon_Group,Electronics,Delivered,2023-07-04,2023-07-14,1007,22.56,19.59,,true,10,2990.7899999999991,,1,0,0
PO-00098,Epsilon_Group,Electronics,Delivered,2022-08-13,2022-09-01,451,95.2,90.07,21.0,true,19,2313.6300000000042,0.046563192904656318,1,0,0
PO-00107,Epsilon_Group,Electronics,Delivered,2022-03-09,2022-03-12,1344,12.5,10.87,44.0,true,3,2190.7200000000012,0.03273809523809524,1,0,0
PO-00125,Epsilon_Group,Electronics,Delivered,2023-03-15,2023-03-26,237,64.19,59.01,7.0,true,11,1227.6599999999999,0.029535864978902954,1,0,0
PO-00128,Epsilon_Group,Electronics,Delivered,2023-01-06,2023-01-24,1114,91.66,85.53,35.0,true,18,6828.8199999999952,0.03141831238779174,1,0,0
PO-00156,Epsilon_Group,Electronics,Delivered,2023-10-19,2023-11-07,250,45.92,41.02,3.0,true,19,1224.9999999999995,0.012,1,0,0
PO-00160,Epsilon_Group,Electronics,Partially Delivered,2023-03-22,2023-04-09,1106,97.77,90.45,31.0,true,18,8095.9199999999928,0.028028933092224231,0,0,0
PO-00165,Epsilon_Group,Electronics,Pending,2023-05-28,2023-06-11,1801,71.27,61.24,43.0,true,14,18064.029999999988,0.023875624652970572,0,0,0
PO-00181,Epsilon_Group,Electronics,Delivered,2023-09-06,2023-09-22,816,26.04,25.61,28.0,true,16,350.87999999999977,0.034313725490196081,1,0,0
PO-00202,Epsilon_Group,Electronics,Delivered,2022-06-19,2022-06-20,534,13.88,12.51,100.0,true,1,731.5800000000005,0.18726591760299627,1,0,0
PO-00206,Epsilon_Group,Electronics,Delivered,2023-03-10,2023-03-22,1728,94.83,90.2,100.0,true,12,8000.6399999999921,0.057870370370370371,1,0,0
PO-00244,Epsilon_Group,Electronics,Delivered,2023-11-17,2023-11-29,1332,69.73,63.8,41.0,true,12,7898.7600000000093,0.030780780780780781,1,0,0
PO-00277,Epsilon_Group,Electronics,Delivered,2023-04-05,,1001,64.62,55.7,32.0,true,,8928.9200000000019,0.031968031968031968,1,0,0
PO-00289,Epsilon_Group,Electronics,Delivered,2023-10-30,2023-11-04,1476,68.85,65.28,43.0,true,5,5269.31999999999,0.029132791327913278,1,0,0
PO-00318,Epsilon_Group,Electronics,Delivered,2023-08-17,2023-09-04,1274,24.72,23.36,37.0,true,18,1732.6399999999992,0.029042386185243328,1,0,0
PO-00347,Epsilon_Group,Electronics,Delivered,2023-03-06,2023-03-16,1371,87.16,78.13,43.0,true,10,12380.130000000001,0.031363967906637494,1,0,0
PO-00349,Epsilon_Group,Electronics,Delivered,2023-08-21,2023-08-27,312,63.52,58.09,,true,6,1694.1599999999999,,1,0,0
PO-00353,Epsilon_Group,Electronics,Cancelled,2022-09-25,2022-10-12,673,39.58,35.83,25.0,true,17,2523.75,0.037147102526002972,0,1,0
PO-00374,Epsilon_Group,Electronics,Delivered,2022-08-07,2022-08-21,201,33.81,32.54,3.0,true,14,255.27000000000064,0.014925373134328358,1,0,0
PO-00390,Epsilon_Group,Electronics,Pending,2023-06-26,2023-06-29,1546,78.88,78.0,38.0,true,3,1360.479999999993,0.024579560155239329,0,0,0
PO-00400,Epsilon_Group,Electronics,Delivered,2022-04-20,2022-04-23,1236,51.33,44.03,25.0,true,3,9022.7999999999956,0.020226537216828478,1,0,0
PO-00404,Epsilon_Group,Electronics,Delivered,2022-10-16,2022-11-04,210,22.17,21.32,10.0,true,19,178.50000000000028,0.047619047619047616,1,0,0
PO-00440,Epsilon_Group,Electronics,Delivered,2023-08-20,2023-08-23,333,60.44,58.54,8.0,true,3,632.69999999999948,0.024024024024024024,1,0,0
PO-00443,Epsilon_Group,Electronics,Pending,2023-03-17,2023-04-03,1554,82.92,74.82,44.0,true,17,12587.400000000012,0.028314028314028315,0,0,0
PO-00454,Epsilon_Group,Electronics,Delivered,2022-04-16,2022-04-27,66,58.05,50.76,,true,11,481.13999999999993,,1,0,0
PO-00505,Epsilon_Group,Electronics,Delivered,2022-02-09,2022-02-13,1884,47.08,44.31,54.0,true,4,5218.6799999999921,0.028662420382165606,1,0,0
PO-00536,Epsilon_Group,Electronics,Delivered,2022-05-08,2022-05-10,883,29.15,25.75,14.0,true,2,3002.1999999999989,0.015855039637599093,1,0,0
PO-00540,Epsilon_Group,Electronics,Delivered,2023-11-14,2023-11-26,100,98.4,85.76,3.0,true,12,1264.0,0.03,1,0,0
PO-00543,Epsilon_Group,Electronics,Delivered,2023-02-17,2023-02-23,624,74.39,66.3,18.0,false,6,5048.1600000000017,0.028846153846153848,1,0,0
PO-00610,Epsilon_Group,Electronics,Delivered,2022-01-06,2022-01-14,609,92.39,82.75,29.0,true,8,5870.76,0.047619047619047616,1,0,0
PO-00613,Epsilon_Group,Electronics,Delivered,2022-08-13,2022-08-31,1310,38.05,37.0,45.0,true,18,1375.4999999999964,0.034351145038167941,1,0,0
PO-00645,Epsilon_Group,Electronics,Pending,2023-10-04,2023-10-23,481,90.49,77.17,,true,19,6406.9199999999964,,0,0,0
PO-00720,Epsilon_Group,Electronics,Cancelled,2022-02-21,2022-03-06,666,43.76,41.13,18.0,true,13,1751.579999999997,0.027027027027027029,0,1,0
PO-00750,Epsilon_Group,Electronics,Delivered,2022-05-10,2022-05-16,1263,90.24,86.84,28.0,true,6,4294.1999999999889,0.022169437846397466,1,0,0
PO-00763,Epsilon_Group,Electronics,Delivered,2022-04-28,2022-05-09,1954,99.78,87.47,57.0,true,11,24053.740000000005,0.029170931422722621,1,0,0
PO-00031,Gamma_Co,Electronics,Delivered,2022-10-12,2022-10-26,326,18.1,15.92,,false,14,710.68000000000052,,1,0,0
PO-00043,Gamma_Co,Electronics,Delivered,2023-01-25,2023-02-02,1755,63.87,58.4,85.0,true,8,9599.8499999999985,0.04843304843304843,1,0,0
PO-00093,Gamma_Co,Electronics,Delivered,2023-01-24,2023-02-11,1179,61.74,56.28,,true,18,6437.3400000000011,,1,0,0
PO-00143,Gamma_Co,Electronics,Delivered,2023-01-30,2023-02-09,642,91.9,81.49,26.0,true,10,6683.2200000000066,0.040498442367601244,1,0,0
PO-00146,Gamma_Co,Electronics,Pending,2023-04-25,,468,95.57,91.8,24.0,true,,1764.3599999999981,0.05128205128205128,0,0,0
PO-00153,Gamma_Co,Electronics,Pending,2023-11-30,2023-12-17,90,32.38,29.96,7.0,true,17,217.80000000000015,0.077777777777777779,0,0,0
PO-00166,Gamma_Co,Electronics,Delivered,2022-07-02,2022-07-18,854,90.24,85.53,,true,16,4022.3399999999947,,1,0,0
PO-00189,Gamma_Co,Electronics,Delivered,2022-03-01,2022-03-11,1627,25.76,25.09,74.0,true,10,1090.0900000000029,0.045482483097725873,1,0,0
PO-00230,Gamma_Co,Electronics,Delivered,2022-08-14,2022-08-28,1713,35.43,34.11,74.0,true,14,2261.1600000000003,0.043199065966141273,1,0,0
PO-00231,Gamma_Co,Electronics,Delivered,2022-01-08,2022-01-13,1579,43.96,43.41,74.0,true,5,868.45000000000675,0.046865104496516784,1,0,0
PO-00232,Gamma_Co,Electronics,Delivered,2022-03-14,2022-03-26,1421,11.92,11.72,76.0,true,12,284.19999999999897,0.053483462350457422,1,0,0
PO-00248,Gamma_Co,Electronics,Delivered,2022-05-16,2022-05-25,1484,36.25,31.8,61.0,true,9,6603.7999999999993,0.041105121293800541,1,0,0
PO-00305,Gamma_Co,Electronics,Delivered,2022-09-29,2022-10-15,816,48.95,43.42,45.0,true,16,4512.4800000000014,0.05514705882352941,1,0,0
PO-00320,Gamma_Co,Electronics,Delivered,2022-03-04,2022-03-12,236,28.43,28.11,11.0,true,8,75.520000000000067,0.046610169491525424,1,0,0
PO-00322,Gamma_Co,Electronics,Delivered,2022-02-28,2022-03-04,513,24.91,22.58,29.0,true,4,1195.2900000000009,0.056530214424951264,1,0,0
PO-00325,Gamma_Co,Electronics,Delivered,2023-05-04,,709,61.64,54.55,41.0,true,,5026.8100000000022,0.057827926657263752,1,0,0
PO-00417,Gamma_Co,Electronics,Partially Delivered,2023-10-12,2023-10-14,689,102.53,95.23,38.0,true,2,5029.699999999998,0.055152394775036286,0,0,0
PO-00459,Gamma_Co,Electronics,Delivered,2022-06-08,2022-06-14,1119,27.03,23.82,,true,6,3591.9900000000011,,1,0,0
PO-00473,Gamma_Co,Electronics,Delivered,2022-04-21,2022-04-30,749,71.53,70.02,41.0,true,9,1130.9900000000039,0.054739652870493989,1,0,0
PO-00528,Gamma_Co,Electronics,Delivered,2023-01-08,2023-01-14,449,12.35,10.67,29.0,true,6,754.31999999999982,0.0645879732739421,1,0,0
PO-00530,Gamma_Co,Electronics,Delivered,2022-03-13,2022-03-28,1021,20.8,18.23,37.0,true,15,2623.9700000000003,0.036238981390793339,1,0,0
PO-00545,Gamma_Co,Electronics,Cancelled,2022-10-30,2022-11-16,1198,96.45,90.09,,true,17,7619.28,,0,1,0
PO-00571,Gamma_Co,Electronics,Pending,2023-11-23,2023-12-01,933,70.72,65.47,42.0,true,8,4898.25,0.045016077170418008,0,0,0
PO-00658,Gamma_Co,Electronics,Partially Delivered,2022-05-22,2022-05-31,1173,32.12,29.18,,true,9,3448.6199999999972,,0,0,0
PO-00686,Gamma_Co,Electronics,Delivered,2023-02-04,,1618,32.76,28.41,62.0,true,,7038.2999999999965,0.038318912237330034,1,0,0
PO-00727,Gamma_Co,Electronics,Delivered,2022-12-12,2022-12-30,1148,17.78,17.16,61.0,true,18,711.76000000000113,0.053135888501742161,1,0,0
PO-00749,Gamma_Co,Electronics,Delivered,2022-09-02,2022-09-15,712,92.85,89.39,43.0,true,13,2463.5199999999954,0.060393258426966294,1,0,0
PO-00766,Gamma_Co,Electronics,Cancelled,2022-04-21,2022-05-04,1953,68.07,62.95,87.0,true,13,9999.35999999998,0.0445468509984639,0,1,0
PO-00767,Gamma_Co,Electronics,Delivered,2023-08-16,2023-09-02,778,64.17,61.6,47.0,true,17,1999.4600000000003,0.060411311053984576,1,0,0
PO-00008,Alpha_Inc,MRO,Delivered,2022-04-15,2022-04-29,1094,36.93,32.78,22.0,true,14,4540.0999999999985,0.020109689213893969,1,0,0
PO-00027,Alpha_Inc,MRO,Delivered,2023-03-06,2023-03-26,855,78.2,67.16,17.0,true,20,9439.2000000000062,0.019883040935672516,1,0,0
PO-00035,Alpha_Inc,MRO,Delivered,2023-03-09,2023-03-17,71,46.39,43.18,0.0,true,8,227.91000000000005,0.0,1,0,0
PO-00050,Alpha_Inc,MRO,Pending,2023-04-16,,736,16.2,15.33,18.0,true,,640.31999999999948,0.024456521739130436,0,0,0
PO-00053,Alpha_Inc,MRO,Pending,2023-01-23,2023-02-02,1949,72.53,63.26,48.0,false,10,18067.230000000007,0.024628014366341714,0,0,0
PO-00064,Alpha_Inc,MRO,Delivered,2022-02-16,2022-03-04,216,13.95,12.31,5.0,true,16,354.23999999999972,0.023148148148148147,1,0,0
PO-00070,Alpha_Inc,MRO,Delivered,2022-04-14,2022-04-22,291,98.7,87.02,9.0,true,8,3398.8800000000019,0.030927835051546393,1,0,0
PO-00071,Alpha_Inc,MRO,Cancelled,2023-01-25,2023-02-08,826,60.5,57.18,18.0,true,14,2742.32,0.021791767554479417,0,1,0
PO-00079,Alpha_Inc,MRO,Delivered,2022-08-03,,1528,36.52,33.0,31.0,false,,5378.5600000000049,0.020287958115183247,1,0,0
PO-00116,Alpha_Inc,MRO,Delivered,2023-04-15,2023-05-01,769,91.86,86.55,17.0,true,16,4083.3900000000017,0.022106631989596878,1,0,0
PO-00129,Alpha_Inc,MRO,Delivered,2022-08-13,2022-08-15,1230,33.39,30.85,26.0,true,2,3124.1999999999989,0.02113821138211382,1,0,0
PO-00131,Alpha_Inc,MRO,Delivered,2023-06-06,2023-06-22,1886,23.46,23.18,,true,16,528.0800000000022,,1,0,0
PO-00276,Alpha_Inc,MRO,Delivered,2023-07-04,2023-07-08,1698,102.07,100.69,28.0,true,4,2343.2399999999925,0.016489988221436984,1,0,0
PO-00312,Alpha_Inc,MRO,Delivered,2023-05-14,2023-06-02,1031,102.01,98.65,,true,19,3464.1599999999994,,1,0,0
PO-00341,Alpha_Inc,MRO,Pending,2022-09-10,2022-09-19,921,68.83,59.13,22.0,true,9,8933.6999999999953,0.023887079261672096,0,0,0
PO-00406,Alpha_Inc,MRO,Partially Delivered,2022-08-04,2022-08-15,850,91.38,88.41,24.0,true,11,2524.4999999999991,0.02823529411764706,0,0,0
PO-00410,Alpha_Inc,MRO,Delivered,2023-10-12,2023-10-29,1989,16.5,15.89,57.0,true,17,1213.2899999999988,0.028657616892911009,1,0,0
PO-00426,Alpha_Inc,MRO,Delivered,2022-06-15,,799,56.22,49.51,18.0,true,,5361.2900000000009,0.022528160200250311,1,0,0
PO-00438,Alpha_Inc,MRO,Delivered,2022-02-06,,847,17.77,17.39,,true,,321.85999999999916,,1,0,0
PO-00446,Alpha_Inc,MRO,Pending,2022-11-12,2022-11-18,1902,29.89,25.83,41.0,true,6,7722.1200000000044,0.021556256572029444,0,0,0
PO-00471,Alpha_Inc,MRO,Delivered,2022-06-13,2022-06-19,656,30.73,26.26,17.0,true,6,2932.3199999999993,0.025914634146341462,1,0,0
PO-00519,Alpha_Inc,MRO,Delivered,2022-02-15,2022-02-27,1579,59.04,50.95,29.0,true,12,12774.109999999993,0.018366054464851171,1,0,0
PO-00549,Alpha_Inc,MRO,Delivered,2023-03-07,2023-03-18,1415,15.22,13.56,30.0,true,11,2348.9,0.021201413427561839,1,0,0
PO-00554,Alpha_Inc,MRO,Delivered,2023-09-23,2023-09-25,1856,35.29,32.41,26.0,true,2,5345.2800000000043,0.014008620689655173,1,0,0
PO-00578,Alpha_Inc,MRO,Delivered,2022-10-18,,705,75.19,69.55,19.0,true,,3976.2000000000003,0.026950354609929079,1,0,0
PO-00584,Alpha_Inc,MRO,Delivered,2022-04-06,2022-04-17,1732,35.01,34.18,40.0,true,11,1437.559999999997,0.023094688221709007,1,0,0
PO-00601,Alpha_Inc,MRO,Delivered,2022-07-19,2022-07-30,1714,55.67,55.09,42.0,true,11,994.119999999997,0.024504084014002333,1,0,0
PO-00635,Alpha_Inc,MRO,Delivered,2023-04-02,2023-04-14,1058,71.3,62.04,,true,12,9797.0799999999981,,1,0,0
PO-00692,Alpha_Inc,MRO,Cancelled,2023-05-15,2023-05-21,1908,16.42,15.31,36.0,true,6,2117.8800000000024,0.018867924528301886,0,1,0
PO-00694,Alpha_Inc,MRO,Delivered,2022-10-07,2022-10-20,1490,93.57,81.68,29.0,true,13,17716.09999999998,0.019463087248322148,1,0,0
PO-00708,Alpha_Inc,MRO,Delivered,2022-01-28,2022-02-15,84,18.23,15.55,0.0,true,18,225.11999999999998,0.0,1,0,0
PO-00710,Alpha_Inc,MRO,Delivered,2023-08-30,2023-09-08,898,37.12,35.54,18.0,false,9,1418.8399999999986,0.0200445434298441,1,0,0
PO-00713,Alpha_Inc,MRO,Delivered,2022-01-28,2022-02-07,654,96.01,90.31,10.0,true,10,3727.800000000002,0.015290519877675841,1,0,0
PO-00739,Alpha_Inc,MRO,Delivered,2023-10-28,2023-11-13,969,76.53,75.64,30.0,true,16,862.41000000000054,0.030959752321981424,1,0,0
PO-00757,Alpha_Inc,MRO,Cancelled,2023-12-18,2024-01-05,328,93.23,82.63,6.0,true,18,3476.8000000000029,0.018292682926829267,0,1,0
PO-00014,Beta_Supplies,MRO,Delivered,2022-02-02,,5000,18.3,16.88,,true,,7100.0000000000082,,1,0,0
PO-00025,Beta_Supplies,MRO,Delivered,2023-12-20,2024-01-01,1565,21.3,20.09,161.0,true,12,1893.6500000000012,0.10287539936102237,1,0,0
PO-00082,Beta_Supplies,MRO,Delivered,2023-12-20,2023-12-26,825,56.88,50.84,,true,6,4982.9999999999991,,1,0,0
PO-00100,Beta_Supplies,MRO,Pending,2022-11-29,2022-12-14,1629,100.26,86.44,187.0,false,15,22512.780000000013,0.11479435236341314,0,0,0
PO-00130,Beta_Supplies,MRO,Delivered,2022-05-22,2022-06-03,64,51.56,50.88,5.0,true,12,43.519999999999982,0.078125,1,0,0
PO-00141,Beta_Supplies,MRO,Delivered,2023-09-03,2023-09-07,1212,87.46,74.55,118.0,false,4,15646.919999999996,0.097359735973597358,1,0,0
PO-00197,Beta_Supplies,MRO,Delivered,2022-05-09,2022-05-22,613,52.5,45.19,70.0,true,13,4481.0300000000016,0.11419249592169657,1,0,0
PO-00210,Beta_Supplies,MRO,Delivered,2022-07-25,2022-08-01,574,85.03,82.55,54.0,true,7,1423.5200000000023,0.094076655052264813,1,0,0
PO-00270,Beta_Supplies,MRO,Partially Delivered,2023-02-17,2023-03-04,1583,103.57,89.38,164.0,true,15,22462.769999999997,0.10360075805432722,0,0,0
PO-00342,Beta_Supplies,MRO,Delivered,2023-08-16,2023-08-30,690,22.47,21.94,77.0,true,14,365.69999999999834,0.11159420289855072,1,0,0
PO-00351,Beta_Supplies,MRO,Delivered,2023-06-20,2023-06-23,193,87.86,81.74,21.0,true,3,1181.1600000000008,0.10880829015544041,1,0,0
PO-00367,Beta_Supplies,MRO,Delivered,2022-01-10,2022-01-20,1306,23.49,20.17,116.0,false,10,4335.9199999999955,0.0888208269525268,1,0,0
PO-00427,Beta_Supplies,MRO,Partially Delivered,2023-03-29,2023-04-18,1743,51.04,47.15,160.0,true,20,6780.2700000000013,0.091795754446356861,0,0,0
PO-00455,Beta_Supplies,MRO,Delivered,2022-12-29,2023-01-18,1245,52.4,51.65,118.0,false,20,933.75,0.094779116465863456,1,0,0
PO-00463,Beta_Supplies,MRO,Pending,2023-02-27,2023-03-14,1965,36.6,34.64,195.0,true,15,3851.4000000000015,0.099236641221374045,0,0,0
PO-00465,Beta_Supplies,MRO,Delivered,2022-07-03,2022-07-19,1110,48.19,45.88,112.0,true,16,2564.0999999999945,0.1009009009009009,1,0,0
PO-00478,Beta_Supplies,MRO,Pending,2022-07-24,2022-08-03,1030,70.81,61.58,,false,10,9506.9000000000033,,0,0,0
PO-00497,Beta_Supplies,MRO,Delivered,2023-07-04,2023-07-11,1011,98.47,97.06,91.0,true,7,1425.5099999999966,0.090009891196834821,1,0,0
PO-00552,Beta_Supplies,MRO,Delivered,2023-11-25,2023-12-09,731,19.37,17.3,69.0,false,14,1513.1700000000003,0.094391244870041038,1,0,0
PO-00624,Beta_Supplies,MRO,Delivered,2023-04-21,2023-05-05,1149,33.0,30.65,141.0,true,14,2700.1500000000015,0.12271540469973891,1,0,0
PO-00637,Beta_Supplies,MRO,Delivered,2023-05-02,2023-05-14,1823,70.66,66.92,202.0,true,12,6818.01999999999,0.11080636313768513,1,0,0
PO-00640,Beta_Supplies,MRO,Pending,2022-09-11,2022-09-26,502,91.84,82.33,,true,15,4774.0200000000023,,0,0,0
PO-00696,Beta_Supplies,MRO,Delivered,2023-05-13,2023-05-17,1915,107.51,102.66,184.0,true,4,9287.7500000000164,0.09608355091383812,1,0,0
PO-00707,Beta_Supplies,MRO,Delivered,2023-07-01,2023-07-07,803,67.81,61.53,78.0,true,6,5042.8400000000011,0.097135740971357409,1,0,0
PO-00715,Beta_Supplies,MRO,Delivered,2023-10-21,2023-10-28,1019,91.56,77.93,111.0,false,7,13888.969999999996,0.10893032384690873,1,0,0
PO-00776,Beta_Supplies,MRO,Delivered,2023-08-30,2023-09-11,1306,21.05,18.27,128.0,true,12,3630.6800000000017,0.098009188361408886,1,0,0
PO-00017,Delta_Logistics,MRO,Delivered,2022-08-12,2022-08-31,1173,61.54,55.49,172.0,false,19,7096.6499999999969,0.14663256606990621,1,0,0
PO-00029,Delta_Logistics,MRO,Delivered,2023-04-05,2023-04-22,1265,90.26,79.47,187.0,true,17,13649.350000000008,0.14782608695652175,1,0,0
PO-00045,Delta_Logistics,MRO,Delivered,2023-01-03,2023-01-21,749,97.07,94.16,123.0,true,18,2179.5899999999974,0.16421895861148197,1,0,0
PO-00058,Delta_Logistics,MRO,Delivered,2023-09-26,2023-10-01,1204,39.29,35.44,,true,5,4635.4000000000015,,1,0,0
PO-00062,Delta_Logistics,MRO,Partially Delivered,2023-12-23,2024-01-03,70,12.37,11.04,10.0,true,11,93.100000000000009,0.14285714285714285,0,0,0
PO-00088,Delta_Logistics,MRO,Partially Delivered,2022-06-25,2022-07-10,1461,64.09,63.39,228.0,false,15,1022.7000000000041,0.15605749486652978,0,0,0
PO-00104,Delta_Logistics,MRO,Delivered,2022-11-20,2022-12-10,319,98.64,89.15,57.0,true,20,3027.3099999999986,0.17868338557993729,1,0,0
PO-00106,Delta_Logistics,MRO,Cancelled,2022-10-02,2022-10-22,865,14.7,13.14,135.0,false,20,1349.399999999999,0.15606936416184972,0,1,0
PO-00168,Delta_Logistics,MRO,Delivered,2022-04-19,2022-04-24,733,23.59,22.85,92.0,true,5,542.41999999999882,0.12551159618008187,1,0,0
PO-00187,Delta_Logistics,MRO,Partially Delivered,2022-11-11,,1088,55.29,53.04,161.0,false,,2448.0,0.14797794117647059,0,0,0
PO-00221,Delta_Logistics,MRO,Delivered,2022-09-11,2022-09-19,1062,34.03,30.46,,true,8,3791.34,,1,0,0
PO-00237,Delta_Logistics,MRO,Delivered,2022-03-11,,1458,91.05,81.56,220.0,true,,13836.419999999993,0.15089163237311384,1,0,0
PO-00258,Delta_Logistics,MRO,Cancelled,2023-11-06,2023-11-08,1447,35.67,35.07,224.0,false,2,868.20000000000209,0.15480304077401522,0,1,0
PO-00266,Delta_Logistics,MRO,Delivered,2023-11-01,2023-11-05,1570,52.1,47.87,,false,4,6641.1000000000058,,1,0,0
PO-00267,Delta_Logistics,MRO,Delivered,2023-10-24,2023-11-13,491,108.75,93.35,,false,20,7561.4000000000024,,1,0,0
PO-00323,Delta_Logistics,MRO,Delivered,2022-02-21,2022-03-04,1422,83.73,76.47,198.0,true,11,10323.720000000007,0.13924050632911392,1,0,0
PO-00326,Delta_Logistics,MRO,Delivered,2023-05-30,2023-06-15,813,45.68,41.78,,false,16,3170.6999999999989,,1,0,0
PO-00402,Delta_Logistics,MRO,Delivered,2022-06-09,2022-06-28,1006,101.1,89.04,139.0,true,19,12132.359999999988,0.13817097415506957,1,0,0
PO-00405,Delta_Logistics,MRO,Delivered,2023-09-12,2023-10-02,1653,102.16,91.91,217.0,true,20,16943.25,0.13127646702964307,1,0,0
PO-00445,Delta_Logistics,MRO,Delivered,2022-02-12,2022-02-13,1069,91.28,82.64,,true,1,9236.16,,1,0,0
PO-00462,Delta_Logistics,MRO,Delivered,2022-07-01,,148,44.91,40.1,,false,,711.87999999999931,,1,0,0
PO-00504,Delta_Logistics,MRO,Delivered,2022-09-29,2022-10-19,1466,68.82,66.82,211.0,true,20,2932.0,0.14392905866302866,1,0,0
PO-00526,Delta_Logistics,MRO,Delivered,2023-11-18,2023-12-03,1849,28.25,27.53,271.0,true,15,1331.2799999999979,0.14656571119524067,1,0,0
PO-00533,Delta_Logistics,MRO,Delivered,2023-10-01,2023-10-12,1216,66.16,63.0,179.0,false,11,3842.5599999999959,0.14720394736842105,1,0,0
PO-00558,Delta_Logistics,MRO,Partially Delivered,2023-07-16,2023-07-29,662,81.44,71.33,87.0,true,13,6692.82,0.13141993957703926,0,0,0
PO-00573,Delta_Logistics,MRO,Delivered,2023-06-08,2023-06-14,96,86.13,80.32,12.0,false,6,557.76000000000022,0.125,1,0,0
PO-00579,Delta_Logistics,MRO,Delivered,2023-06-12,2023-06-28,318,53.31,51.78,,false,16,486.54000000000036,,1,0,0
PO-00589,Delta_Logistics,MRO,Delivered,2022-07-23,2022-08-09,1677,22.98,21.71,246.0,true,17,2129.7899999999995,0.14669051878354203,1,0,0
PO-00597,Delta_Logistics,MRO,Delivered,2023-04-12,,1200,74.49,64.63,161.0,true,,11832.0,0.13416666666666666,1,0,0
PO-00617,Delta_Logistics,MRO,Delivered,2023-04-21,2023-05-10,1262,56.63,51.46,,false,19,6524.5400000000018,,1,0,0
PO-00678,Delta_Logistics,MRO,Pending,2023-12-14,2023-12-27,209,72.71,64.34,39.0,true,13,1749.3299999999979,0.18660287081339713,0,0,0
PO-00706,Delta_Logistics,MRO,Cancelled,2023-09-30,2023-10-13,548,69.7,61.87,90.0,true,13,4290.8400000000029,0.16423357664233576,0,1,0
PO-00719,Delta_Logistics,MRO,Pending,2022-07-06,2022-07-25,164,48.16,47.46,27.0,true,19,114.7999999999993,0.16463414634146342,0,0,0
PO-00740,Delta_Logistics,MRO,Delivered,2022-03-12,2022-03-19,241,87.42,82.15,,true,7,1270.069999999999,,1,0,0
PO-00006,Epsilon_Group,MRO,Delivered,2022-08-17,2022-08-29,1145,69.21,63.57,39.0,true,12,6457.7999999999929,0.034061135371179038,1,0,0
PO-00023,Epsilon_Group,MRO,Delivered,2022-07-23,2022-08-08,819,80.89,77.03,29.0,true,16,3161.3399999999997,0.035409035409035408,1,0,0
PO-00030,Epsilon_Group,MRO,Delivered,2023-08-27,,1005,80.55,73.31,30.0,true,,7276.1999999999953,0.029850746268656716,1,0,0
PO-00033,Epsilon_Group,MRO,Delivered,2022-06-13,2022-06-29,509,101.27,97.82,19.0,true,16,1756.0500000000015,0.03732809430255403,1,0,0
PO-00044,Epsilon_Group,MRO,Delivered,2022-04-10,2022-04-17,1549,48.9,42.42,48.0,true,7,10037.519999999995,0.030987734021949646,1,0,0
PO-00059,Epsilon_Group,MRO,Pending,2023-01-06,2023-01-22,1558,93.46,91.27,39.0,true,16,3412.0199999999963,0.025032092426187421,0,0,0
PO-00096,Epsilon_Group,MRO,Partially Delivered,2023-12-06,2023-12-09,1550,79.86,69.57,32.0,false,3,15949.500000000009,0.020645161290322581,0,0,0
PO-00119,Epsilon_Group,MRO,Delivered,2022-05-23,2022-05-27,928,35.3,32.52,26.0,true,4,2579.8399999999947,0.028017241379310345,1,0,0
PO-00135,Epsilon_Group,MRO,Delivered,2022-04-23,2022-05-09,570,71.51,66.47,,true,16,2872.8000000000034,,1,0,0
PO-00139,Epsilon_Group,MRO,Delivered,2023-11-28,2023-12-01,1545,78.19,76.91,42.0,true,3,1977.6000000000017,0.027184466019417475,1,0,0
PO-00142,Epsilon_Group,MRO,Delivered,2022-03-07,2022-03-12,1572,57.38,49.32,40.0,true,5,12670.320000000003,0.025445292620865138,1,0,0
PO-00185,Epsilon_Group,MRO,Delivered,2022-04-25,,442,41.73,36.45,15.0,true,,2333.7599999999975,0.033936651583710405,1,0,0
PO-00207,Epsilon_Group,MRO,Delivered,2022-08-05,,1244,96.13,84.78,43.0,true,,14119.399999999992,0.034565916398713828,1,0,0
PO-00223,Epsilon_Group,MRO,Delivered,2022-03-07,2022-03-14,845,91.47,86.97,,true,7,3802.5,,1,0,0
PO-00233,Epsilon_Group,MRO,Delivered,2023-12-26,2024-01-04,1546,43.47,37.37,53.0,true,9,9430.6000000000022,0.03428201811125485,1,0,0
PO-00272,Epsilon_Group,MRO,Delivered,2022-04-22,2022-04-26,1459,84.79,82.72,47.0,true,4,3020.1300000000106,0.032213845099383139,1,0,0
PO-00275,Epsilon_Group,MRO,Pending,2022-07-14,2022-07-23,1686,72.28,65.21,53.0,true,9,11920.020000000013,0.031435349940688022,0,0,0
PO-00294,Epsilon_Group,MRO,Delivered,2022-06-20,2022-06-28,779,41.3,36.28,20.0,true,8,3910.5799999999967,0.025673940949935817,1,0,0
PO-00299,Epsilon_Group,MRO,Delivered,2023-02-15,2023-02-27,885,88.28,80.8,31.0,true,12,6619.8000000000038,0.035028248587570622,1,0,0
PO-00309,Epsilon_Group,MRO,Delivered,2023-12-15,2023-12-18,933,107.99,104.29,29.0,true,3,3452.0999999999894,0.031082529474812434,1,0,0
PO-00434,Epsilon_Group,MRO,Partially Delivered,2022-03-19,2022-04-01,1356,26.28,25.44,47.0,true,13,1139.0399999999997,0.03466076696165192,0,0,0
PO-00442,Epsilon_Group,MRO,Partially Delivered,2022-06-01,2022-06-12,1009,16.44,16.18,,true,11,262.34000000000157,,0,0,0
PO-00477,Epsilon_Group,MRO,Delivered,2022-08-16,2022-09-02,302,26.98,26.47,9.0,true,17,154.02000000000046,0.029801324503311258,1,0,0
PO-00486,Epsilon_Group,MRO,Delivered,2022-07-17,2022-07-25,1808,72.23,67.86,53.0,true,8,7900.9600000000082,0.0293141592920354,1,0,0
PO-00513,Epsilon_Group,MRO,Delivered,2023-06-08,2023-06-11,1940,58.45,50.29,54.0,true,3,15830.400000000007,0.027835051546391754,1,0,0
PO-00516,Epsilon_Group,MRO,Delivered,2023-08-14,2023-08-31,457,52.85,50.34,16.0,true,17,1147.069999999999,0.0350109409190372,1,0,0
PO-00547,Epsilon_Group,MRO,Pending,2022-05-11,2022-05-14,363,45.37,38.73,,true,3,2410.32,,0,0,0
PO-00553,Epsilon_Group,MRO,Delivered,2022-06-28,2022-07-13,887,65.89,59.67,29.0,true,15,5517.1399999999994,0.03269447576099211,1,0,0
PO-00564,Epsilon_Group,MRO,Delivered,2023-08-17,2023-08-29,1693,83.14,73.3,62.0,true,12,16659.120000000006,0.03662138216184288,1,0,0
PO-00574,Epsilon_Group,MRO,Delivered,2023-04-30,2023-05-13,916,21.06,19.53,25.0,true,13,1401.4799999999977,0.027292576419213975,1,0,0
PO-00608,Epsilon_Group,MRO,Delivered,2023-11-03,2023-11-20,1711,29.14,26.35,48.0,true,17,4773.6899999999987,0.028053769725306838,1,0,0
PO-00634,Epsilon_Group,MRO,Delivered,2023-07-16,2023-07-27,1120,42.17,37.47,33.0,true,11,5264.0000000000036,0.029464285714285714,1,0,0
PO-00651,Epsilon_Group,MRO,Delivered,2022-10-20,,1807,69.47,60.0,50.0,true,,17112.289999999997,0.027670171555063641,1,0,0
PO-00660,Epsilon_Group,MRO,Cancelled,2022-08-25,2022-09-07,1253,43.38,38.01,34.0,true,13,6728.610000000006,0.027134876296887472,0,1,0
PO-00683,Epsilon_Group,MRO,Pending,2022-01-07,2022-01-26,739,68.47,66.09,19.0,true,19,1758.8199999999965,0.02571041948579161,0,0,0
PO-00722,Epsilon_Group,MRO,Delivered,2023-01-24,2023-01-29,1269,79.61,71.86,47.0,true,5,9834.75,0.037037037037037035,1,0,0
PO-00723,Epsilon_Group,MRO,Delivered,2022-12-02,2022-12-12,875,57.63,51.8,16.0,true,10,5101.2500000000045,0.018285714285714287,1,0,0
PO-00730,Epsilon_Group,MRO,Delivered,2023-03-08,2023-03-27,1493,56.98,52.51,43.0,true,19,6673.7099999999982,0.028801071667782986,1,0,0
PO-00753,Epsilon_Group,MRO,Delivered,2022-04-28,,1853,21.92,20.72,,true,,2223.6000000000054,,1,0,0
PO-00003,Gamma_Co,MRO,Delivered,2022-01-26,2022-02-15,910,95.51,92.26,41.0,true,20,2957.5,0.045054945054945054,1,0,0
PO-00007,Gamma_Co,MRO,Delivered,2022-05-23,2022-06-03,1774,51.37,47.82,96.0,false,11,6297.6999999999953,0.054114994363021418,1,0,0
PO-00080,Gamma_Co,MRO,Delivered,2023-11-18,2023-11-25,1501,106.05,100.99,77.0,false,7,7595.0600000000031,0.051299133910726186,1,0,0
PO-00085,Gamma_Co,MRO,Delivered,2022-03-15,2022-03-31,1154,27.2,26.07,58.0,true,16,1304.0199999999988,0.050259965337954939,1,0,0
PO-00140,Gamma_Co,MRO,Partially Delivered,2023-03-09,2023-03-13,1136,60.81,58.25,62.0,true,4,2908.1600000000026,0.054577464788732391,0,0,0
PO-00177,Gamma_Co,MRO,Delivered,2022-06-15,2022-06-28,1842,32.4,28.08,96.0,true,13,7957.4400000000005,0.052117263843648211,1,0,0
PO-00191,Gamma_Co,MRO,Delivered,2023-08-04,2023-08-06,1534,14.98,12.79,,true,2,3359.4600000000019,,1,0,0
PO-00224,Gamma_Co,MRO,Delivered,2022-12-13,2022-12-18,1101,59.13,52.51,54.0,true,5,7288.6200000000053,0.049046321525885561,1,0,0
PO-00238,Gamma_Co,MRO,Delivered,2022-02-02,2022-02-13,1450,63.74,59.11,71.0,true,11,6713.5000000000036,0.048965517241379312,1,0,0
PO-00307,Gamma_Co,MRO,Delivered,2022-10-20,2022-11-05,329,97.87,85.35,21.0,false,16,4119.0800000000036,0.063829787234042548,1,0,0
PO-00331,Gamma_Co,MRO,Pending,2022-03-24,2022-04-11,196,44.36,43.81,6.0,true,18,107.79999999999944,0.030612244897959183,0,0,0
PO-00395,Gamma_Co,MRO,Delivered,2023-11-11,2023-11-18,1969,71.71,61.96,,true,7,19197.749999999985,,1,0,0
PO-00399,Gamma_Co,MRO,Pending,2022-04-29,2022-05-05,871,94.7,92.66,46.0,true,6,1776.8400000000054,0.052812858783008038,0,0,0
PO-00418,Gamma_Co,MRO,Delivered,2023-03-10,2023-03-29,1106,44.05,38.6,51.0,true,19,6027.6999999999953,0.0461121157323689,1,0,0
PO-00422,Gamma_Co,MRO,Pending,2022-12-08,2022-12-19,1956,31.88,28.48,86.0,true,11,6650.3999999999969,0.04396728016359918,0,0,0
PO-00424,Gamma_Co,MRO,Partially Delivered,2023-10-15,2023-10-21,1448,25.06,21.62,84.0,true,6,4981.1199999999972,0.058011049723756904,0,0,0
PO-00439,Gamma_Co,MRO,Delivered,2023-01-14,2023-01-27,1682,105.7,101.3,94.0,true,13,7400.8000000000093,0.0558858501783591,1,0,0
PO-00472,Gamma_Co,MRO,Delivered,2023-12-20,2024-01-09,1172,34.34,32.09,69.0,true,20,2637.0,0.058873720136518773,1,0,0
PO-00490,Gamma_Co,MRO,Delivered,2022-03-13,2022-03-24,1945,11.28,9.98,94.0,true,11,2528.4999999999977,0.048329048843187658,1,0,0
PO-00494,Gamma_Co,MRO,Pending,2023-06-06,2023-06-22,1361,28.57,24.29,65.0,true,16,5825.0800000000017,0.047759000734753858,0,0,0
PO-00502,Gamma_Co,MRO,Delivered,2022-07-02,2022-07-06,834,65.02,56.19,,true,4,7364.2199999999984,,1,0,0
PO-00551,Gamma_Co,MRO,Delivered,2023-01-24,2023-02-03,1765,81.01,78.43,78.0,true,10,4553.6999999999971,0.044192634560906517,1,0,0
PO-00562,Gamma_Co,MRO,Delivered,2022-08-04,2022-08-19,1645,72.17,64.0,79.0,true,15,13439.650000000003,0.048024316109422489,1,0,0
PO-00581,Gamma_Co,MRO,Delivered,2023-10-11,2023-10-26,685,92.51,90.05,38.0,true,15,1685.1000000000054,0.055474452554744529,1,0,0
PO-00586,Gamma_Co,MRO,Cancelled,2023-11-20,2023-11-30,169,47.16,43.4,,true,10,635.43999999999971,,0,1,0
PO-00588,Gamma_Co,MRO,Delivered,2022-08-19,2022-08-25,1860,95.8,92.17,105.0,false,6,6751.799999999992,0.056451612903225805,1,0,0
PO-00593,Gamma_Co,MRO,Pending,2022-09-08,2022-09-27,1547,61.12,53.43,77.0,true,19,11896.429999999997,0.049773755656108594,0,0,0
PO-00612,Gamma_Co,MRO,Delivered,2023-03-12,2023-03-15,537,77.86,71.18,20.0,true,3,3587.1599999999962,0.037243947858473,1,0,0
PO-00693,Gamma_Co,MRO,Partially Delivered,2022-08-13,2022-09-02,1650,100.62,90.45,85.0,true,20,16780.500000000004,0.051515151515151514,0,0,0
PO-00714,Gamma_Co,MRO,Delivered,2022-03-27,2022-04-06,1995,88.47,82.65,87.0,false,10,11610.899999999987,0.043609022556390979,1,0,0
PO-00001,Alpha_Inc,Office Supplies,Cancelled,2023-10-17,2023-10-25,1176,20.13,17.81,,true,8,2728.32,,0,1,0
PO-00032,Alpha_Inc,Office Supplies,Delivered,2022-01-07,2022-01-15,1234,17.64,15.66,26.0,true,8,2443.3200000000006,0.021069692058346839,1,0,0
PO-00076,Alpha_Inc,Office Supplies,Partially Delivered,2022-06-16,,141,64.15,58.32,,true,,822.03000000000077,,0,0,0
PO-00077,Alpha_Inc,Office Supplies,Delivered,2023-01-15,2023-02-04,1440,96.57,83.87,36.0,true,20,18287.999999999985,0.025,1,0,0
PO-00101,Alpha_Inc,Office Supplies,Delivered,2022-02-27,2022-02-22,211,75.69,65.4,2.0,true,-5,2171.1899999999982,0.0094786729857819912,1,0,0
PO-00102,Alpha_Inc,Office Supplies,Delivered,2022-08-23,,251,67.49,64.48,2.0,true,,755.50999999999772,0.00796812749003984,1,0,0
PO-00126,Alpha_Inc,Office Supplies,Cancelled,2023-08-21,2023-09-03,429,86.73,75.09,9.0,true,13,4993.56,0.02097902097902098,0,1,0
PO-00162,Alpha_Inc,Office Supplies,Delivered,2023-04-10,2023-04-21,552,60.48,56.78,10.0,true,11,2042.3999999999976,0.018115942028985508,1,0,0
PO-00198,Alpha_Inc,Office Supplies,Delivered,2022-05-12,2022-05-20,1070,29.14,26.63,24.0,true,8,2685.7000000000016,0.022429906542056073,1,0,0
PO-00204,Alpha_Inc,Office Supplies,Delivered,2023-06-25,,280,72.16,62.38,100.0,true,,2738.3999999999983,0.35714285714285715,1,0,0
PO-00216,Alpha_Inc,Office Supplies,Delivered,2023-01-18,2023-01-31,1869,69.58,67.5,31.0,true,13,3887.5199999999968,0.016586409844836811,1,0,0
PO-00236,Alpha_Inc,Office Supplies,Delivered,2022-08-23,,1298,21.51,20.83,,true,,882.64000000000419,,1,0,0
PO-00278,Alpha_Inc,Office Supplies,Delivered,2022-05-24,2022-05-27,1154,62.67,54.11,25.0,true,3,9878.2400000000034,0.021663778162911613,1,0,0
PO-00280,Alpha_Inc,Office Supplies,Delivered,2022-07-07,,162,81.63,78.76,2.0,true,,464.93999999999846,0.012345679012345678,1,0,0
PO-00297,Alpha_Inc,Office Supplies,Partially Delivered,2023-05-08,2023-05-22,1489,107.02,93.3,,true,14,20429.079999999998,,0,0,0
PO-00298,Alpha_Inc,Office Supplies,Delivered,2022-08-07,2022-08-10,296,40.38,35.25,,true,3,1518.4800000000007,,1,0,0
PO-00324,Alpha_Inc,Office Supplies,Delivered,2023-08-22,2023-09-03,1844,76.51,73.05,,true,12,6380.2400000000143,,1,0,0
PO-00332,Alpha_Inc,Office Supplies,Delivered,2022-07-10,2022-07-14,1221,53.19,46.18,29.0,true,4,8559.2099999999973,0.02375102375102375,1,0,0
PO-00343,Alpha_Inc,Office Supplies,Cancelled,2023-09-01,2023-09-21,1852,104.04,94.89,36.0,true,20,16945.80000000001,0.019438444924406047,0,1,0
PO-00348,Alpha_Inc,Office Supplies,Delivered,2023-11-05,,1684,73.05,62.53,,true,,17715.679999999993,,1,0,0
PO-00357,Alpha_Inc,Office Supplies,Delivered,2022-09-02,2022-09-21,51,63.74,56.1,0.0,true,19,389.64000000000004,0.0,1,0,0
PO-00380,Alpha_Inc,Office Supplies,Pending,2022-09-08,,636,53.64,49.23,18.0,true,,2804.7600000000025,0.028301886792452831,0,0,0
PO-00387,Alpha_Inc,Office Supplies,Delivered,2022-11-06,2022-11-18,1300,92.92,90.63,,true,12,2977.0000000000082,,1,0,0
PO-00394,Alpha_Inc,Office Supplies,Delivered,2022-11-03,2022-11-07,963,64.96,64.07,20.0,true,4,857.0700000000005,0.020768431983385256,1,0,0
PO-00411,Alpha_Inc,Office Supplies,Delivered,2022-09-28,2022-10-13,1577,41.77,39.58,32.0,true,15,3453.6300000000078,0.020291693088142042,1,0,0
PO-00419,Alpha_Inc,Office Supplies,Delivered,2022-10-11,2022-10-22,737,43.08,42.58,21.0,true,11,368.5,0.028493894165535955,1,0,0
PO-00450,Alpha_Inc,Office Supplies,Delivered,2022-08-04,2022-08-14,596,62.96,61.88,9.0,true,10,643.67999999999893,0.015100671140939598,1,0,0
PO-00464,Alpha_Inc,Office Supplies,Pending,2022-01-26,2022-02-03,1818,67.96,58.98,,true,8,16325.639999999994,,0,0,0
PO-00524,Alpha_Inc,Office Supplies,Delivered,2023-07-06,2023-07-18,69,107.47,105.53,,true,12,133.85999999999984,,1,0,0
PO-00548,Alpha_Inc,Office Supplies,Delivered,2022-07-16,2022-07-22,619,58.4,51.04,,true,6,4555.8399999999992,,1,0,0
PO-00561,Alpha_Inc,Office Supplies,Delivered,2022-10-21,2022-11-10,1126,55.22,50.38,,true,20,5449.8399999999956,,1,0,0
PO-00580,Alpha_Inc,Office Supplies,Pending,2023-11-11,2023-11-16,419,35.72,32.74,7.0,true,5,1248.6199999999988,0.016706443914081145,0,0,0
PO-00599,Alpha_Inc,Office Supplies,Delivered,2023-10-07,2023-10-21,1981,95.5,94.39,49.0,true,14,2198.9099999999989,0.024734982332155476,1,0,0
PO-00602,Alpha_Inc,Office Supplies,Delivered,2023-12-15,2023-12-30,1131,33.35,31.28,23.0,true,15,2341.1700000000005,0.020335985853227233,1,0,0
PO-00603,Alpha_Inc,Office Supplies,Delivered,2023-01-29,2023-02-15,683,104.82,101.34,,true,17,2376.8399999999929,,1,0,0
PO-00629,Alpha_Inc,Office Supplies,Delivered,2022-11-21,2022-11-24,1159,78.99,71.69,14.0,true,3,8460.6999999999971,0.012079378774805867,1,0,0
PO-00652,Alpha_Inc,Office Supplies,Pending,2022-08-29,2022-09-06,406,91.73,89.13,,true,8,1055.6000000000035,,0,0,0
PO-00731,Alpha_Inc,Office Supplies,Delivered,2022-09-16,2022-09-18,778,65.85,62.08,,false,2,2933.0599999999968,,1,0,0
PO-00774,Alpha_Inc,Office Supplies,Delivered,2022-07-23,,445,68.94,60.35,7.0,true,,3822.5499999999984,0.015730337078651686,1,0,0
PO-00024,Beta_Supplies,Office Supplies,Partially Delivered,2023-10-28,2023-11-03,393,72.53,66.31,42.0,false,6,2444.4599999999996,0.10687022900763359,0,0,0
PO-00038,Beta_Supplies,Office Supplies,Pending,2022-06-09,2022-06-27,906,101.21,90.9,94.0,true,18,9340.85999999999,0.10375275938189846,0,0,0
PO-00042,Beta_Supplies,Office Supplies,Delivered,2022-04-05,2022-04-14,560,81.14,77.87,34.0,false,9,1831.1999999999978,0.060714285714285714,1,0,0
PO-00068,Beta_Supplies,Office Supplies,Delivered,2022-03-23,2022-04-11,365,16.81,15.41,38.0,true,19,510.99999999999949,0.10410958904109589,1,0,0
PO-00099,Beta_Supplies,Office Supplies,Delivered,2023-12-03,,779,93.69,90.92,66.0,true,,2157.8299999999967,0.084724005134788186,1,0,0
PO-00110,Beta_Supplies,Office Supplies,Delivered,2022-11-19,,1800,103.8,96.27,166.0,true,,13554.000000000002,0.092222222222222219,1,0,0
PO-00134,Beta_Supplies,Office Supplies,Pending,2022-02-18,2022-02-28,1912,30.73,29.82,191.0,true,10,1739.9200000000003,0.099895397489539753,0,0,0
PO-00138,Beta_Supplies,Office Supplies,Delivered,2022-06-13,2022-06-14,697,20.73,19.83,78.0,false,1,627.30000000000143,0.11190817790530846,1,0,0
PO-00151,Beta_Supplies,Office Supplies,Delivered,2023-11-28,2023-12-07,280,73.07,69.29,30.0,true,9,1058.3999999999965,0.10714285714285714,1,0,0
PO-00172,Beta_Supplies,Office Supplies,Delivered,2023-06-04,2023-06-19,1010,55.68,50.86,,true,15,4868.2000000000007,,1,0,0
PO-00175,Beta_Supplies,Office Supplies,Pending,2022-06-06,2022-06-11,1535,40.58,38.71,165.0,true,5,2870.4499999999962,0.10749185667752444,0,0,0
PO-00178,Beta_Supplies,Office Supplies,Cancelled,2023-07-07,2023-07-18,1078,18.34,17.41,102.0,true,11,1002.5399999999997,0.094619666048237475,0,1,0
PO-00188,Beta_Supplies,Office Supplies,Delivered,2022-09-03,2022-09-07,1931,72.88,64.69,187.0,true,4,15814.889999999996,0.096841015018125323,1,0,0
PO-00205,Beta_Supplies,Office Supplies,Cancelled,2023-09-14,2023-09-20,798,19.09,17.76,100.0,true,6,1061.3399999999986,0.12531328320802004,0,1,0
PO-00208,Beta_Supplies,Office Supplies,Delivered,2023-07-07,2023-07-21,590,16.89,15.56,46.0,false,14,784.7,0.07796610169491526,1,0,0
PO-00214,Beta_Supplies,Office Supplies,Delivered,2023-11-19,2023-11-29,1316,48.11,41.9,135.0,true,10,8172.3600000000015,0.10258358662613981,1,0,0
PO-00215,Beta_Supplies,Office Supplies,Delivered,2023-10-28,,1159,59.24,58.08,,true,,1344.4400000000044,,1,0,0
PO-00220,Beta_Supplies,Office Supplies,Delivered,2022-05-04,2022-05-14,1647,13.57,12.33,157.0,true,10,2042.2800000000004,0.09532483302975106,1,0,0
PO-00222,Beta_Supplies,Office Supplies,Delivered,2022-08-19,2022-08-31,695,76.8,69.76,,false,12,4892.7999999999947,,1,0,0
PO-00260,Beta_Supplies,Office Supplies,Delivered,2022-12-29,2023-01-14,1681,28.26,26.62,143.0,true,16,2756.8400000000011,0.085068411659726353,1,0,0
PO-00283,Beta_Supplies,Office Supplies,Delivered,2022-09-13,2022-09-20,269,50.22,45.75,32.0,false,7,1202.4299999999996,0.11895910780669144,1,0,0
PO-00286,Beta_Supplies,Office Supplies,Delivered,2023-07-18,2023-07-26,1809,22.17,19.65,,true,8,4558.6800000000057,,1,0,0
PO-00315,Beta_Supplies,Office Supplies,Delivered,2022-10-31,2022-11-15,801,80.15,70.91,,true,15,7401.2400000000071,,1,0,0
PO-00365,Beta_Supplies,Office Supplies,Delivered,2022-11-20,2022-11-24,1064,48.04,43.6,94.0,true,4,4724.159999999998,0.08834586466165413,1,0,0
PO-00409,Beta_Supplies,Office Supplies,Delivered,2023-12-05,2023-12-24,865,51.19,47.76,83.0,true,19,2966.95,0.09595375722543352,1,0,0
PO-00458,Beta_Supplies,Office Supplies,Delivered,2023-09-28,2023-10-18,526,26.37,25.32,47.0,true,20,552.30000000000041,0.089353612167300381,1,0,0
PO-00481,Beta_Supplies,Office Supplies,Delivered,2022-11-09,2022-11-23,1329,33.48,33.06,146.0,true,14,558.17999999999279,0.10985703536493605,1,0,0
PO-00514,Beta_Supplies,Office Supplies,Cancelled,2022-04-29,2022-05-11,1891,91.87,80.28,158.0,true,12,21916.690000000006,0.083553675304071914,0,1,0
PO-00517,Beta_Supplies,Office Supplies,Cancelled,2022-07-14,2022-07-27,574,12.38,11.47,,false,13,522.34,,0,1,0
PO-00529,Beta_Supplies,Office Supplies,Delivered,2023-03-18,2023-03-21,703,98.75,86.78,59.0,true,3,8414.91,0.08392603129445235,1,0,0
PO-00531,Beta_Supplies,Office Supplies,Delivered,2023-11-12,2023-11-19,1956,68.69,65.09,,true,7,7041.5999999999885,,1,0,0
PO-00585,Beta_Supplies,Office Supplies,Delivered,2022-08-29,2022-09-01,706,65.33,62.06,60.0,false,3,2308.6199999999972,0.084985835694050993,1,0,0
PO-00607,Beta_Supplies,Office Supplies,Delivered,2022-06-01,2022-06-03,1169,95.6,82.16,103.0,true,2,15711.359999999997,0.088109495295124032,1,0,0
PO-00611,Beta_Supplies,Office Supplies,Delivered,2022-04-20,2022-05-07,1674,13.25,11.77,181.0,true,17,2477.5200000000009,0.10812425328554361,1,0,0
PO-00618,Beta_Supplies,Office Supplies,Pending,2022-02-21,2022-03-13,753,88.02,79.92,75.0,true,20,6099.2999999999956,0.099601593625498,0,0,0
PO-00657,Beta_Supplies,Office Supplies,Pending,2022-03-24,2022-04-07,1910,77.15,68.49,170.0,true,14,16540.60000000002,0.089005235602094238,0,0,0
PO-00668,Beta_Supplies,Office Supplies,Delivered,2023-02-22,2023-03-05,1065,47.49,41.42,113.0,true,11,6464.55,0.10610328638497653,1,0,0
PO-00711,Beta_Supplies,Office Supplies,Cancelled,2023-08-01,2023-08-08,139,23.71,20.18,14.0,true,7,490.67000000000019,0.10071942446043165,0,1,0
PO-00718,Beta_Supplies,Office Supplies,Delivered,2023-04-18,2023-04-27,467,19.17,17.11,49.0,true,9,962.02000000000112,0.10492505353319058,1,0,0
PO-00755,Beta_Supplies,Office Supplies,Pending,2022-08-12,2022-09-01,1768,79.61,74.97,207.0,false,20,8203.52,0.11708144796380091,0,0,0
PO-00777,Beta_Supplies,Office Supplies,Delivered,2023-12-09,2023-12-11,1988,105.2,93.23,187.0,true,2,23796.359999999997,0.09406438631790745,1,0,0
PO-00002,Delta_Logistics,Office Supplies,Delivered,2022-04-25,2022-05-05,1509,39.32,37.34,235.0,true,10,2987.8199999999952,0.15573227302849568,1,0,0
PO-00049,Delta_Logistics,Office Supplies,Pending,2022-02-14,2022-03-05,1007,52.44,46.06,167.0,true,19,6424.6599999999953,0.16583912611717974,0,0,0
PO-00052,Delta_Logistics,Office Supplies,Delivered,2022-05-08,,612,20.99,19.75,102.0,true,,758.87999999999909,0.16666666666666666,1,0,0
PO-00054,Delta_Logistics,Office Supplies,Cancelled,2022-03-22,2022-03-28,1640,77.92,76.41,262.0,false,6,2476.4000000000083,0.15975609756097561,0,1,0
PO-00086,Delta_Logistics,Office Supplies,Delivered,2023-09-16,2023-09-24,1635,56.91,54.37,262.0,false,8,4152.8999999999987,0.1602446483180428,1,0,0
PO-00132,Delta_Logistics,Office Supplies,Delivered,2023-05-21,2023-05-23,114,103.53,101.54,14.0,true,2,226.85999999999942,0.12280701754385964,1,0,0
PO-00161,Delta_Logistics,Office Supplies,Pending,2022-06-11,2022-06-24,1121,42.38,38.34,152.0,true,13,4528.8399999999992,0.13559322033898305,0,0,0
PO-00174,Delta_Logistics,Office Supplies,Delivered,2022-07-23,2022-07-28,662,55.97,50.0,100.0,true,5,3952.1399999999994,0.15105740181268881,1,0,0
PO-00226,Delta_Logistics,Office Supplies,Cancelled,2023-08-26,2023-09-10,1629,21.51,19.41,250.0,false,15,3420.9000000000024,0.1534683855125844,0,1,0
PO-00242,Delta_Logistics,Office Supplies,Delivered,2022-09-01,2022-09-14,1022,18.54,16.55,150.0,true,13,2033.7799999999984,0.14677103718199608,1,0,0
PO-00252,Delta_Logistics,Office Supplies,Partially Delivered,2022-09-06,2022-09-24,1298,43.73,37.21,,false,18,8462.9599999999955,,0,0,0
PO-00273,Delta_Logistics,Office Supplies,Delivered,2022-09-12,,1460,34.54,31.87,208.0,false,,3898.1999999999971,0.14246575342465753,1,0,0
PO-00282,Delta_Logistics,Office Supplies,Delivered,2023-04-19,2023-04-24,691,42.07,39.1,106.0,true,5,2052.2699999999991,0.15340086830680175,1,0,0
PO-00295,Delta_Logistics,Office Supplies,Delivered,2023-02-21,2023-02-22,1745,23.53,22.57,282.0,false,1,1675.2000000000014,0.16160458452722062,1,0,0
PO-00301,Delta_Logistics,Office Supplies,Delivered,2022-06-18,2022-06-26,252,73.12,67.64,,false,8,1380.9600000000009,,1,0,0
PO-00327,Delta_Logistics,Office Supplies,Delivered,2023-06-28,2023-07-01,1004,96.51,92.9,146.0,false,3,3624.4399999999996,0.1454183266932271,1,0,0
PO-00337,Delta_Logistics,Office Supplies,Pending,2022-08-29,2022-09-15,978,94.15,87.7,149.0,false,17,6308.1000000000031,0.15235173824130879,0,0,0
PO-00354,Delta_Logistics,Office Supplies,Cancelled,2022-07-29,2022-08-12,1066,33.33,28.47,162.0,false,14,5180.7599999999993,0.15196998123827393,0,1,0
PO-00375,Delta_Logistics,Office Supplies,Delivered,2023-06-03,2023-06-16,103,44.61,42.88,10.0,true,13,178.18999999999969,0.0970873786407767,1,0,0
PO-00392,Delta_Logistics,Office Supplies,Delivered,2023-11-15,2023-11-23,202,81.75,78.26,37.0,false,8,704.979999999999,0.18316831683168316,1,0,0
PO-00416,Delta_Logistics,Office Supplies,Delivered,2022-04-05,2022-04-24,450,59.24,55.03,68.0,false,19,1894.5000000000005,0.15111111111111111,1,0,0
PO-00431,Delta_Logistics,Office Supplies,Partially Delivered,2023-07-29,2023-07-31,612,72.93,63.32,99.0,true,2,5881.3200000000043,0.16176470588235295,0,0,0
PO-00479,Delta_Logistics,Office Supplies,Delivered,2023-04-17,2023-04-23,977,33.79,32.25,137.0,true,6,1504.5799999999992,0.14022517911975435,1,0,0
PO-00489,Delta_Logistics,Office Supplies,Delivered,2022-10-13,2022-10-17,1396,94.75,84.06,210.0,true,4,14923.239999999996,0.1504297994269341,1,0,0
PO-00501,Delta_Logistics,Office Supplies,Delivered,2022-09-25,2022-10-05,1459,45.94,42.56,212.0,false,10,4931.4199999999937,0.14530500342700481,1,0,0
PO-00532,Delta_Logistics,Office Supplies,Partially Delivered,2022-12-05,2022-12-12,520,36.57,34.78,67.0,false,7,930.7999999999995,0.12884615384615383,0,0,0
PO-00582,Delta_Logistics,Office Supplies,Partially Delivered,2023-09-27,2023-10-12,1179,90.14,82.63,194.0,true,15,8854.2900000000063,0.1645462256149279,0,0,0
PO-00594,Delta_Logistics,Office Supplies,Cancelled,2023-05-02,2023-05-20,166,95.65,94.48,23.0,true,18,194.22000000000028,0.13855421686746988,0,1,0
PO-00596,Delta_Logistics,Office Supplies,Partially Delivered,2022-03-16,2022-03-29,840,83.42,80.35,153.0,true,13,2578.8000000000061,0.18214285714285713,0,0,0
PO-00615,Delta_Logistics,Office Supplies,Delivered,2023-12-14,2023-12-17,946,108.6,101.78,146.0,true,3,6451.7199999999939,0.15433403805496829,1,0,0
PO-00620,Delta_Logistics,Office Supplies,Delivered,2022-09-13,2022-10-02,630,40.27,37.54,76.0,true,19,1719.9000000000026,0.12063492063492064,1,0,0
PO-00621,Delta_Logistics,Office Supplies,Delivered,2022-05-05,2022-05-06,839,86.29,82.51,110.0,true,1,3171.420000000001,0.13110846245530394,1,0,0
PO-00627,Delta_Logistics,Office Supplies,Delivered,2023-07-27,2023-08-06,1508,79.21,73.27,226.0,true,10,8957.5199999999968,0.14986737400530503,1,0,0
PO-00648,Delta_Logistics,Office Supplies,Delivered,2023-03-27,,1685,84.58,75.21,253.0,false,,15788.450000000008,0.15014836795252226,1,0,0
PO-00685,Delta_Logistics,Office Supplies,Cancelled,2022-11-02,2022-11-06,429,58.95,55.35,59.0,false,4,1544.4000000000005,0.13752913752913754,0,1,0
PO-00690,Delta_Logistics,Office Supplies,Cancelled,2023-09-10,2023-09-29,1686,88.18,77.15,,true,19,18596.58,,0,1,0
PO-00744,Delta_Logistics,Office Supplies,Delivered,2022-09-11,2022-09-30,1621,75.68,73.78,226.0,false,19,3079.9000000000092,0.13942011104256632,1,0,0
PO-00036,Epsilon_Group,Office Supplies,Delivered,2022-12-15,2022-12-23,302,87.73,81.52,9.0,true,8,1875.4200000000023,0.029801324503311258,1,0,0
PO-00037,Epsilon_Group,Office Supplies,Pending,2022-10-12,2022-10-31,797,99.54,91.37,18.0,true,19,6511.4900000000016,0.02258469259723965,0,0,0
PO-00039,Epsilon_Group,Office Supplies,Delivered,2022-08-09,2022-08-23,1634,80.53,76.15,50.0,true,14,7156.9199999999928,0.030599755201958383,1,0,0
PO-00040,Epsilon_Group,Office Supplies,Delivered,2022-12-11,,524,46.28,39.65,14.0,true,,3474.1200000000013,0.026717557251908396,1,0,0
PO-00048,Epsilon_Group,Office Supplies,Delivered,2022-09-28,2022-10-14,239,11.46,11.28,4.0,true,16,43.020000000000358,0.016736401673640166,1,0,0
PO-00105,Epsilon_Group,Office Supplies,Partially Delivered,2023-02-15,2023-03-01,1936,93.66,92.24,58.0,true,14,2749.1200000000035,0.029958677685950414,0,0,0
PO-00144,Epsilon_Group,Office Supplies,Delivered,2023-01-26,2023-02-04,441,63.25,54.12,16.0,true,9,4026.3300000000013,0.036281179138321996,1,0,0
PO-00145,Epsilon_Group,Office Supplies,Delivered,2023-09-03,2023-09-19,1748,66.53,57.11,,true,16,16466.160000000003,,1,0,0
PO-00150,Epsilon_Group,Office Supplies,Delivered,2022-01-12,2022-01-17,1563,77.96,70.8,41.0,true,5,11191.079999999994,0.026231605886116442,1,0,0
PO-00173,Epsilon_Group,Office Supplies,Delivered,2023-09-16,2023-10-01,1812,108.02,101.02,51.0,true,15,12684.0,0.028145695364238412,1,0,0
PO-00196,Epsilon_Group,Office Supplies,Partially Delivered,2023-06-30,2023-07-03,1314,22.63,21.06,44.0,true,3,2062.9800000000005,0.0334855403348554,0,0,0
PO-00201,Epsilon_Group,Office Supplies,Delivered,2023-07-17,2023-08-01,1807,78.63,73.08,100.0,true,15,10028.849999999995,0.055340343110127282,1,0,0
PO-00219,Epsilon_Group,Office Supplies,Cancelled,2023-04-08,,606,83.07,79.22,16.0,true,,2333.0999999999967,0.026402640264026403,0,1,0
PO-00251,Epsilon_Group,Office Supplies,Partially Delivered,2023-04-30,2023-05-20,1750,65.97,58.34,50.0,true,20,13352.499999999993,0.028571428571428571,0,0,0
PO-00259,Epsilon_Group,Office Supplies,Delivered,2023-03-18,,1745,26.17,22.25,55.0,true,,6840.4000000000033,0.03151862464183381,1,0,0
PO-00376,Epsilon_Group,Office Supplies,Delivered,2022-09-29,2022-10-07,1193,27.4,27.09,,true,8,369.82999999999845,,1,0,0
PO-00451,Epsilon_Group,Office Supplies,Delivered,2023-11-30,2023-12-04,1265,17.66,16.97,34.0,true,4,872.85000000000161,0.026877470355731226,1,0,0
PO-00453,Epsilon_Group,Office Supplies,Delivered,2023-11-14,2023-12-01,1585,56.38,53.05,,true,17,5278.0500000000084,,1,0,0
PO-00476,Epsilon_Group,Office Supplies,Delivered,2023-04-27,,240,88.14,81.9,4.0,true,,1497.5999999999988,0.016666666666666666,1,0,0
PO-00492,Epsilon_Group,Office Supplies,Pending,2022-12-26,2023-01-11,1865,30.29,26.83,56.0,true,16,6452.9000000000015,0.030026809651474532,0,0,0
PO-00518,Epsilon_Group,Office Supplies,Delivered,2022-09-18,2022-09-20,877,35.55,34.69,24.0,true,2,754.21999999999946,0.027366020524515394,1,0,0
PO-00538,Epsilon_Group,Office Supplies,Delivered,2023-06-04,2023-06-06,776,24.22,22.53,27.0,true,2,1311.4399999999982,0.034793814432989692,1,0,0
PO-00541,Epsilon_Group,Office Supplies,Delivered,2023-02-23,2023-03-08,1738,67.91,61.15,,true,13,11748.879999999997,,1,0,0
PO-00555,Epsilon_Group,Office Supplies,Delivered,2023-08-06,2023-08-18,1127,49.32,46.49,30.0,true,12,3189.409999999998,0.026619343389529725,1,0,0
PO-00626,Epsilon_Group,Office Supplies,Delivered,2023-06-28,2023-07-16,1729,18.36,16.34,47.0,true,18,3492.5799999999995,0.027183342972816656,1,0,0
PO-00636,Epsilon_Group,Office Supplies,Delivered,2022-06-12,,143,91.98,86.02,5.0,true,,852.28000000000111,0.034965034965034968,1,0,0
PO-00674,Epsilon_Group,Office Supplies,Delivered,2022-07-31,2022-08-17,1832,49.01,41.86,52.0,true,17,13098.799999999997,0.028384279475982533,1,0,0
PO-00676,Epsilon_Group,Office Supplies,Delivered,2023-02-03,2023-02-08,546,101.2,97.82,21.0,true,5,1845.4800000000052,0.038461538461538464,1,0,0
PO-00699,Epsilon_Group,Office Supplies,Delivered,2022-12-11,2022-12-18,334,82.54,74.63,,true,7,2641.9400000000037,,1,0,0
PO-00725,Epsilon_Group,Office Supplies,Partially Delivered,2023-04-11,2023-04-26,1699,32.05,29.34,69.0,true,15,4604.2899999999954,0.04061212477928193,0,0,0
PO-00728,Epsilon_Group,Office Supplies,Delivered,2023-01-24,2023-02-11,462,91.81,83.14,11.0,true,18,4005.5400000000009,0.023809523809523808,1,0,0
PO-00748,Epsilon_Group,Office Supplies,Delivered,2022-06-06,,1737,24.88,24.28,46.0,true,,1042.1999999999964,0.026482440990213012,1,0,0
PO-00768,Epsilon_Group,Office Supplies,Delivered,2022-01-27,2022-02-09,1415,80.19,78.34,,true,13,2617.7499999999918,,1,0,0
PO-00770,Epsilon_Group,Office Supplies,Delivered,2023-08-13,,748,85.95,79.16,32.0,true,,5078.9200000000046,0.0427807486631016,1,0,0
PO-00066,Gamma_Co,Office Supplies,Partially Delivered,2022-08-22,2022-08-25,437,59.51,56.45,25.0,false,3,1337.219999999998,0.057208237986270026,0,0,0
PO-00073,Gamma_Co,Office Supplies,Delivered,2023-04-10,2023-04-27,614,78.06,73.95,40.0,true,17,2523.5399999999995,0.065146579804560262,1,0,0
PO-00148,Gamma_Co,Office Supplies,Delivered,2022-09-15,2022-09-22,428,22.94,21.52,26.0,true,7,607.76000000000067,0.060747663551401869,1,0,0
PO-00211,Gamma_Co,Office Supplies,Delivered,2024-01-01,,1233,86.62,76.59,65.0,true,,12366.990000000002,0.052716950527169508,1,0,0
PO-00377,Gamma_Co,Office Supplies,Partially Delivered,2022-05-16,2022-05-28,1746,93.6,89.81,85.0,true,12,6617.3399999999865,0.04868270332187858,0,0,0
PO-00382,Gamma_Co,Office Supplies,Delivered,2022-10-19,2022-11-01,1493,24.87,22.89,56.0,true,13,2956.1400000000008,0.037508372404554589,1,0,0
PO-00408,Gamma_Co,Office Supplies,Delivered,2022-07-28,2022-08-07,1350,65.11,56.95,71.0,true,10,11015.999999999995,0.052592592592592594,1,0,0
PO-00461,Gamma_Co,Office Supplies,Delivered,2022-06-16,2022-06-24,567,97.53,85.29,21.0,true,8,6940.0799999999972,0.037037037037037035,1,0,0
PO-00467,Gamma_Co,Office Supplies,Cancelled,2023-02-26,2023-03-17,1422,25.62,25.18,65.0,true,19,625.68000000000177,0.045710267229254573,0,1,0
PO-00469,Gamma_Co,Office Supplies,Partially Delivered,2022-09-12,2022-09-22,351,72.08,71.3,20.0,true,10,273.78000000000043,0.056980056980056981,0,0,0
PO-00485,Gamma_Co,Office Supplies,Delivered,2023-11-07,2023-11-20,1866,50.78,48.2,96.0,true,13,4814.279999999997,0.051446945337620578,1,0,0
PO-00488,Gamma_Co,Office Supplies,Pending,2022-12-03,2022-12-04,619,38.38,35.02,34.0,true,1,2079.8399999999997,0.05492730210016155,0,0,0
PO-00499,Gamma_Co,Office Supplies,Delivered,2022-01-29,,204,40.76,37.46,10.0,true,,673.19999999999936,0.049019607843137254,1,0,0
PO-00509,Gamma_Co,Office Supplies,Delivered,2022-12-20,2022-12-25,1550,100.61,97.43,66.0,true,5,4928.9999999999882,0.042580645161290322,1,0,0
PO-00587,Gamma_Co,Office Supplies,Pending,2022-11-14,2022-11-20,880,19.15,18.69,,false,6,404.79999999999762,,0,0,0
PO-00632,Gamma_Co,Office Supplies,Delivered,2023-06-01,2023-06-12,1293,63.53,59.42,79.0,true,11,5314.23,0.061098221191028618,1,0,0
PO-00638,Gamma_Co,Office Supplies,Delivered,2023-04-06,2023-04-10,1007,33.29,28.48,49.0,true,4,4843.6699999999992,0.048659384309831182,1,0,0
PO-00646,Gamma_Co,Office Supplies,Delivered,2022-09-02,2022-09-09,390,103.81,100.12,20.0,true,7,1439.099999999999,0.05128205128205128,1,0,0
PO-00654,Gamma_Co,Office Supplies,Delivered,2022-12-10,2022-12-20,1835,83.5,82.36,85.0,false,10,2091.900000000001,0.04632152588555858,1,0,0
PO-00663,Gamma_Co,Office Supplies,Delivered,2022-06-06,2022-06-19,811,31.8,30.33,58.0,true,13,1192.1700000000019,0.071516646115906288,1,0,0
PO-00738,Gamma_Co,Office Supplies,Delivered,2022-08-18,,506,84.63,72.69,20.0,true,,6041.6399999999985,0.039525691699604744,1,0,0
PO-00742,Gamma_Co,Office Supplies,Delivered,2022-02-11,2022-02-13,1762,74.12,65.71,94.0,true,2,14818.420000000018,0.053348467650397274,1,0,0
PO-00765,Gamma_Co,Office Supplies,Pending,2022-11-15,2022-11-22,645,35.05,30.88,27.0,true,7,2689.6499999999987,0.041860465116279069,0,0,0
PO-00034,Alpha_Inc,Packaging,Delivered,2023-12-16,2023-12-17,1387,48.71,43.71,27.0,true,1,6935.0,0.019466474405191059,1,0,0
PO-00060,Alpha_Inc,Packaging,Delivered,2023-08-15,2023-08-16,1892,32.99,28.81,35.0,true,1,7908.5600000000059,0.01849894291754757,1,0,0
PO-00090,Alpha_Inc,Packaging,Delivered,2022-09-08,,1071,101.6,93.91,25.0,true,,8235.989999999998,0.023342670401493931,1,0,0
PO-00117,Alpha_Inc,Packaging,Delivered,2022-05-27,,1822,53.23,47.49,39.0,true,,10458.279999999992,0.021405049396267837,1,0,0
PO-00120,Alpha_Inc,Packaging,Partially Delivered,2022-09-10,2022-09-21,1126,15.68,14.97,27.0,true,11,799.459999999999,0.023978685612788632,0,0,0
PO-00195,Alpha_Inc,Packaging,Cancelled,2022-03-12,2022-03-18,792,18.16,17.25,17.0,true,6,720.72000000000014,0.021464646464646464,0,1,0
PO-00213,Alpha_Inc,Packaging,Delivered,2023-02-13,2023-03-04,1772,30.72,27.76,46.0,false,19,5245.1199999999953,0.025959367945823927,1,0,0
PO-00247,Alpha_Inc,Packaging,Delivered,2023-07-07,2023-07-19,1529,23.42,22.44,30.0,true,12,1498.4200000000008,0.01962066710268149,1,0,0
PO-00279,Alpha_Inc,Packaging,Cancelled,2023-03-09,2023-03-29,748,37.66,32.71,,false,20,3702.5999999999967,,0,1,0
PO-00281,Alpha_Inc,Packaging,Delivered,2022-10-13,2022-10-24,51,28.04,24.13,0.0,true,11,199.41,0.0,1,0,0
PO-00287,Alpha_Inc,Packaging,Delivered,2022-04-11,2022-04-16,1298,65.93,58.95,,true,5,9060.0400000000045,,1,0,0
PO-00303,Alpha_Inc,Packaging,Delivered,2022-01-03,2022-01-20,172,63.61,55.92,4.0,true,17,1322.6799999999996,0.023255813953488372,1,0,0
PO-00313,Alpha_Inc,Packaging,Delivered,2022-06-08,2022-06-19,1980,26.97,24.16,41.0,true,11,5563.7999999999975,0.020707070707070709,1,0,0
PO-00333,Alpha_Inc,Packaging,Delivered,2022-03-12,2022-03-26,913,37.5,36.2,,true,14,1186.8999999999974,,1,0,0
PO-00334,Alpha_Inc,Packaging,Delivered,2023-09-02,2023-09-04,1784,85.01,76.69,37.0,true,2,14842.880000000014,0.020739910313901346,1,0,0
PO-00350,Alpha_Inc,Packaging,Cancelled,2023-08-02,2023-08-21,1837,99.04,86.51,39.0,true,19,23017.61,0.021230266739248774,0,1,0
PO-00364,Alpha_Inc,Packaging,Delivered,2023-04-14,2023-04-18,1233,23.08,20.57,,true,4,3094.8299999999977,,1,0,0
PO-00369,Alpha_Inc,Packaging,Delivered,2023-09-29,,1732,82.5,71.71,24.0,true,,18688.28000000001,0.013856812933025405,1,0,0
PO-00383,Alpha_Inc,Packaging,Delivered,2022-06-11,2022-06-25,1495,64.33,58.18,26.0,true,14,9194.2499999999982,0.017391304347826087,1,0,0
PO-00384,Alpha_Inc,Packaging,Cancelled,2023-03-25,2023-04-07,153,59.42,52.0,3.0,true,13,1135.2600000000002,0.0196078431372549,0,1,0
PO-00436,Alpha_Inc,Packaging,Partially Delivered,2022-06-02,2022-06-13,275,23.96,20.44,,true,11,967.99999999999989,,0,0,0
PO-00437,Alpha_Inc,Packaging,Delivered,2023-07-13,2023-07-18,1350,51.57,48.07,,true,5,4725.0,,1,0,0
PO-00480,Alpha_Inc,Packaging,Delivered,2022-12-25,2023-01-11,1234,19.99,17.66,25.0,true,17,2875.219999999998,0.020259319286871962,1,0,0
PO-00544,Alpha_Inc,Packaging,Partially Delivered,2023-12-15,2023-12-31,1263,28.75,27.1,26.0,true,16,2083.949999999998,0.020585906571654791,0,0,0
PO-00642,Alpha_Inc,Packaging,Delivered,2022-10-11,2022-10-24,961,92.72,88.49,22.0,true,13,4065.0300000000038,0.022892819979188347,1,0,0
PO-00724,Alpha_Inc,Packaging,Partially Delivered,2022-08-05,,1574,17.9,15.85,31.0,true,,3226.6999999999985,0.019695044472681066,0,0,0
PO-00745,Alpha_Inc,Packaging,Delivered,2022-07-24,2022-07-26,1027,73.35,65.42,24.0,false,2,8144.1099999999924,0.023369036027263874,1,0,0
PO-00004,Beta_Supplies,Packaging,Delivered,2022-10-09,2022-10-28,1344,99.85,95.52,112.0,true,19,5819.5199999999977,0.083333333333333329,1,0,0
PO-00016,Beta_Supplies,Packaging,Delivered,2022-04-06,2022-04-21,5000,15.41,15.12,,true,15,1450.0000000000045,,1,0,0
PO-00109,Beta_Supplies,Packaging,Delivered,2023-08-04,2023-08-05,1535,90.83,78.28,151.0,false,1,19264.249999999996,0.098371335504886,1,0,0
PO-00149,Beta_Supplies,Packaging,Delivered,2023-07-21,,1846,13.72,12.62,216.0,true,,2030.6000000000026,0.11700975081256772,1,0,0
PO-00190,Beta_Supplies,Packaging,Delivered,2022-09-04,,941,28.4,27.21,,false,,1119.7899999999979,,1,0,0
PO-00246,Beta_Supplies,Packaging,Pending,2022-08-08,2022-08-26,759,50.56,46.47,63.0,false,18,3104.3100000000027,0.083003952569169967,0,0,0
PO-00257,Beta_Supplies,Packaging,Delivered,2022-04-10,2022-04-24,1900,24.11,23.45,188.0,true,14,1254.0000000000002,0.098947368421052631,1,0,0
PO-00274,Beta_Supplies,Packaging,Partially Delivered,2022-07-16,2022-07-28,1186,26.14,24.78,112.0,true,12,1612.9599999999994,0.094435075885328831,0,0,0
PO-00288,Beta_Supplies,Packaging,Delivered,2022-02-21,2022-03-13,434,36.16,34.79,41.0,true,20,594.5799999999989,0.0944700460829493,1,0,0
PO-00311,Beta_Supplies,Packaging,Pending,2023-11-09,2023-11-18,247,84.11,71.97,,true,9,2998.58,,0,0,0
PO-00316,Beta_Supplies,Packaging,Delivered,2022-08-11,2022-08-25,193,63.86,57.46,,true,14,1235.1999999999998,,1,0,0
PO-00330,Beta_Supplies,Packaging,Delivered,2023-06-05,2023-06-23,1584,53.73,51.92,167.0,false,18,2867.0399999999922,0.10542929292929293,1,0,0
PO-00386,Beta_Supplies,Packaging,Delivered,2023-12-22,2024-01-11,303,12.97,11.42,,false,20,469.6500000000002,,1,0,0
PO-00413,Beta_Supplies,Packaging,Partially Delivered,2023-05-16,2023-05-26,1465,11.25,9.61,151.0,true,10,2402.6000000000008,0.10307167235494881,0,0,0
PO-00457,Beta_Supplies,Packaging,Delivered,2023-02-21,2023-02-27,207,64.29,63.01,25.0,true,6,264.96000000000168,0.12077294685990338,1,0,0
PO-00474,Beta_Supplies,Packaging,Delivered,2023-01-27,2023-02-12,1042,12.48,12.3,88.0,true,16,187.55999999999972,0.084452975047984644,1,0,0
PO-00527,Beta_Supplies,Packaging,Delivered,2022-07-21,,561,35.54,30.99,68.0,false,,2552.55,0.12121212121212122,1,0,0
PO-00550,Beta_Supplies,Packaging,Delivered,2023-11-12,2023-11-23,354,27.71,23.87,39.0,false,11,1359.36,0.11016949152542373,1,0,0
PO-00563,Beta_Supplies,Packaging,Delivered,2023-03-17,2023-03-20,1053,100.92,92.35,104.0,true,3,9024.2100000000082,0.098765432098765427,1,0,0
PO-00590,Beta_Supplies,Packaging,Partially Delivered,2022-05-31,2022-06-07,1131,97.43,91.28,103.0,true,7,6955.650000000006,0.091069849690539342,0,0,0
PO-00609,Beta_Supplies,Packaging,Pending,2023-12-06,2023-12-12,1191,68.14,61.71,112.0,true,6,7658.13,0.094038623005877411,0,0,0
PO-00616,Beta_Supplies,Packaging,Partially Delivered,2023-06-15,2023-06-21,1345,103.06,95.14,,true,6,10652.400000000001,,0,0,0
PO-00631,Beta_Supplies,Packaging,Delivered,2023-09-20,2023-10-06,1358,42.21,38.75,128.0,true,16,4698.6800000000012,0.094256259204712811,1,0,0
PO-00665,Beta_Supplies,Packaging,Delivered,2022-08-08,2022-08-28,491,12.01,11.67,47.0,true,20,166.93999999999994,0.095723014256619138,1,0,0
PO-00670,Beta_Supplies,Packaging,Delivered,2023-07-10,2023-07-17,565,32.31,29.76,60.0,true,7,1440.7500000000005,0.10619469026548672,1,0,0
PO-00679,Beta_Supplies,Packaging,Delivered,2022-01-21,,1548,25.03,22.87,,true,,3343.6800000000003,,1,0,0
PO-00687,Beta_Supplies,Packaging,Delivered,2023-03-06,2023-03-07,1006,27.7,23.66,101.0,false,1,4064.2399999999993,0.10039761431411531,1,0,0
PO-00734,Beta_Supplies,Packaging,Pending,2022-01-20,2022-02-03,810,71.02,66.8,73.0,true,14,3418.1999999999989,0.090123456790123457,0,0,0
PO-00737,Beta_Supplies,Packaging,Delivered,2022-12-25,2023-01-12,1942,93.98,81.31,198.0,true,18,24605.140000000003,0.101956745623069,1,0,0
PO-00747,Beta_Supplies,Packaging,Delivered,2023-09-29,2023-10-05,145,85.52,81.86,11.0,false,6,530.69999999999948,0.07586206896551724,1,0,0
PO-00057,Delta_Logistics,Packaging,Delivered,2023-10-06,,1578,48.33,42.77,206.0,true,,8773.679999999993,0.13054499366286437,1,0,0
PO-00065,Delta_Logistics,Packaging,Delivered,2023-11-09,2023-11-12,1347,100.13,94.3,200.0,true,3,7853.0099999999975,0.14847809948032664,1,0,0
PO-00081,Delta_Logistics,Packaging,Delivered,2022-10-01,2022-10-04,558,94.18,81.4,,false,3,7131.2400000000007,,1,0,0
PO-00097,Delta_Logistics,Packaging,Delivered,2023-07-25,2023-08-04,752,26.85,24.37,,false,10,1864.9600000000003,,1,0,0
PO-00118,Delta_Logistics,Packaging,Delivered,2022-09-29,2022-10-13,387,49.23,45.41,61.0,true,14,1478.3400000000001,0.15762273901808785,1,0,0
PO-00127,Delta_Logistics,Packaging,Delivered,2023-02-13,2023-02-14,542,101.21,93.11,78.0,false,1,4390.1999999999971,0.14391143911439114,1,0,0
PO-00164,Delta_Logistics,Packaging,Delivered,2022-09-27,2022-10-05,1647,47.52,44.92,,true,8,4282.2000000000025,,1,0,0
PO-00171,Delta_Logistics,Packaging,Delivered,2023-10-17,2023-10-21,1620,36.73,33.45,235.0,false,4,5313.59999999999,0.14506172839506173,1,0,0
PO-00179,Delta_Logistics,Packaging,Delivered,2023-06-28,2023-07-16,1291,23.44,22.23,,true,18,1562.110000000001,,1,0,0
PO-00182,Delta_Logistics,Packaging,Delivered,2022-11-28,2022-11-30,447,23.62,21.81,50.0,true,2,809.07000000000107,0.11185682326621924,1,0,0
PO-00183,Delta_Logistics,Packaging,Partially Delivered,2023-05-16,2023-05-24,920,73.09,70.14,,true,8,2714.0000000000027,,0,0,0
PO-00209,Delta_Logistics,Packaging,Delivered,2023-12-08,2023-12-23,1109,38.93,33.33,152.0,true,15,6210.4000000000015,0.13706041478809738,1,0,0
PO-00217,Delta_Logistics,Packaging,Delivered,2023-03-25,2023-04-13,627,46.23,42.87,,true,19,2106.72,,1,0,0
PO-00265,Delta_Logistics,Packaging,Delivered,2023-11-21,2023-11-26,1903,63.5,56.09,254.0,true,5,14101.229999999994,0.13347346295323173,1,0,0
PO-00414,Delta_Logistics,Packaging,Pending,2022-09-15,2022-09-18,1208,41.62,39.46,,true,3,2609.2799999999961,,0,0,0
PO-00448,Delta_Logistics,Packaging,Partially Delivered,2022-02-10,2022-02-26,708,13.36,11.61,,false,16,1239.0,,0,0,0
PO-00449,Delta_Logistics,Packaging,Delivered,2023-01-02,2023-01-07,1589,55.64,48.52,,true,5,11313.679999999997,,1,0,0
PO-00491,Delta_Logistics,Packaging,Delivered,2022-10-13,2022-10-18,735,18.49,15.89,113.0,false,5,1910.9999999999984,0.15374149659863945,1,0,0
PO-00522,Delta_Logistics,Packaging,Delivered,2022-01-02,2022-01-06,85,22.54,20.68,6.0,true,4,158.09999999999997,0.070588235294117646,1,0,0
PO-00525,Delta_Logistics,Packaging,Delivered,2023-12-05,2023-12-11,370,63.9,55.79,59.0,true,6,3000.7,0.15945945945945947,1,0,0
PO-00535,Delta_Logistics,Packaging,Pending,2023-11-11,2023-11-29,1427,93.99,83.6,213.0,true,18,14826.53,0.14926419060967064,0,0,0
PO-00537,Delta_Logistics,Packaging,Partially Delivered,2022-11-04,2022-11-11,1873,11.54,9.89,284.0,false,7,3090.4499999999975,0.15162840363053925,0,0,0
PO-00542,Delta_Logistics,Packaging,Delivered,2022-12-01,2022-12-14,1771,67.57,61.48,280.0,false,13,10785.389999999994,0.15810276679841898,1,0,0
PO-00628,Delta_Logistics,Packaging,Partially Delivered,2023-09-02,2023-09-15,1046,44.65,40.1,165.0,false,13,4759.2999999999975,0.15774378585086041,0,0,0
PO-00641,Delta_Logistics,Packaging,Delivered,2023-10-15,2023-10-19,1277,13.17,11.63,199.0,false,4,1966.579999999999,0.1558339859044636,1,0,0
PO-00702,Delta_Logistics,Packaging,Delivered,2023-02-19,2023-02-21,1680,88.85,87.53,,true,2,2217.5999999999885,,1,0,0
PO-00721,Delta_Logistics,Packaging,Partially Delivered,2022-09-24,2022-10-07,1976,34.71,31.56,286.0,false,13,6224.4000000000042,0.14473684210526316,0,0,0
PO-00732,Delta_Logistics,Packaging,Partially Delivered,2022-03-25,2022-04-11,1350,85.06,82.34,,false,17,3671.9999999999986,,0,0,0
PO-00735,Delta_Logistics,Packaging,Cancelled,2023-07-07,2023-07-23,725,66.4,62.1,118.0,true,16,3117.5000000000032,0.16275862068965516,0,1,0
PO-00026,Epsilon_Group,Packaging,Delivered,2023-07-13,2023-07-24,1487,19.15,17.24,,true,11,2840.17,,1,0,0
PO-00061,Epsilon_Group,Packaging,Delivered,2022-07-16,2022-08-01,696,99.59,90.18,25.0,true,16,6549.3599999999979,0.035919540229885055,1,0,0
PO-00091,Epsilon_Group,Packaging,Pending,2022-06-17,2022-07-06,1463,101.23,86.17,43.0,true,19,22032.780000000002,0.02939166097060834,0,0,0
PO-00157,Epsilon_Group,Packaging,Cancelled,2022-12-15,,1913,66.56,61.34,61.0,true,,9985.8599999999969,0.031887088342916883,0,1,0
PO-00184,Epsilon_Group,Packaging,Partially Delivered,2022-01-20,2022-01-30,844,26.37,25.08,38.0,true,10,1088.7600000000023,0.045023696682464455,0,0,0
PO-00228,Epsilon_Group,Packaging,Delivered,2022-08-24,2022-08-27,1871,59.96,58.54,47.0,true,3,2656.8200000000033,0.02512025654730091,1,0,0
PO-00249,Epsilon_Group,Packaging,Delivered,2023-08-08,2023-08-20,698,46.73,45.61,15.0,true,12,781.75999999999817,0.02148997134670487,1,0,0
PO-00250,Epsilon_Group,Packaging,Pending,2023-08-14,2023-08-22,367,74.61,71.36,13.0,true,8,1192.75,0.035422343324250684,0,0,0
PO-00293,Epsilon_Group,Packaging,Delivered,2022-08-31,2022-09-12,1757,15.18,13.06,63.0,true,12,3724.8399999999988,0.035856573705179286,1,0,0
PO-00304,Epsilon_Group,Packaging,Pending,2023-02-04,2023-02-05,450,55.85,49.88,9.0,true,1,2686.4999999999995,0.02,0,0,0
PO-00306,Epsilon_Group,Packaging,Delivered,2023-04-11,2023-04-25,343,44.5,38.57,7.0,true,14,2033.99,0.020408163265306121,1,0,0
PO-00319,Epsilon_Group,Packaging,Partially Delivered,2023-07-10,2023-07-17,1197,88.92,78.82,31.0,true,7,12089.70000000001,0.025898078529657476,0,0,0
PO-00360,Epsilon_Group,Packaging,Cancelled,2022-05-15,2022-05-18,303,41.6,40.51,11.0,true,3,330.270000000001,0.036303630363036306,0,1,0
PO-00366,Epsilon_Group,Packaging,Partially Delivered,2022-03-16,2022-04-04,58,82.57,76.55,,true,19,349.15999999999974,,0,0,0
PO-00372,Epsilon_Group,Packaging,Delivered,2022-03-17,2022-03-26,1204,73.18,67.59,31.0,true,9,6730.3600000000042,0.025747508305647839,1,0,0
PO-00381,Epsilon_Group,Packaging,Delivered,2023-01-14,2023-02-02,1698,100.97,98.73,52.0,true,19,3803.5199999999913,0.030624263839811542,1,0,0
PO-00391,Epsilon_Group,Packaging,Delivered,2022-01-09,2022-01-19,148,93.02,85.96,4.0,true,10,1044.8800000000003,0.027027027027027029,1,0,0
PO-00432,Epsilon_Group,Packaging,Pending,2022-01-10,2022-01-21,487,11.18,10.63,15.0,true,11,267.84999999999945,0.030800821355236138,0,0,0
PO-00433,Epsilon_Group,Packaging,Partially Delivered,2022-04-25,2022-04-29,1849,70.76,69.25,51.0,true,4,2791.9900000000093,0.027582477014602487,0,0,0
PO-00496,Epsilon_Group,Packaging,Cancelled,2023-11-27,,1736,53.2,50.68,48.0,true,,4374.7200000000057,0.027649769585253458,0,1,0
PO-00515,Epsilon_Group,Packaging,Delivered,2023-01-30,2023-02-16,970,86.91,78.44,18.0,true,17,8215.9,0.018556701030927835,1,0,0
PO-00566,Epsilon_Group,Packaging,Delivered,2023-11-02,2023-11-07,1176,14.22,12.21,33.0,true,5,2363.7599999999998,0.028061224489795918,1,0,0
PO-00647,Epsilon_Group,Packaging,Delivered,2022-10-09,2022-10-25,600,43.43,38.76,22.0,true,16,2802.0000000000009,0.036666666666666667,1,0,0
PO-00649,Epsilon_Group,Packaging,Cancelled,2022-03-21,2022-03-31,1362,46.64,42.85,33.0,true,10,5161.9799999999987,0.024229074889867842,0,1,0
PO-00656,Epsilon_Group,Packaging,Delivered,2023-07-08,2023-07-09,1831,52.24,50.44,60.0,true,1,3295.8000000000079,0.032768978700163848,1,0,0
PO-00659,Epsilon_Group,Packaging,Partially Delivered,2022-06-04,2022-06-17,851,20.44,19.22,22.0,true,13,1038.2200000000021,0.025851938895417155,0,0,0
PO-00671,Epsilon_Group,Packaging,Pending,2023-04-23,2023-05-06,1089,102.66,89.21,33.0,true,13,14647.050000000003,0.030303030303030304,0,0,0
PO-00681,Epsilon_Group,Packaging,Delivered,2023-01-25,2023-02-11,1737,32.7,31.02,48.0,true,17,2918.1600000000058,0.027633851468048358,1,0,0
PO-00700,Epsilon_Group,Packaging,Delivered,2023-11-16,2023-12-06,446,80.63,70.37,,true,20,4575.9599999999955,,1,0,0
PO-00709,Epsilon_Group,Packaging,Delivered,2023-02-08,2023-02-20,776,94.75,90.89,19.0,true,12,2995.3599999999997,0.024484536082474227,1,0,0
PO-00716,Epsilon_Group,Packaging,Pending,2023-03-15,2023-03-31,1675,73.8,65.34,42.0,true,16,14170.499999999989,0.025074626865671641,0,0,0
PO-00733,Epsilon_Group,Packaging,Delivered,2023-04-27,2023-05-05,1070,44.4,40.07,26.0,true,8,4633.0999999999985,0.024299065420560748,1,0,0
PO-00758,Epsilon_Group,Packaging,Delivered,2022-09-20,2022-09-25,266,88.29,80.22,4.0,true,5,2146.6200000000022,0.015037593984962405,1,0,0
PO-00760,Epsilon_Group,Packaging,Cancelled,2022-06-21,2022-06-25,922,10.84,9.27,29.0,true,4,1447.5400000000002,0.031453362255965296,0,1,0
PO-00163,Gamma_Co,Packaging,Delivered,2022-01-04,2022-01-12,456,80.53,77.86,26.0,true,8,1217.5200000000009,0.05701754385964912,1,0,0
PO-00194,Gamma_Co,Packaging,Delivered,2023-05-13,2023-06-01,913,28.01,24.06,53.0,true,19,3606.3500000000026,0.058050383351588172,1,0,0
PO-00212,Gamma_Co,Packaging,Delivered,2022-11-16,2022-11-20,1912,27.94,25.59,83.0,false,4,4493.2000000000025,0.043410041841004186,1,0,0
PO-00240,Gamma_Co,Packaging,Delivered,2022-03-14,,682,81.84,71.86,40.0,true,,6806.3600000000024,0.05865102639296188,1,0,0
PO-00241,Gamma_Co,Packaging,Delivered,2023-06-11,2023-06-19,677,59.52,55.29,39.0,true,8,2863.7100000000028,0.057607090103397339,1,0,0
PO-00253,Gamma_Co,Packaging,Delivered,2023-04-30,2023-05-20,1892,106.2,96.37,93.0,true,20,18598.359999999997,0.04915433403805497,1,0,0
PO-00256,Gamma_Co,Packaging,Delivered,2022-04-07,,713,19.45,18.82,31.0,true,,449.18999999999932,0.043478260869565216,1,0,0
PO-00264,Gamma_Co,Packaging,Cancelled,2022-02-25,2022-03-15,1186,17.31,16.0,64.0,true,18,1553.6599999999985,0.053962900505902189,0,1,0
PO-00291,Gamma_Co,Packaging,Delivered,2022-01-16,2022-01-22,1203,53.3,47.68,49.0,true,6,6760.8599999999969,0.040731504571903575,1,0,0
PO-00346,Gamma_Co,Packaging,Delivered,2022-03-25,2022-04-03,1488,22.76,21.99,,true,9,1145.7600000000048,,1,0,0
PO-00355,Gamma_Co,Packaging,Delivered,2023-11-17,2023-11-23,1645,85.42,80.78,73.0,false,6,7632.8000000000011,0.044376899696048633,1,0,0
PO-00358,Gamma_Co,Packaging,Delivered,2022-09-29,2022-10-01,946,81.77,71.65,55.0,true,2,9573.5199999999913,0.058139534883720929,1,0,0
PO-00363,Gamma_Co,Packaging,Delivered,2022-11-04,2022-11-11,1110,90.49,80.03,61.0,true,7,11610.599999999993,0.054954954954954956,1,0,0
PO-00393,Gamma_Co,Packaging,Delivered,2023-07-22,2023-07-28,1934,25.86,25.6,78.0,true,6,502.83999999999617,0.040330920372285417,1,0,0
PO-00412,Gamma_Co,Packaging,Pending,2023-06-02,2023-06-04,1969,89.25,87.28,108.0,false,2,3878.9299999999976,0.05485017775520569,0,0,0
PO-00425,Gamma_Co,Packaging,Delivered,2022-09-26,2022-10-11,1095,26.91,23.75,53.0,true,15,3460.2000000000003,0.048401826484018265,1,0,0
PO-00444,Gamma_Co,Packaging,Partially Delivered,2022-05-11,2022-05-25,502,29.47,28.94,27.0,true,14,266.05999999999881,0.053784860557768925,0,0,0
PO-00460,Gamma_Co,Packaging,Delivered,2022-08-31,2022-09-02,1446,90.63,84.51,77.0,true,2,8849.5199999999859,0.053250345781466112,1,0,0
PO-00503,Gamma_Co,Packaging,Partially Delivered,2023-08-18,2023-09-01,1177,37.37,34.27,60.0,true,14,3648.6999999999935,0.050977060322854713,0,0,0
PO-00523,Gamma_Co,Packaging,Pending,2023-06-17,2023-06-28,734,92.38,78.92,34.0,false,11,9879.6399999999958,0.04632152588555858,0,0,0
PO-00600,Gamma_Co,Packaging,Delivered,2023-08-13,2023-08-16,1062,35.55,32.38,,true,3,3366.5399999999941,,1,0,0
PO-00604,Gamma_Co,Packaging,Partially Delivered,2023-05-22,2023-06-09,562,102.56,90.88,38.0,true,18,6564.1600000000035,0.067615658362989328,0,0,0
PO-00639,Gamma_Co,Packaging,Delivered,2022-09-23,2022-10-08,1061,12.68,12.36,56.0,false,15,339.52000000000032,0.0527803958529689,1,0,0
PO-00643,Gamma_Co,Packaging,Delivered,2023-06-18,2023-07-02,267,62.5,61.18,17.0,true,14,352.44000000000005,0.063670411985018729,1,0,0
PO-00666,Gamma_Co,Packaging,Cancelled,2022-03-07,2022-03-11,1681,99.88,96.38,90.0,true,4,5883.5,0.05353955978584176,0,1,0
PO-00669,Gamma_Co,Packaging,Delivered,2022-12-05,2022-12-17,1398,75.08,67.09,57.0,true,12,11170.019999999993,0.0407725321888412,1,0,0
PO-00729,Gamma_Co,Packaging,Delivered,2022-10-12,2022-10-17,1449,57.02,49.28,71.0,true,5,11215.260000000002,0.048999309868875088,1,0,0
PO-00761,Gamma_Co,Packaging,Delivered,2023-09-13,2023-09-28,1871,39.42,37.41,101.0,false,15,3760.7100000000096,0.053981827899518976,1,0,0
PO-00123,Alpha_Inc,Raw Materials,Delivered,2022-09-27,2022-10-15,266,103.97,101.44,6.0,true,18,672.98000000000025,0.022556390977443608,1,0,0
PO-00124,Alpha_Inc,Raw Materials,Cancelled,2023-08-22,2023-08-25,813,109.17,107.39,14.0,true,3,1447.140000000001,0.017220172201722016,0,1,0
PO-00137,Alpha_Inc,Raw Materials,Delivered,2023-10-05,2023-10-11,1202,46.67,44.13,21.0,false,6,3053.079999999999,0.01747088186356073,1,0,0
PO-00155,Alpha_Inc,Raw Materials,Delivered,2022-10-01,2022-10-11,184,11.82,10.51,4.0,true,10,241.04000000000008,0.021739130434782608,1,0,0
PO-00192,Alpha_Inc,Raw Materials,Delivered,2022-03-22,2022-04-03,1764,25.46,24.52,46.0,true,12,1658.1600000000024,0.026077097505668934,1,0,0
PO-00243,Alpha_Inc,Raw Materials,Delivered,2022-10-13,,1818,60.96,57.13,41.0,true,,6962.9399999999969,0.022552255225522552,1,0,0
PO-00285,Alpha_Inc,Raw Materials,Delivered,2023-03-30,2023-04-06,904,34.04,30.06,26.0,true,7,3597.9200000000005,0.028761061946902654,1,0,0
PO-00361,Alpha_Inc,Raw Materials,Delivered,2023-11-19,2023-12-03,1725,93.14,79.62,24.0,true,14,23321.999999999993,0.01391304347826087,1,0,0
PO-00420,Alpha_Inc,Raw Materials,Delivered,2022-02-15,2022-03-04,509,76.76,74.72,7.0,false,17,1038.3600000000031,0.0137524557956778,1,0,0
PO-00428,Alpha_Inc,Raw Materials,Delivered,2023-07-19,2023-07-31,87,100.65,85.56,1.0,true,12,1312.8300000000004,0.011494252873563218,1,0,0
PO-00483,Alpha_Inc,Raw Materials,Delivered,2022-08-17,2022-08-29,177,90.06,87.71,7.0,true,12,415.95000000000152,0.03954802259887006,1,0,0
PO-00512,Alpha_Inc,Raw Materials,Partially Delivered,2023-09-13,2023-09-19,587,96.98,95.35,14.0,true,6,956.81000000000563,0.02385008517887564,0,0,0
PO-00534,Alpha_Inc,Raw Materials,Delivered,2022-11-18,,1165,72.06,63.93,,true,,9471.4500000000025,,1,0,0
PO-00559,Alpha_Inc,Raw Materials,Delivered,2022-01-01,2022-01-07,1042,36.74,35.78,33.0,true,6,1000.3200000000008,0.03166986564299424,1,0,0
PO-00560,Alpha_Inc,Raw Materials,Delivered,2022-11-08,,313,64.03,57.74,1.0,true,,1968.7699999999998,0.0031948881789137379,1,0,0
PO-00583,Alpha_Inc,Raw Materials,Delivered,2022-12-10,,1743,76.51,65.88,40.0,true,,18528.090000000018,0.022948938611589215,1,0,0
PO-00667,Alpha_Inc,Raw Materials,Partially Delivered,2023-03-01,2023-03-05,818,51.89,47.85,12.0,true,4,3304.7199999999993,0.014669926650366748,0,0,0
PO-00743,Alpha_Inc,Raw Materials,Pending,2022-02-01,,1172,85.76,81.43,25.0,true,,5074.7599999999984,0.021331058020477817,0,0,0
PO-00012,Beta_Supplies,Raw Materials,Delivered,2023-08-28,2023-09-11,5000,88.96,86.58,115.0,true,14,11899.999999999978,0.023,1,0,0
PO-00047,Beta_Supplies,Raw Materials,Delivered,2023-09-11,2023-09-18,1856,59.77,50.81,191.0,true,7,16629.760000000002,0.10290948275862069,1,0,0
PO-00092,Beta_Supplies,Raw Materials,Delivered,2023-04-19,2023-04-26,615,78.3,73.68,69.0,true,7,2841.2999999999943,0.11219512195121951,1,0,0
PO-00113,Beta_Supplies,Raw Materials,Delivered,2023-05-27,2023-06-11,1775,47.82,45.86,180.0,true,15,3479.0000000000014,0.10140845070422536,1,0,0
PO-00121,Beta_Supplies,Raw Materials,Cancelled,2023-07-29,2023-08-14,841,95.73,85.33,81.0,true,16,8746.4000000000051,0.09631391200951249,0,1,0
PO-00136,Beta_Supplies,Raw Materials,Delivered,2022-06-06,2022-06-26,1417,67.27,60.62,,true,20,9423.0499999999975,,1,0,0
PO-00147,Beta_Supplies,Raw Materials,Delivered,2023-06-26,2023-07-14,338,50.25,46.28,49.0,false,18,1341.8599999999997,0.14497041420118342,1,0,0
PO-00169,Beta_Supplies,Raw Materials,Delivered,2023-10-03,2023-10-05,1945,103.2,88.56,,true,2,28474.800000000003,,1,0,0
PO-00176,Beta_Supplies,Raw Materials,Delivered,2023-01-18,2023-01-27,692,71.03,67.74,70.0,true,9,2276.6800000000044,0.10115606936416185,1,0,0
PO-00218,Beta_Supplies,Raw Materials,Pending,2023-06-14,2023-06-16,731,56.02,54.78,70.0,false,2,906.44000000000142,0.09575923392612859,0,0,0
PO-00245,Beta_Supplies,Raw Materials,Delivered,2023-05-13,2023-05-26,1432,83.26,77.67,174.0,true,13,8004.8800000000047,0.12150837988826815,1,0,0
PO-00271,Beta_Supplies,Raw Materials,Cancelled,2022-12-14,,1880,92.73,90.78,173.0,true,,3666.0000000000055,0.092021276595744675,0,1,0
PO-00317,Beta_Supplies,Raw Materials,Delivered,2022-03-01,2022-03-05,658,86.62,79.85,72.0,true,4,4454.6600000000071,0.10942249240121581,1,0,0
PO-00329,Beta_Supplies,Raw Materials,Pending,2022-02-28,2022-03-12,1419,83.91,71.46,137.0,true,12,17666.550000000003,0.09654686398872446,0,0,0
PO-00362,Beta_Supplies,Raw Materials,Cancelled,2023-10-23,2023-11-07,502,22.05,20.65,50.0,false,15,702.80000000000109,0.099601593625498,0,1,0
PO-00371,Beta_Supplies,Raw Materials,Delivered,2022-04-13,2022-04-20,257,68.72,66.92,22.0,true,7,462.59999999999928,0.085603112840466927,1,0,0
PO-00379,Beta_Supplies,Raw Materials,Delivered,2022-03-12,2022-03-27,677,46.54,43.11,,false,15,2322.1099999999997,,1,0,0
PO-00415,Beta_Supplies,Raw Materials,Delivered,2022-02-22,2022-03-11,1268,46.06,45.26,123.0,true,17,1014.4000000000054,0.097003154574132486,1,0,0
PO-00429,Beta_Supplies,Raw Materials,Delivered,2023-12-24,,279,47.52,46.5,28.0,false,,284.58000000000089,0.1003584229390681,1,0,0
PO-00452,Beta_Supplies,Raw Materials,Delivered,2022-09-13,2022-10-01,1122,82.99,81.7,118.0,false,18,1447.379999999991,0.10516934046345811,1,0,0
PO-00521,Beta_Supplies,Raw Materials,Pending,2023-03-23,2023-03-26,1898,35.53,33.25,187.0,true,3,4327.4400000000023,0.098524762908324556,0,0,0
PO-00662,Beta_Supplies,Raw Materials,Delivered,2023-12-12,2023-12-30,1979,40.88,39.46,221.0,true,18,2810.1800000000035,0.11167256189994947,1,0,0
PO-00675,Beta_Supplies,Raw Materials,Delivered,2023-03-07,2023-03-27,307,95.36,83.63,29.0,true,20,3601.110000000001,0.094462540716612378,1,0,0
PO-00682,Beta_Supplies,Raw Materials,Delivered,2023-05-04,2023-05-22,1981,102.43,90.99,204.0,true,18,22662.640000000025,0.10297829379101464,1,0,0
PO-00684,Beta_Supplies,Raw Materials,Delivered,2022-12-27,2022-12-28,1748,68.25,62.84,171.0,true,1,9456.6799999999948,0.097826086956521743,1,0,0
PO-00697,Beta_Supplies,Raw Materials,Delivered,2022-01-30,2022-02-14,1116,25.65,24.28,121.0,true,15,1528.9199999999971,0.10842293906810035,1,0,0
PO-00746,Beta_Supplies,Raw Materials,Delivered,2022-01-21,,1058,65.68,57.21,101.0,true,,8961.2600000000057,0.095463137996219277,1,0,0
PO-00005,Delta_Logistics,Raw Materials,Delivered,2022-09-08,2022-09-20,1180,64.07,60.53,171.0,false,12,4177.1999999999907,0.14491525423728813,1,0,0
PO-00020,Delta_Logistics,Raw Materials,Delivered,2023-09-09,2023-09-24,180,45.74,38.89,,false,15,1233.0000000000002,,1,0,0
PO-00022,Delta_Logistics,Raw Materials,Delivered,2023-07-29,2023-08-11,1382,24.93,23.75,,true,13,1630.7599999999995,,1,0,0
PO-00078,Delta_Logistics,Raw Materials,Delivered,2022-12-30,2023-01-03,1005,14.87,12.79,,false,4,2090.4,,1,0,0
PO-00084,Delta_Logistics,Raw Materials,Delivered,2023-10-26,2023-11-10,255,38.64,33.59,27.0,false,15,1287.7499999999993,0.10588235294117647,1,0,0
PO-00087,Delta_Logistics,Raw Materials,Delivered,2023-10-13,2023-10-23,1945,46.19,40.12,278.0,false,10,11806.150000000001,0.14293059125964011,1,0,0
PO-00108,Delta_Logistics,Raw Materials,Pending,2022-08-05,2022-08-24,505,45.42,40.37,62.0,true,19,2550.2500000000023,0.12277227722772277,0,0,0
PO-00111,Delta_Logistics,Raw Materials,Pending,2022-08-06,2022-08-15,1325,24.36,22.75,206.0,true,9,2133.2499999999991,0.15547169811320755,0,0,0
PO-00152,Delta_Logistics,Raw Materials,Delivered,2022-04-28,2022-05-12,1067,74.47,64.16,,false,14,11000.770000000002,,1,0,0
PO-00159,Delta_Logistics,Raw Materials,Delivered,2022-10-28,2022-11-13,979,51.59,49.69,148.0,true,16,1860.1000000000056,0.15117466802860061,1,0,0
PO-00200,Delta_Logistics,Raw Materials,Delivered,2023-05-02,2023-05-17,1973,59.73,54.95,291.0,true,15,9430.9399999999878,0.14749113025848962,1,0,0
PO-00227,Delta_Logistics,Raw Materials,Delivered,2023-07-22,2023-08-03,1413,54.79,50.42,,true,12,6174.8099999999968,,1,0,0
PO-00235,Delta_Logistics,Raw Materials,Delivered,2022-03-02,,239,39.87,35.47,32.0,true,,1051.5999999999997,0.13389121338912133,1,0,0
PO-00290,Delta_Logistics,Raw Materials,Partially Delivered,2023-07-08,,1711,26.04,24.81,290.0,true,,2104.5300000000007,0.16949152542372881,0,0,0
PO-00296,Delta_Logistics,Raw Materials,Delivered,2023-05-13,2023-05-15,1783,16.96,15.8,295.0,true,2,2068.28,0.16545148625911385,1,0,0
PO-00310,Delta_Logistics,Raw Materials,Delivered,2023-07-24,2023-07-29,1683,23.09,21.88,253.0,true,5,2036.4300000000014,0.15032679738562091,1,0,0
PO-00335,Delta_Logistics,Raw Materials,Delivered,2022-03-11,,1893,55.8,52.35,,true,,6530.8499999999922,,1,0,0
PO-00339,Delta_Logistics,Raw Materials,Pending,2022-05-03,2022-05-07,600,60.1,57.92,95.0,false,4,1307.9999999999998,0.15833333333333333,0,0,0
PO-00385,Delta_Logistics,Raw Materials,Cancelled,2023-07-11,2023-07-22,1925,70.88,63.41,292.0,true,11,14379.749999999998,0.15168831168831168,0,1,0
PO-00397,Delta_Logistics,Raw Materials,Cancelled,2022-05-18,2022-05-23,387,77.81,69.04,67.0,true,5,3393.9899999999984,0.1731266149870801,0,1,0
PO-00430,Delta_Logistics,Raw Materials,Delivered,2023-03-14,2023-03-25,1438,66.61,58.5,237.0,true,11,11662.179999999998,0.16481223922114047,1,0,0
PO-00435,Delta_Logistics,Raw Materials,Delivered,2023-12-09,2023-12-29,76,107.59,96.33,10.0,true,20,855.76000000000045,0.13157894736842105,1,0,0
PO-00466,Delta_Logistics,Raw Materials,Delivered,2022-12-07,,329,12.96,12.74,48.0,true,,72.380000000000209,0.1458966565349544,1,0,0
PO-00468,Delta_Logistics,Raw Materials,Delivered,2023-11-17,,546,82.63,74.77,76.0,false,,4291.5599999999995,0.1391941391941392,1,0,0
PO-00470,Delta_Logistics,Raw Materials,Partially Delivered,2022-10-01,2022-10-18,230,13.0,12.81,,false,17,43.699999999999889,,0,0,0
PO-00475,Delta_Logistics,Raw Materials,Delivered,2022-02-09,2022-02-27,1189,19.47,17.15,,false,18,2758.4800000000005,,1,0,0
PO-00508,Delta_Logistics,Raw Materials,Delivered,2023-03-21,2023-04-09,1112,39.06,33.6,184.0,false,19,6071.5200000000013,0.16546762589928057,1,0,0
PO-00520,Delta_Logistics,Raw Materials,Delivered,2023-12-27,2023-12-28,952,74.72,69.73,,true,1,4750.479999999995,,1,0,0
PO-00556,Delta_Logistics,Raw Materials,Delivered,2022-11-05,2022-11-19,1052,37.78,32.6,162.0,true,14,5449.36,0.15399239543726237,1,0,0
PO-00572,Delta_Logistics,Raw Materials,Delivered,2022-08-07,,1423,41.48,40.9,199.0,true,,825.33999999999753,0.13984539704848911,1,0,0
PO-00592,Delta_Logistics,Raw Materials,Pending,2022-02-17,2022-02-18,790,26.8,25.62,115.0,true,1,932.19999999999982,0.14556962025316456,0,0,0
PO-00614,Delta_Logistics,Raw Materials,Delivered,2022-06-30,2022-07-10,1958,95.53,91.72,308.0,true,10,7459.9800000000041,0.15730337078651685,1,0,0
PO-00644,Delta_Logistics,Raw Materials,Cancelled,2023-05-12,2023-05-18,523,102.08,99.59,,true,6,1302.2699999999973,,0,1,0
PO-00677,Delta_Logistics,Raw Materials,Delivered,2023-08-22,2023-09-11,945,57.01,55.14,147.0,false,20,1767.1499999999976,0.15555555555555556,1,0,0
PO-00680,Delta_Logistics,Raw Materials,Delivered,2023-08-13,2023-08-23,901,108.63,106.3,141.0,true,10,2099.3299999999986,0.15649278579356271,1,0,0
PO-00695,Delta_Logistics,Raw Materials,Delivered,2023-03-23,2023-03-31,1241,100.04,97.56,187.0,true,8,3077.6800000000048,0.15068493150684931,1,0,0
PO-00698,Delta_Logistics,Raw Materials,Delivered,2023-02-03,2023-02-08,1629,48.63,43.28,260.0,true,5,8715.1500000000015,0.15960712093308779,1,0,0
PO-00705,Delta_Logistics,Raw Materials,Pending,2022-05-11,,1326,59.49,56.21,,true,,4349.2800000000016,,0,0,0
PO-00011,Epsilon_Group,Raw Materials,Delivered,2022-03-31,2022-04-15,5000,78.49,73.68,18.0,true,15,24049.999999999942,0.0036,1,0,0
PO-00018,Epsilon_Group,Raw Materials,Delivered,2022-08-27,2022-09-04,921,51.48,50.61,,true,8,801.26999999999759,,1,0,0
PO-00028,Epsilon_Group,Raw Materials,Delivered,2022-08-14,2022-08-23,435,17.13,15.84,8.0,true,9,561.14999999999964,0.018390804597701149,1,0,0
PO-00056,Epsilon_Group,Raw Materials,Delivered,2022-10-28,2022-10-30,881,100.94,95.05,30.0,true,2,5189.09,0.0340522133938706,1,0,0
PO-00069,Epsilon_Group,Raw Materials,Cancelled,2022-08-27,,63,61.94,53.8,,true,,512.82,,0,1,0
PO-00075,Epsilon_Group,Raw Materials,Delivered,2023-01-09,2023-01-28,1413,70.47,69.65,,true,19,1158.6599999999903,,1,0,0
PO-00262,Epsilon_Group,Raw Materials,Delivered,2023-02-25,2023-03-02,1306,27.27,25.96,39.0,true,5,1710.8599999999983,0.029862174578866769,1,0,0
PO-00300,Epsilon_Group,Raw Materials,Pending,2022-03-02,2022-03-06,1512,33.25,30.15,53.0,true,4,4687.2000000000025,0.035052910052910051,0,0,0
PO-00314,Epsilon_Group,Raw Materials,Delivered,2022-07-14,2022-08-03,1584,16.46,14.2,57.0,true,20,3579.8400000000024,0.035984848484848488,1,0,0
PO-00328,Epsilon_Group,Raw Materials,Delivered,2022-06-11,2022-06-15,452,46.45,40.39,9.0,true,4,2739.1200000000008,0.019911504424778761,1,0,0
PO-00338,Epsilon_Group,Raw Materials,Cancelled,2023-02-18,2023-03-06,1713,47.45,42.05,53.0,true,16,9250.20000000001,0.030939871570344425,0,1,0
PO-00359,Epsilon_Group,Raw Materials,Partially Delivered,2023-02-10,2023-03-02,1377,94.69,84.2,,true,20,14444.729999999992,,0,0,0
PO-00389,Epsilon_Group,Raw Materials,Delivered,2023-11-01,2023-11-20,559,67.56,57.98,15.0,true,19,5355.220000000003,0.026833631484794274,1,0,0
PO-00407,Epsilon_Group,Raw Materials,Delivered,2022-12-18,2022-12-21,447,59.81,57.92,13.0,true,3,844.83000000000027,0.029082774049217,1,0,0
PO-00546,Epsilon_Group,Raw Materials,Delivered,2023-07-22,2023-07-25,199,51.98,45.64,,false,3,1261.6599999999992,,1,0,0
PO-00565,Epsilon_Group,Raw Materials,Pending,2023-09-14,2023-10-03,54,32.28,28.65,3.0,true,19,196.02000000000015,0.055555555555555552,0,0,0
PO-00567,Epsilon_Group,Raw Materials,Delivered,2022-11-26,2022-12-08,1269,35.28,33.7,35.0,true,12,2005.0199999999979,0.027580772261623327,1,0,0
PO-00568,Epsilon_Group,Raw Materials,Delivered,2023-04-22,2023-04-25,823,68.32,64.46,19.0,true,3,3176.7799999999997,0.023086269744835967,1,0,0
PO-00575,Epsilon_Group,Raw Materials,Delivered,2022-06-23,,872,17.18,16.63,20.0,true,,479.60000000000059,0.022935779816513763,1,0,0
PO-00591,Epsilon_Group,Raw Materials,Cancelled,2022-01-26,2022-02-03,1419,50.14,43.46,,true,8,9478.92,,0,1,0
PO-00623,Epsilon_Group,Raw Materials,Delivered,2022-05-17,2022-05-24,296,64.94,63.61,,true,7,393.6799999999995,,1,0,0
PO-00691,Epsilon_Group,Raw Materials,Cancelled,2022-08-14,2022-08-16,1341,42.96,41.75,39.0,true,2,1622.610000000001,0.029082774049217,0,1,0
PO-00762,Epsilon_Group,Raw Materials,Delivered,2023-09-14,2023-09-20,1346,72.08,67.04,38.0,true,6,6783.8399999999892,0.028231797919762259,1,0,0
PO-00009,Gamma_Co,Raw Materials,Partially Delivered,2023-11-24,2023-11-28,1688,43.93,39.89,89.0,true,4,6819.5199999999986,0.052725118483412325,0,0,0
PO-00010,Gamma_Co,Raw Materials,Pending,2023-07-13,2023-07-25,171,76.87,70.2,8.0,true,12,1140.5700000000004,0.046783625730994149,0,0,0
PO-00019,Gamma_Co,Raw Materials,Partially Delivered,2023-06-02,2023-06-05,1737,97.53,87.37,79.0,true,3,17647.919999999995,0.045480713874496259,0,0,0
PO-00063,Gamma_Co,Raw Materials,Delivered,2022-03-13,2022-03-15,890,98.26,93.14,49.0,true,2,4556.8000000000038,0.0550561797752809,1,0,0
PO-00103,Gamma_Co,Raw Materials,Delivered,2022-02-02,2022-02-18,1045,47.88,44.65,69.0,true,16,3375.350000000004,0.0660287081339713,1,0,0
PO-00112,Gamma_Co,Raw Materials,Delivered,2023-11-03,2023-11-09,1066,70.45,65.88,56.0,false,6,4871.6200000000081,0.0525328330206379,1,0,0
PO-00114,Gamma_Co,Raw Materials,Partially Delivered,2023-02-10,,345,103.62,98.09,25.0,false,,1907.8500000000004,0.072463768115942032,0,0,0
PO-00154,Gamma_Co,Raw Materials,Delivered,2023-07-04,2023-07-05,1101,24.28,22.73,59.0,false,1,1706.5500000000009,0.053587647593097185,1,0,0
PO-00170,Gamma_Co,Raw Materials,Delivered,2022-11-02,2022-11-21,775,57.0,49.14,48.0,true,19,6091.5,0.061935483870967742,1,0,0
PO-00199,Gamma_Co,Raw Materials,Partially Delivered,2023-11-07,2023-11-26,145,47.49,42.76,6.0,true,19,685.85000000000059,0.041379310344827586,0,0,0
PO-00225,Gamma_Co,Raw Materials,Delivered,2022-01-22,2022-01-24,1693,57.89,49.84,88.0,true,2,13628.649999999996,0.051978735971647962,1,0,0
PO-00229,Gamma_Co,Raw Materials,Delivered,2023-08-26,,1404,34.85,30.5,78.0,true,,6107.4000000000024,0.055555555555555552,1,0,0
PO-00263,Gamma_Co,Raw Materials,Delivered,2023-04-24,2023-05-06,1765,97.51,84.3,65.0,true,12,23315.650000000012,0.036827195467422094,1,0,0
PO-00269,Gamma_Co,Raw Materials,Partially Delivered,2022-03-04,2022-03-16,1341,46.27,43.94,63.0,true,12,3124.530000000007,0.046979865771812082,0,0,0
PO-00321,Gamma_Co,Raw Materials,Partially Delivered,2022-11-18,2022-12-03,1399,25.97,22.19,62.0,true,15,5288.2199999999966,0.04431736954967834,0,0,0
PO-00370,Gamma_Co,Raw Materials,Delivered,2023-07-31,2023-08-07,865,81.54,71.59,39.0,true,7,8606.7500000000018,0.045086705202312137,1,0,0
PO-00388,Gamma_Co,Raw Materials,Delivered,2023-09-19,2023-09-23,1185,103.28,99.05,,true,4,5012.5500000000047,,1,0,0
PO-00447,Gamma_Co,Raw Materials,Pending,2023-01-09,,865,28.79,25.69,47.0,true,,2681.4999999999982,0.054335260115606937,0,0,0
PO-00482,Gamma_Co,Raw Materials,Delivered,2022-08-22,2022-08-30,1396,77.63,67.81,58.0,true,8,13708.71999999999,0.041547277936962751,1,0,0
PO-00495,Gamma_Co,Raw Materials,Delivered,2023-02-14,2023-02-15,903,66.53,60.15,29.0,true,1,5761.1400000000021,0.032115171650055369,1,0,0
PO-00507,Gamma_Co,Raw Materials,Delivered,2023-09-03,2023-09-04,1249,54.18,47.29,59.0,true,1,8605.61,0.047237790232185752,1,0,0
PO-00511,Gamma_Co,Raw Materials,Delivered,2023-03-23,2023-03-31,808,24.19,21.64,39.0,true,8,2060.4000000000005,0.048267326732673269,1,0,0
PO-00557,Gamma_Co,Raw Materials,Delivered,2023-02-20,2023-02-22,493,44.74,41.44,24.0,false,2,1626.9000000000021,0.0486815415821501,1,0,0
PO-00577,Gamma_Co,Raw Materials,Delivered,2022-03-28,2022-04-04,1893,55.14,50.1,98.0,true,7,9540.7199999999975,0.051769677760169046,1,0,0
PO-00598,Gamma_Co,Raw Materials,Delivered,2023-03-01,2023-03-18,1466,77.37,70.35,72.0,true,17,10291.320000000014,0.049113233287858118,1,0,0
PO-00653,Gamma_Co,Raw Materials,Partially Delivered,2022-10-06,2022-10-18,72,103.0,89.49,1.0,false,12,972.72000000000037,0.013888888888888888,0,0,0
PO-00689,Gamma_Co,Raw Materials,Delivered,2023-07-14,,1500,29.19,27.24,72.0,true,,2925.0000000000041,0.048,1,0,0
PO-00712,Gamma_Co,Raw Materials,Delivered,2023-11-10,,825,99.89,97.65,30.0,true,,1847.9999999999957,0.036363636363636362,1,0,0
PO-00717,Gamma_Co,Raw Materials,Pending,2022-05-19,2022-05-31,1071,60.77,58.5,,true,12,2431.1700000000033,,0,0,0
PO-00741,Gamma_Co,Raw Materials,Delivered,2023-10-30,2023-11-09,788,97.3,94.44,32.0,true,10,2253.6799999999994,0.04060913705583756,1,0,0
PO-00759,Gamma_Co,Raw Materials,Delivered,2023-01-13,2023-01-28,916,59.01,53.37,47.0,true,15,5166.2400000000007,0.051310043668122272,1,0,0
PO-00769,Gamma_Co,Raw Materials,Delivered,2022-11-16,2022-11-22,446,20.61,19.46,14.0,true,6,512.89999999999941,0.031390134529147982,1,0,0
PO-00775,Gamma_Co,Raw Materials,Delivered,2022-03-19,2022-04-07,494,94.82,81.89,29.0,true,19,6387.4199999999964,0.058704453441295545,1,0,0