date,predicted_demand,lower_bound,upper_bound,actual_demand
2023-01-01,102.42477894026914,35.03847497916344,173.19057147769485,99
2023-01-02,107.25710259315896,40.15234293384946,182.16943362019862,95
2023-01-03,108.56148192265216,38.676583559890865,175.2852905949142,101
2023-01-04,104.72161725270405,36.52669281029359,175.1344066611845,33
2023-01-05,109.7332522714092,39.80673370642839,179.87659139862063,82
2023-01-06,107.92498195875608,35.594609876321364,181.84869082375582,13
2023-01-07,106.29148505228295,40.9542345585968,183.3588290202245,122
2023-01-08,104.28493526116762,30.78006507403794,169.36211440144362,55
2023-01-09,108.5280977076917,35.0956784552126,177.40113978640412,27
2023-01-10,109.22248840982088,34.2590452666654,179.83061082915773,52
2023-01-11,104.76660062756947,35.2605791135023,176.0500464346393,170
2023-01-12,109.17092739502262,41.701754919053315,182.18757181098402,102
2023-01-13,106.7784071930877,33.61730543990593,174.01744960434021,112
2023-01-14,104.59730866965373,36.45516237031068,176.17566580114325,133
2023-01-15,102.09231747204369,35.099965077779196,170.0338155838426,19
2023-01-16,105.89733981556995,35.99312325771532,174.45287252269682,82
2023-01-17,106.22340782163872,32.977573432272784,174.35177774203288,196
2023-01-18,101.47669655679813,33.98313389573083,173.33283466848425,40
2023-01-19,105.67338693775856,33.67236377715893,174.1173499318512,165
2023-01-20,103.16000491701489,30.435428379312103,171.0888414538719,69
2023-01-21,100.94625485255852,27.12845716262859,169.49261596228646,140
2023-01-22,98.4961106236426,33.77193905370076,166.24618783101423,127
2023-01-23,102.44067811741009,38.71620274694298,177.4302807894303,192
2023-01-24,102.98621167150722,30.76065031172959,175.28531659839624,23
2023-01-25,98.53229059008972,26.82020769348181,170.86737027385294,195
2023-01-26,103.08688484334871,33.98243380707008,176.30395827377504,152
2023-01-27,100.98693422299608,31.120793023262816,169.82383267906644,11
2023-01-28,99.23145181253203,25.63769457230845,171.1744570607819,33
2023-01-29,97.272907594289,30.498888537496242,160.7022887380715,73
2023-01-30,101.73039760638946,32.196669783787584,170.5381585593127,109
2023-01-31,102.79797278493865,25.431653448520375,167.2609808483819,123
2023-02-01,98.86312516046488,29.610300746993115,171.93559415608058,33
2023-02-02,103.92215230395928,32.25180338945734,176.57266083939615,164
2023-02-03,102.30101654093284,26.451934536157882,173.74214124718983,174
2023-02-04,100.98870270603227,28.984373280817582,171.14616211671725,100
2023-02-05,99.42882402938608,30.46004265250503,169.58700145648498,176
2023-02-06,104.23297635169688,36.079469685211684,175.82649322413334,35
2023-02-07,105.58921073151572,33.512925361126634,176.52182285522116,74
2023-02-08,101.88061927894017,34.29811513457767,168.9993263229869,129
2023-02-09,107.10075357188995,34.587135012931824,175.37843679638593,13
2023-02-10,105.57449194853479,30.640286809476887,172.88278615474215,166
2023-02-11,104.29136051941104,32.180167937359634,168.38497937754522,10
2023-02-12,102.69705980144973,34.75394963193131,169.6922534275911,59
2023-02-13,107.40670063193467,37.012502582061046,174.87655724459233,119
2023-02-14,108.61312391325588,45.568704686640466,177.85629530320244,148
2023-02-15,104.70530438786848,30.315852296823625,169.81442726411245,83
2023-02-16,109.68356386814179,35.81475720632526,177.795866867258,196
2023-02-17,107.88021679520462,35.13194419816313,181.98625310502646,71
2023-02-18,106.29265986220321,41.554141874138146,174.71431172789872,90
2023-02-19,104.37466459589356,29.52884182599485,171.53624561330082,173
2023-02-20,108.74938344080667,35.15393071392923,183.10116703813753,65
2023-02-21,109.6174504743394,38.614486580613296,181.25048585608735,120
2023-02-22,105.37518303365374,35.384004573767044,178.2287602944275,30
2023-02-23,110.02961509215392,43.13831431619626,180.69527460731084,150
2023-02-24,107.91898985823799,34.637827244946465,177.518725085418,18
2023-02-25,106.04572699242203,33.70319205155379,170.7751757083866,148
2023-02-26,103.86762597168864,33.742773642113555,171.1795989302774,79
2023-02-27,108.01081769238814,34.50986021083441,176.0133447681447,138
2023-02-28,108.67784587924731,40.85964892100709,180.6219755872925,127
2023-03-01,104.26588391775056,35.485371399078794,174.53588996551616,65
2023-03-02,108.78181622823716,33.79300000793629,176.03163969197706,40
2023-03-03,106.56280895126369,36.82508263190254,173.88106468389702,46
2023-03-04,104.609381758648,39.51712020846575,176.62169416199845,184
2023-03-05,102.37673798736341,34.15781436222106,175.65427230710316,100
2023-03-06,106.48786025678132,35.623141695323966,174.03882283692633,123
2023-03-07,107.14174777318374,34.34645235822666,175.77118601716646,137
2023-03-08,102.73179532068377,30.427690294852198,166.1911738684867,184
2023-03-09,107.26103736727836,37.48604580301129,172.94950581452215,131
2023-03-10,105.06287647718949,35.21349308963266,172.8867454957741,78
2023-03-11,103.13430255451888,28.146289039734647,173.9722031987701,195
2023-03-12,100.92735527949162,29.612220915313877,178.31799603644453,45
2023-03-13,105.06233266631011,35.52345082137481,174.1289829987491,41
2023-03-14,105.73611844560304,35.84048862111287,175.5280326750676,73
2023-03-15,101.34062560656389,29.582610374659602,170.90959763563214,179
2023-03-16,105.87807777373811,36.96731246761887,174.26252109914117,57
2023-03-17,103.68174681425914,36.65968307367756,177.15720456174242,90
2023-03-18,101.74915337734984,36.802511865685574,171.17677233698927,167
2023-03-19,99.53348386084676,27.331167934455046,167.42212353455608,158
2023-03-20,103.65672877673866,31.5456517057894,173.71606102593506,69
2023-03-21,104.31791809595187,36.08670893714189,167.62530704609358,150
2023-03-22,99.91145451587435,31.501825141938234,168.4842389209634,10
2023-03-23,104.44227054250919,33.06988290514721,172.96504325760566,74
2023-03-24,102.24643246180067,33.193359619264825,171.17678718489924,42
2023-03-25,100.32420288710072,26.956258129801697,169.80693461702955,47
2023-03-26,98.1313205002044,29.52132274788667,169.8633319492464,34
2023-03-27,102.29200704810152,33.409717931500644,172.7355814646922,163
2023-03-28,103.00708206319388,29.784930474910883,175.72266045519603,68
2023-03-29,98.67219077335885,34.603793775487866,161.68896480006717,170
2023-03-30,103.29287510115032,31.154995114968745,174.8109248398608,110
2023-03-31,101.20511418539304,36.03284750172848,167.96958420816867,136
2023-04-01,99.4083487088323,31.745470088489625,173.5170132300239,50
2023-04-02,97.35674939719807,27.472201770576618,170.55471179997448,167
2023-04-03,101.67224058841052,29.012377576811204,168.3145474339153,66
2023-04-04,102.5526592352971,31.35443153124891,174.0914793292812,186
2023-04-05,98.39005376059217,32.144493151130895,164.12720454100048,57
2023-04-06,103.18585070160839,33.126647459661136,176.77705368908548,81
2023-04-07,101.27151276138221,28.269643377338937,173.7827440336317,186
2023-04-08,99.64169896349765,28.10785197766626,170.58588876407055,184
2023-04-09,97.74568303214268,25.044597822596348,171.02678307527518,65
2023-04-10,102.20053612634045,33.70863775353677,173.3344838298345,74
2023-04-11,103.19944914737401,30.66147121044368,170.06996108623164,21
2023-04-12,99.13019368078669,25.87901846260447,165.21638182800294,78
2023-04-13,103.99044411153513,33.29539086855292,174.46961417209954,143
2023-04-14,102.10857926102051,32.89762635082674,170.33564872458513,98
2023-04-15,100.47696927668149,26.90850254259084,170.21546428195992,34
2023-04-16,98.54349939101714,31.962407640632737,170.41159323124037,10
2023-04-17,102.9248327858475,27.55840998606432,174.7306978242178,169
2023-04-18,103.81478462802481,31.10660879904487,169.23363496254734,140
2023-04-19,99.60280403439448,36.65150964524509,168.3327638634333,58
2023-04-20,104.28928513166916,40.43241060189106,176.34952930596108,156
2023-04-21,102.20632517233143,33.863678347866646,172.68265464780822,69
2023-04-22,100.35093605809926,28.39424792394034,168.76993460825213,166
2023-04-23,98.17646250996522,27.849077106661554,169.0275276533487,187
2023-04-24,102.30571170577517,32.35816661808808,175.41037928674078,11
2023-04-25,102.9391699314475,36.010757261591664,169.42424555257244,82
2023-04-26,98.47330728113889,24.53147502513974,168.9494485345947,193
2023-04-27,102.91569652642883,32.83900475226349,173.869591845515,154
2023-04-28,100.60556960211993,33.718902676753586,166.46751607879528,197
2023-04-29,98.54682391894316,29.521364546775413,170.54293619256626,119
2023-04-30,96.19923779819386,31.560592793830267,170.22411015983224,173
2023-05-01,100.1914059229391,31.965936786671936,171.6600935262146,70
2023-05-02,100.72877625751174,33.002779407959075,171.97286090051063,26
2023-05-03,96.21179503153208,27.23213505086847,164.2233583170768,58
2023-05-04,100.65089095045865,29.649022830291894,168.2878608696873,85
2023-05-05,98.38692644997522,27.674917523167974,169.20451698525602,197
2023-05-06,96.42413176104088,19.398592512078544,166.3284685873496,157
2023-05-07,94.22128371255391,25.07273957259821,163.03419114840239,187
2023-05-08,98.4046417833327,30.01545605786594,171.60055042556107,140
2023-05-09,99.1760234013183,29.756464828035323,164.28813090268645,52
2023-05-10,94.93102453385944,19.203165215590143,167.27544401162874,66
2023-05-11,99.67411508627835,29.725883997458848,166.00678134903274,59
2023-05-12,97.73923422794351,29.110965091788675,168.09606959338717,187
2023-05-13,96.1228977300782,23.41331114201058,164.69925401985157,46
2023-05-14,94.2755746758168,22.59212243335832,169.1380081117058,55
2023-05-15,98.81484072966047,28.84810078354118,168.82823616659482,179
2023-05-16,99.9336840314769,31.765854430562424,168.80185021583753,24
2023-05-17,96.01896338542385,26.14378821194789,161.9504452059799,170
2023-05-18,101.0667416311656,29.993503234490813,167.42959545108303,89
2023-05-19,99.4031126181861,32.542904931688206,172.6406843250234,148
2023-05-20,98.01752729807545,24.32294027509228,167.92818736872013,157
2023-05-21,96.35437004280277,30.484235789501692,168.96607770837912,33
2023-05-22,101.02628662619634,30.439361705112034,169.91111831448336,134
2023-05-23,102.22263485298834,28.578457482447654,170.44832111823277,127
2023-05-24,98.32805324699261,27.632618458012598,163.56780970301304,89
2023-05-25,103.33786737311674,35.50554720182065,170.36915153532112,103
2023-05-26,101.578949949637,30.502360398285454,173.84829797195727,74
2023-05-27,100.04303911912058,30.810906189344156,174.30305263446775,97
2023-05-28,98.17826598962068,28.662448352401807,168.35135953317655,97
2023-05-29,102.60239405104304,28.280444612785217,174.9101664273114,154
2023-05-30,103.51114374312318,38.25085673444225,176.5114932918445,135
2023-05-31,99.29660094480468,28.447952080291298,169.68648579828871,98
2023-06-01,103.96243329098162,28.56227118588856,175.58957800825374,70
2023-06-02,101.84453565260274,31.565903777424612,166.7130111919951,24
2023-06-03,99.94411502976303,27.698678111286192,168.97558445846258,103
2023-06-04,97.71897238930035,28.73006511797162,168.33450954791414,60
2023-06-05,101.79649081640827,30.602082588432136,172.6253658276788,36
2023-06-06,102.38171018335055,34.528641408549234,176.4558787230764,83
2023-06-07,97.87549398840754,31.207379832967554,166.98786507515467,70
2023-06-08,102.28951891531602,29.190750545366463,171.656090697099,195
2023-06-09,99.96671466457292,33.63180096959349,170.07186501634166,40
2023-06-10,97.91416991349578,23.87701895153323,166.9648134005987,21
2023-06-11,95.59426677606359,27.686937983539305,164.40046254081383,55
2023-06-12,99.63755706601114,29.603637877299256,171.79843166524194,168
2023-06-13,100.25076348232795,24.83537774106613,170.51256405655303,41
2023-06-14,95.83491318858825,26.39372442781125,164.59132222928338,169
2023-06-15,100.40033500492176,28.482154110758717,168.00196244158937,190
2023-06-16,98.28714726955637,25.69556628821741,168.74323308178919,70
2023-06-17,96.49825058539713,27.82600853947449,168.9381484034429,55
2023-06-18,94.49058508713792,23.355189535630295,172.22620220502958,94
2023-06-19,98.88816178542488,26.382644463258746,166.48434219742634,89
2023-06-20,99.89024646277497,28.314091936084882,169.8864965332881,144
2023-06-21,95.88969818833353,26.597438599869147,168.17864894230968,13
2023-06-22,100.88818766886085,22.240290799458446,166.8159381302549,61
2023-06-23,99.21691607053997,30.98698536865039,168.75771035568923,168
2023-06-24,97.86984187496093,26.830365060096803,168.4200824103784,121
2023-06-25,96.29516871907187,21.343682971281357,165.03995910868392,45
2023-06-26,101.10859725176789,39.06050885134081,172.04450566941395,191
2023-06-27,102.50171331242167,29.57663173320785,170.10642102926133,63
2023-06-28,98.8605088615453,31.599669035463776,167.4424168354396,128
2023-06-29,104.18075594264384,34.73042489002646,175.32639366800072,136
2023-06-30,102.78885020906515,36.03288334668147,178.14907641011985,26
2023-07-01,101.67512843575646,30.60708178633846,171.6274055333178,84
2023-07-02,100.28541086526745,32.025942708428644,168.1130067195245,167
2023-07-03,105.23427042032166,36.097079061347216,175.53898234208518,114
2023-07-04,106.71340121109189,37.57544815601032,181.60077661602026,159
2023-07-05,103.11008400257441,31.71949025370103,174.1254568080383,126
2023-07-06,108.42247122439841,34.6530229199325,172.77798596193276,52
2023-07-07,106.98031135284064,39.175960226997724,180.20118729339953,121
2023-07-08,105.77812126689575,36.99655049968009,176.23089310818486,124
2023-07-09,104.26656236379321,36.57823922406118,177.0804518520071,36
2023-07-10,109.06552800233487,39.23290232925499,184.78857974232145,46
2023-07-11,110.37232066378385,42.427894097154265,184.5060504748563,55
2023-07-12,106.57992270077405,36.04806972529827,177.44665869280834,122
2023-07-13,111.69208950981772,45.174592863682705,180.65643402901125,44
2023-07-14,110.04389106823744,42.37580018910571,182.05098526518614,141
2023-07-15,108.63471621607106,39.18214770882632,180.23572081551265,89
2023-07-16,106.91950073789343,40.01629482239592,175.91839939092245,89
2023-07-17,111.5216914101635,38.99348140764369,179.1357460247872,163
2023-07-18,112.64132818843238,36.999083844024135,186.27556005810035,130
2023-07-19,108.673251259854,41.92455548433092,177.58042532962415,156
2023-07-20,113.62216363450037,41.30715370831411,184.66496519937542,131
2023-07-21,111.82317598108779,47.74482514644476,180.94923135469912,90
2023-07-22,110.27484775540631,43.33310681270186,177.26897027924042,182
2023-07-23,108.43048425812017,38.56183811897422,179.92571448937716,163
2023-07-24,112.91119932700884,40.067469632422124,180.56331993784173,159
2023-07-25,113.91412241215198,45.30238183300141,186.40602611887866,128
2023-07-26,109.83075247265975,38.93958921601257,182.67028708934237,67
2023-07-27,114.6621843570295,48.42782178099633,184.90940531337395,72
2023-07-28,112.73982878900941,43.27659812998869,181.60048435713898,165
2023-07-29,111.05863402792409,37.49908440461641,185.4565613388292,181
2023-07-30,109.06856265076591,43.81110318653299,179.51570463028716,109
2023-07-31,113.38782695632511,45.85223421771593,187.24379319639618,180
2023-08-01,114.21125571461724,46.25924095342305,184.40359017836377,174
2023-08-02,109.92878904611952,35.33709567506953,178.46183044015856,75
2023-08-03,114.54082198910008,42.66528312964224,180.90908268488903,154
2023-08-04,112.37901348899155,42.72519838824909,183.4465299537331,177
2023-08-05,110.43956534898265,38.61946544225821,184.12383605142446,175
2023-08-06,108.17472203568008,35.44777609973072,174.01178036238844,94
2023-08-07,112.20599335113765,39.75873139105769,183.81415722483933,198
2023-08-08,112.7324723269219,43.4142600507423,181.32736878183482,146
2023-08-09,108.14924590048855,39.38571567702646,179.28782406651806,198
2023-08-10,112.46262083852866,42.82730367475659,178.47768197215206,153
2023-08-11,110.01078463253215,34.3053961745339,178.69893339823787,132
2023-08-12,107.79690989971297,40.73253991345503,182.76101136316385,11
2023-08-13,105.2804580694968,35.38124702911965,176.24076687949258,115
2023-08-14,109.09019000523905,38.72018383670949,178.85430750795743,117
2023-08-15,109.4322621436938,42.90256941388847,176.86216499888135,81
2023-08-16,104.70841234461058,39.7668373755918,175.60971627804514,180
2023-08-17,108.93096475704614,37.13732230746857,175.2399764666565,135
2023-08-18,106.44328027202344,37.96823829783171,175.52740936610869,179
2023-08-19,104.252667738245,31.683815395824624,170.90262210609941,66
2023-08-20,101.82151795807533,33.86856040866547,174.84681527729444,90
2023-08-21,105.7801737543271,39.54942885392661,176.763072230881,167
2023-08-22,106.3349195571812,32.834316390872615,180.23206064465123,150
2023-08-23,101.88609864395642,33.69379291545772,165.52268224796111,28
2023-08-24,106.44309022117761,38.17892554986575,179.6375400542875,16
2023-08-25,104.34477464907624,36.48111949085684,170.5084988050218,146
2023-08-26,102.59250249611004,30.709590264217933,169.44058264101,63
2023-08-27,100.64132870438124,28.596130643472485,168.0035886162557,113
2023-08-28,105.11302317970572,38.19017609987759,171.57678089860084,95
2023-08-29,106.20423808284283,35.95203512413727,174.27208090605785,91
2023-08-30,102.30483566510264,32.486843985022844,172.63409707261238,70
2023-08-31,107.41310354475435,37.10050349139809,178.95463983875143,96
2023-09-01,105.85647957195897,34.62034554241509,175.82675566589046,11
2023-09-02,104.62479512617213,34.55695283814421,174.99923128525572,187
2023-09-03,103.16179078532471,30.68297756163892,175.03036114985238,40
2023-09-04,108.07840804637942,38.49412329935609,174.53339870923816,42
2023-09-05,109.56122966562201,35.34476647392865,172.86483029021838,89
2023-09-06,105.99106490002482,32.1349319571779,179.3728228301228,20
2023-09-07,111.35839934932946,37.409369325316405,178.00959165366356,170
2023-09-08,109.9843249227774,35.19189196578829,179.43819238565476,137
2023-09-09,108.85395291968666,35.56450570465925,178.82137000292028,144
2023-09-10,107.4080592475676,34.081563580476406,175.16764467363956,137
2023-09-11,112.25646162985824,45.723787735563626,181.1691724834339,40
2023-09-12,113.5864987466928,45.609995372298066,187.167115348112,185
2023-09-13,109.78160625026922,46.24692340237124,181.22889950736538,135
2023-09-14,114.83670934500007,50.04920083883332,180.10931167178904,56
2023-09-15,113.07904878428317,35.62287617603278,180.13936916246385,190
2023-09-16,111.50144590671323,43.947131240179026,178.37228348506093,116
2023-09-17,109.55375960570144,36.036804438008566,179.02120881880225,28
2023-09-18,113.85604008677815,47.388698754527674,183.8965054295865,90
2023-09-19,114.60675535082693,48.787914377156724,190.16153673708826,132
2023-09-20,110.20109216608857,39.795695736347945,177.7722540263845,143
2023-09-21,114.64605867514592,41.29155762781612,190.47893607441105,116
2023-09-22,112.28101336753303,38.6476440970832,182.12740879766642,58
2023-09-23,110.11063412105952,42.022847744404544,177.02999122594778,82
2023-09-24,107.5960882562618,39.171742280995105,184.0183724559426,59
2023-09-25,111.367916249676,42.462945445867106,176.01347564951826,90
2023-09-26,111.63401235443226,41.61793708545672,178.4576990612116,104
2023-09-27,106.79771051049485,41.39786115548862,181.5513805449542,21
2023-09-28,110.8727084293967,42.65477736843387,180.69484233241906,32
2023-09-29,108.20345927875508,34.48774497990499,179.37582708021517,63
2023-09-30,105.79804818370374,41.84779839551194,179.78332050057406,127
2023-10-01,103.11931672409081,34.12879034499363,176.14005862703823,68
2023-10-02,106.79774896290016,37.01632772357719,174.30395560046543,173
2023-10-03,107.03950177572703,36.747871232715326,175.82819284193266,12
2023-10-04,102.24458603008564,33.52393491456503,168.14774153765373,67
2023-10-05,106.42192836572974,38.11788188186985,169.8878180913532,192
2023-10-06,103.90993865975882,33.04396034350913,173.75661030754296,66
2023-10-07,101.70959497018151,31.19547942073642,172.64536910364527,154
2023-10-08,99.27580279137615,34.02881869394465,175.03231170257914,176
2023-10-09,103.23053507484839,32.77531463742498,177.35631189246894,99
2023-10-10,103.7711281732296,26.755623927862302,175.2136223647594,64
2023-10-11,99.28873233861137,30.06207716958053,165.00911085120708,54
2023-10-12,103.78363853472891,33.57445692682725,175.36971578082,10
2023-10-13,101.58609881456388,33.38695156222277,170.1782142273984,30
2023-10-14,99.68964461677176,29.603407387557276,166.56621648847826,30
2023-10-15,97.54265298226103,24.446111895161646,163.8240377424896,61
2023-10-16,101.76166112325195,34.93997811931772,173.93769426418956,91
2023-10-17,102.5397994691182,31.020356657253203,175.06722511641615,180
2023-10-18,98.26533792694894,25.910154655485,172.90699104428174,189
2023-10-19,102.9370644664527,31.888016301789403,173.74932134416383,76
2023-10-20,100.88511197434774,35.647367903672645,169.19525853936756,122
2023-10-21,99.10423778626367,31.083481915942052,167.41151561845152,53
2023-10-22,97.04530732694252,30.03982177254764,169.64999856354126,169
2023-10-23,101.32848504755474,32.53082021191878,173.98658700380568,19
2023-10-24,102.15150679138456,27.67721212955676,172.35447766217123,73
2023-10-25,97.90803345844662,27.856063935733065,169.0267696449666,78
2023-10-26,102.60281120117074,33.94343626398981,174.03572773813295,77
2023-10-27,100.57226100473531,34.689119794345935,166.64726993599768,37
2023-10-28,98.81750957196128,31.674373433361968,170.81511171010393,190
2023-10-29,96.7956208224082,23.302278042496813,170.02276860434944,125
2023-10-30,101.13253921026684,33.01013693589651,174.22799759323593,60
2023-10-31,102.03112690410178,35.60507347188797,173.247587587958,190
2023-11-01,97.8893022702484,30.86705073667532,169.7791329595874,13
2023-11-02,102.71501189308637,34.363562881621,169.84919750056028,88
2023-11-03,100.84666520533071,33.03734391607895,165.82574235402083,26
2023-11-04,99.28604889533625,29.91780076739763,164.54291241705008,117
2023-11-05,97.48948451285264,26.960109455454937,165.66066981119124,83
2023-11-06,102.08074332576241,34.577563077762974,172.24942418458122,184
2023-11-07,103.25910195979868,32.62763327892005,175.71225570958205,193
2023-11-08,99.41754634174691,27.600080848795145,168.81733758828358,32
2023-11-09,104.55785483290002,34.42600980369956,167.96595015986495,27
2023-11-10,103.01118688627078,36.28900942197995,171.04063527472908,138
2023-11-11,101.77119032981636,33.04359788878179,171.74827192216827,44
2023-11-12,100.28538541959442,30.053582780579866,171.34197199293328,73
2023-11-13,105.16833336901196,35.459281720125176,176.03679871961353,195
2023-11-14,106.6099656506357,33.60703166452766,176.05057985340724,68
2023-11-15,102.99407367125177,34.05565751034507,173.01542796648786,10
2023-11-16,108.31368132971807,36.90556919254984,180.6997027332032,140
2023-11-17,106.8919181975492,39.414461716598204,176.55202166555463,76
2023-11-18,105.71539786479654,30.02369955552156,174.70303736471055,46
2023-11-19,104.22585131849084,39.723132526085635,174.01902446320474,38
2023-11-20,109.03351531057922,37.45036436528532,180.60130216986664,98
2023-11-21,110.32564501925414,37.549149638590876,187.32893598699,170
2023-11-22,106.48514457853707,36.638730365864205,177.41687601800916,109
2023-11-23,111.50603310950048,43.672085826484896,181.134107078619,198
2023-11-24,109.71436041770205,40.09055406753731,178.12814017340114,131
2023-11-25,108.10157474012709,39.48671890874326,175.84511366202491,99
2023-11-26,106.11609174025108,40.77350879271374,177.98931070178224,141
2023-11-27,110.37656556295403,35.682340111775204,179.82934266511103,23
2023-11-28,111.08023362174424,40.64803236690588,181.1099390220672,170
2023-11-29,106.62133251982881,35.63676494776213,171.9876379778608,159
2023-11-30,111.0063079295839,45.09176518035844,178.33797001678252,185
2023-12-01,108.57443901426494,38.813109957098966,171.7751103461483,140
2023-12-02,106.3308872518316,36.2868367726356,178.13487613280031,94
2023-12-03,103.73792719235001,33.69965018078106,175.6283405881238,160
2023-12-04,107.42786892198941,38.323176336195345,182.56571007238355,30
2023-12-05,107.61105324969897,35.4400954241955,177.89286455385388,180
2023-12-06,102.69392648636268,31.588305061047567,169.8795613883979,35
2023-12-07,106.69392696949775,34.713804801316854,171.2624391236619,50
2023-12-08,103.95981284664201,32.49140454833839,173.9831344582174,131
2023-12-09,101.50444925635114,30.657497612842562,170.07972181157757,47
2023-12-10,98.79581983283495,34.11511173030311,166.31410697057055,97
2023-12-11,102.46977860856833,30.253614369862415,168.06473393512854,20
2023-12-12,102.73792835756704,30.103654602331513,177.06419351129355,38
2023-12-13,98.00563585658253,28.75199814219881,163.59390522428967,69
2023-12-14,102.28691829821618,33.37834877084617,174.43051349734256,70
2023-12-15,99.92483085997365,32.67166113588171,170.0577186911768,156
2023-12-16,97.92437244798323,27.532187596883,171.69142519211036,183
2023-12-17,95.7436718344056,20.928479333180604,162.76959277299392,186
2023-12-18,100.00696603756215,35.11052754113777,173.7528710085874,31
2023-12-19,100.91275135381878,34.5979633973321,173.3232463392737,87
2023-12-20,96.85211062605794,32.52853056765061,166.55242997141156,122
2023-12-21,101.82394301651654,32.41252275563328,173.08363855463534,194
2023-12-22,100.15571746100588,36.73939420297229,174.59466276890726,132
2023-12-23,98.83675737546338,29.423178483366513,169.08828885721104,151
2023-12-24,97.30980901905468,26.22028878748527,167.8435292274297,53
2023-12-25,102.18439544805578,29.514593578314624,174.15350844354597,153
2023-12-26,103.64532672192553,32.73039014533127,173.04792172641837,106
2023-12-27,100.07136063083004,27.762243182278326,172.556638646376,86
2023-12-28,105.45073157900764,34.35926100144577,177.12460676484545,149
2023-12-29,104.10216108443343,35.165625833642814,176.78213589203128,64
2023-12-30,103.00835087058479,31.368874662782698,172.11512769152787,60
2023-12-31,101.60770565960702,36.438394663050985,168.4797071122915,111
2024-01-01,106.50778374357932,33.640792112839314,179.99567926948217,176
2024-01-02,107.89384367823511,38.436744646191315,174.38054905019018,170
2024-01-03,104.14748064711128,30.25001432447329,173.39779332272275,170
2024-01-04,109.26207102076799,35.54670789601793,177.64959479484966,38
2024-01-05,107.56364104170282,39.36715534397428,178.65789109585236,78
2024-01-06,106.04416458841547,34.33503710295458,170.08260325912195,168
2024-01-07,104.1530424980683,34.15426310106252,178.01842616830803,89
2024-01-08,108.51026813489784,39.73013174467364,179.81102240467536,40
2024-01-09,109.31465521522492,43.754760334568466,177.83962190597614,121
2024-01-10,104.96212994479966,39.444076045940754,174.46901588331318,55
2024-01-11,109.46081510932581,40.006065826363916,176.29393098280875,106
2024-01-12,107.15153152052412,33.133284169788155,181.06159628656104,61
2024-01-13,105.0407313429008,39.31925434906431,181.94583687492408,147
2024-01-14,102.59162519042016,33.467164431378215,174.134087680951,83
2024-01-15,106.43701667742268,34.40244669600838,176.26800142496242,50
2024-01-16,106.78722877693401,37.0588793202417,172.50190068207073,86
2024-01-17,102.04813151254459,35.71603546636511,170.60491971866375,140
2024-01-18,106.2360050264651,40.78490850949859,172.965203202933,196
2024-01-19,103.69786859855505,31.0421522676229,173.24123963576926,123
2024-01-20,101.4442939556436,26.865734713280904,164.00282406856246,61
2024-01-21,98.94046712815941,32.319150503824766,167.04966259829416,171
2024-01-22,102.81901341149799,32.59193622325185,171.86395074070208,186
2024-01-23,103.2879691580601,33.96361422595407,170.15328400537913,165
2024-01-24,98.74890783279626,26.17211460874046,163.5545285352135,96
2024-01-25,103.21195089304442,28.282846414576365,172.78832089533392,118
2024-01-26,101.01628930904359,26.281121684203786,169.24529525784152,150
2024-01-27,99.16322817776408,30.68879753136184,164.67695510172203,78
2024-01-28,97.10751184961224,30.32572547617821,172.46957263486692,129
2024-01-29,101.47043653881025,28.766661882079966,165.7540781703085,76
2024-01-30,102.44812602785478,39.47134099509129,172.66505856277556,70
2024-01-31,98.42996948654843,30.733391741453268,173.41549159042225,197
2024-02-01,103.41394349517182,36.30112030407886,169.07154092737326,80
2024-02-02,101.72743579375236,34.63781957470186,168.75451987995993,161
2024-02-03,100.36057532016757,32.35882246658176,174.56228775826986,198
2024-02-04,98.75781868530188,22.861818092897114,168.63280170199823,160
2024-02-05,103.53129359509278,35.65193269998823,172.3329274463639,39
2024-02-06,104.86926934666381,33.44581681350201,174.49513548537928,197
2024-02-07,101.15474905120878,28.95997973291726,171.88697597707937,155
2024-02-08,106.38090252176359,32.70074553979925,176.01678670438739,105
2024-02-09,104.871955481925,35.27881599064917,175.48441491798914,65
2024-02-10,103.61653910479725,41.56058689159007,171.57311436162493,62
2024-02-11,102.05925078140187,34.91140424166754,175.24898613666903,16
2024-02-12,106.81392863642183,31.772498470984733,174.58344192716388,106
2024-02-13,108.07201310246371,38.20496744262532,177.87550660077747,122
2024-02-14,104.2209944491762,34.6476574845642,171.7682202186783,134
2024-02-15,109.25967036691152,37.193735979944435,183.48638359506194,189
2024-02-16,107.51883517040498,35.609936242181,172.6781849842786,141
2024-02-17,105.99441110362491,33.393587349701846,174.32797054953866,171
2024-02-18,104.138779477878,34.78429220125988,171.2993131466902,170
2024-02-19,108.57382114783596,41.321104224156805,174.6759179679679,130
2024-02-20,109.49904656826624,37.82777095383043,178.26998886071905,47
2024-02-21,105.30982100093132,34.64900770282462,175.3155967798007,131
2024-02-22,110.01241519341815,36.017638444968235,177.99049544567757,35
2024-02-23,107.94450869061883,41.9698796491559,177.4737857226758,138
2024-02-24,106.1081610744293,38.629872221370476,173.93814145223521,13
2024-02-25,103.96101276907163,32.66433928449907,167.89125904241055,48
2024-02-26,108.12922781421585,34.91482023761253,177.12384090419633,63
2024-02-27,108.81556067208174,38.448304953177306,181.76154078591793,170
2024-02-28,104.41755335402571,36.48145869508136,171.96586444909352,42
2024-02-29,108.94259279791336,35.56553656064699,185.3332706752647,29
2024-03-01,106.72845419575324,29.30903797898792,177.399658417424,25
2024-03-02,104.77634310133304,37.22158277248443,184.4862852182629,158
2024-03-03,102.54219458171052,36.0830244648747,174.54448852510058,182
2024-03-04,106.64973765775429,32.3623301016532,177.35566216507522,136
2024-03-05,107.2987023031284,37.28503995804153,175.33680676990707,96
2024-03-06,102.88317001604226,33.14855999177728,168.34213970985064,91
2024-03-07,107.40679232321041,40.35448933902537,181.96520726179486,71
2024-03-08,105.20349722640377,36.798658955952966,178.19144819517703,40
2024-03-09,103.2706907989945,40.01725865134961,172.89007569111195,51
2024-03-10,101.06070681576749,35.26315579719619,172.47274258600618,21
2024-03-11,105.19400770280672,39.99044749136908,177.94218398787626,74
2024-03-12,105.86750967549618,35.76491459009335,173.5391854059162,82
2024-03-13,101.47302938805518,35.156060223816155,171.00198216547457,140
2024-03-14,106.01257357121992,33.25057250434269,174.04434725625475,124
2024-03-15,103.81908968226776,28.693108434877654,175.76179892997075,146
2024-03-16,101.88968373619586,30.649662088130302,170.9376594787974,115
2024-03-17,99.67705813832254,30.693125558727626,167.83795174952937,188
2024-03-18,103.80267369700577,31.612731035406735,181.83669684629436,25
2024-03-19,104.465010512155,40.923969712079916,178.5407599774629,87
2024-03-20,100.05792773628787,29.536394683993795,171.89416730752893,134
2024-03-21,104.58584712329015,35.79980176326024,172.27343582728625,140
2024-03-22,102.38438246548829,31.237253530505537,170.61833280812456,161
2024-03-23,100.45342566605098,34.83336142301806,171.54938468120523,150
2024-03-24,98.24844719070241,27.373927133284962,169.22839131537023,139
2024-03-25,102.39352018215018,33.7746798402512,177.19815498282267,121
2024-03-26,103.0894480464016,32.557198093379746,170.07064837569033,136
2024-03-27,98.73200046245101,29.539939202769386,169.46208021971273,30
2024-03-28,103.32698735840802,30.339283528100808,169.83888661180754,156
2024-03-29,101.21079710476857,25.79548600358485,173.56014483095566,98
2024-03-30,99.38341320374978,32.464722601708,170.19922536770454,56
2024-03-31,97.29967001564569,30.47236800736445,166.40398702628596,159
2024-04-01,101.5822587717788,40.67779536111044,167.6020853840016,170
2024-04-02,102.42986475254307,29.19897992114058,169.99243814777662,169
2024-04-03,98.235440713748,21.180134094748553,168.25635737183478,94
2024-04-04,103.00134529104822,33.93052891038953,170.12438775125807,176
2024-04-05,101.05997089544478,30.54255343059549,167.78755758673134,137
2024-04-06,99.40687276906279,25.22764063744542,170.21549615873406,81
2024-04-07,97.49215633853798,25.99707540408713,165.62235313539736,51
2024-04-08,101.93363002455642,33.89933186287531,171.70709144738905,18
2024-04-09,102.92509973437606,31.985296055400656,169.82832354764602,34
2024-04-10,98.85480505461645,30.89721368838605,164.51604093609905,11
2024-04-11,103.72072055473059,28.775710943794916,176.38554523969202,28
2024-04-12,101.851341308904,29.028498644023838,172.68779961881864,29
2024-04-13,100.23895898925342,30.059170843316224,167.03683089720812,79
2024-04-14,98.33118060966534,36.71171251382084,173.66707334808333,26
2024-04-15,102.74419244460567,30.48504630351986,174.18730527807128,133
2024-04-16,103.67114129022335,31.98048337303975,178.99616477168394,98
2024-04-17,99.50062973689195,34.07853412264112,170.28356903876198,103
2024-04-18,104.2320463379442,30.661562928825212,172.8398626468751,93
2024-04-19,102.19634817145239,32.69945280248607,180.4091892497784,140
2024-04-20,100.38930151000537,26.95739361168545,169.6055830673744,96
2024-04-21,98.26293304637376,30.127769600020038,167.97132755815866,60
2024-04-22,102.43869557317826,31.060072887737714,174.14714273780518,91
2024-04-23,103.11572263423058,32.941980938274035,176.02009731206016,163
2024-04-24,98.68917208017194,24.445355156440115,165.8250926939991,193
2024-04-25,103.16538350210423,34.8876425445817,176.61227540799032,17
2024-04-26,100.88247183805957,19.746708691905624,172.33615828026961,174
2024-04-27,98.8433682348187,28.841310339743565,163.87739609756866,130
2024-04-28,96.50706639491375,27.84539874389494,162.2472428896045,164
2024-04-29,100.50158433025688,30.26323599996729,165.80208477531636,182
2024-04-30,101.03202212647682,30.86952329692096,171.13094569218302,13
2024-05-01,96.49872161524478,24.29594791867685,164.2003396484378,95
2024-05-02,100.91225859231639,31.344744264388602,166.92512118403033,137
2024-05-03,98.61389506242485,30.247976848070664,168.6343729043455,119
2024-05-04,96.60850714555707,23.76297265014864,161.6756792249788,108
2024-05-05,94.35575064583803,27.748150024166943,167.42226681360216,46
2024-05-06,98.48297707673582,34.73718103094705,166.68114350882925,80
2024-05-07,99.19328262423817,27.623325514517873,167.49804255370157,42
2024-05-08,94.88369676300901,20.305025002142056,162.89079346012562,40
2024-05-09,99.56024088578148,28.186488105593696,164.75681933911267,192
2024-05-10,97.55848305375753,27.809869247736035,170.1442948045405,134
2024-05-11,95.87660206189393,28.096543169456968,163.45946171124524,21
2024-05-12,93.96671937568958,25.37785089196081,160.12556794222377,20
2024-05-13,98.44800737724519,33.09942668693205,168.0662192586042,97
2024-05-14,99.51495125357769,27.328245136865533,170.06737853006027,81
2024-05-15,95.55576544633358,19.851968230546333,162.59407562277607,41
2024-05-16,100.56768874393653,30.806687654463676,166.85993114881185,66
2024-05-17,98.87777753953286,31.146766878795653,162.20743713014267,175
2024-05-18,97.47620374989644,20.211848342957513,165.15797602601177,197
2024-05-19,95.80780933188755,24.972151110847612,168.73480659902404,95
2024-05-20,100.4854194850653,29.766226147549045,168.11696966019412,28
2024-05-21,101.69828598110891,34.06575427359895,172.1633831861365,125
2024-05-22,97.83065627678832,29.75807597966852,167.40301829028962,193
2024-05-23,102.8771880135039,29.774753981372495,171.03535368307905,23
2024-05-24,101.1638248679915,31.99647796124247,169.81868135549604,42
2024-05-25,99.68113771465987,28.555561104213357,167.17503219369345,19
2024-05-26,97.87588160472882,23.620827108607504,166.76317616100283,89
2024-05-27,102.36427036682848,34.208814208769866,175.16827820124493,73
2024-05-28,103.34034114680678,32.241057401262495,176.17487342202728,199
2024-05-29,99.19440655874223,31.528373811760844,166.82642921458813,77
2024-05-30,103.92831715028949,28.620264720729406,172.9107764574449,101
2024-05-31,101.87615424491827,28.57889924087357,169.95033611899095,134
2024-06-01,100.03736210185716,26.441365376803557,167.96833890871343,180
2024-06-02,97.86807562068455,27.980915893304037,171.82180988081697,89
2024-06-03,101.99415169528986,29.708054537593895,171.33904684222856,68
2024-06-04,102.61928323271275,31.75355084638265,177.89747326751257,189
2024-06-05,98.14320041328305,27.912773680371206,169.40355597883334,106
2024-06-06,102.57668880774139,32.30268161433525,172.16397852352344,28
2024-06-07,100.26205113622588,25.201693625938223,172.9591854460233,158
2024-06-08,98.20602795003796,26.11691040781997,165.41836220402,31
2024-06-09,95.87093923798126,25.637411024802027,166.10374118648437,18
2024-06-10,99.88756010749042,26.949999736583045,169.81061877795318,18
2024-06-11,100.46311372773027,28.62248437798548,175.9611010403753,36
2024-06-12,95.99938929098974,20.463458246582306,163.65599112759932,26
2024-06-13,100.50771670590784,26.186488124424994,170.62743520940492,181
2024-06-14,98.3294257670702,32.24624344914633,164.58267849983304,54
2024-06-15,96.46880487728731,29.657051719172664,166.33602205349433,17
2024-06-16,94.38431996630328,20.76964025539689,165.34792204525058,155
2024-06-17,98.70160428732093,27.043358873965577,166.62488825659307,134
2024-06-18,99.62159877557659,35.866646042252356,170.70568587176072,132
2024-06-19,95.53884629204036,24.675061253585515,159.57228247330002,42
2024-06-20,100.4566662383666,32.53837029001502,170.0908613118274,10
2024-06-21,98.70783141824603,28.5742605375547,167.0068680543581,15
2024-06-22,97.28775588765181,25.309166538709036,167.8645846335547,50
2024-06-23,95.64594782453787,21.01154241967409,162.63210206181407,192
2024-06-24,100.39923140368147,32.43458491051929,173.79270820881416,14
2024-06-25,101.74011077803233,32.98950211014128,171.16081171395112,196
2024-06-26,98.0552732147878,33.27642804151899,169.15436771727207,89
2024-06-27,103.34095208578246,35.38420564548271,170.15241975628382,27
2024-06-28,101.92376646030922,33.798868868309356,169.5742451780638,186
2024-06-29,100.79404172070865,29.20134219240721,171.34933076563487,91
2024-06-30,99.39736183900719,33.87572867340284,170.9855788521229,74
2024-07-01,104.34785493266799,35.51297132386789,174.7947980183019,92
2024-07-02,105.83658392184383,34.35382582167361,172.16483741641377,191
2024-07-03,102.25003917826486,36.22704716383135,170.62396337606077,198
2024-07-04,107.58545482489428,29.2505064031797,176.5844858125811,145
2024-07-05,106.17156747729493,29.979476531785025,172.14876244267927,140
2024-07-06,105.00182490287914,35.24867193372692,176.0735882727872,34
2024-07-07,103.52579920885918,31.93117724729752,176.0082805294392,78
2024-07-08,108.36231093790829,43.69711546819862,172.61238191684555,192
2024-07-09,109.70764129535132,41.808116333439905,183.32285632015666,177
2024-07-10,105.95383527050784,32.82825781082931,177.7673247994315,91
2024-07-11,111.10382347343545,42.99009293202867,179.77128094228866,187
2024-07-12,109.49198773665644,36.46679236834071,179.6275639030014,126
2024-07-13,108.11718412360304,37.377314989435305,175.57375156411157,104
2024-07-14,106.43398383280781,36.215143571746076,175.2451956140723,42
2024-07-15,111.06564378988497,42.84954629630589,180.32492951568898,120
2024-07-16,112.21218893056397,48.65662848527004,181.52781713500525,155
2024-07-17,108.26861293708585,38.3936529360845,177.83513174978265,134
2024-07-18,113.23992834595265,47.74088926135219,187.53394625747012,194
2024-07-19,111.46169317545842,42.20172087086132,180.23151459670754,25
2024-07-20,109.9330287511047,40.27549279002722,179.9009388609922,89
2024-07-21,108.10788916036614,37.19545213435965,173.997096875747,47
2024-07-22,112.60809297934995,42.46257347935054,181.02389364466788,178
2024-07-23,113.63149706868796,43.89040283498519,184.94527941095402,144
2024-07-24,109.57031600724369,39.41804183693628,181.08973454209965,87
2024-07-25,114.4263139991803,41.24093167359079,181.43482931821978,190
2024-07-26,112.53149155830292,38.695585804481354,181.6542997844775,72
2024-07-27,110.88127619149027,47.271821812768415,187.7300570040684,121
2024-07-28,108.92597161533165,41.59128120072051,178.3315174669988,98
2024-07-29,113.28396999339157,39.257302967140255,181.90263382452045,169
2024-07-30,114.1501007722004,47.87956952999715,179.2378616262136,47
2024-07-31,109.914113596484,39.66841888919047,180.23682848382126,159
2024-08-01,114.57601637464172,44.519841890081146,181.7871279033571,153
2024-08-02,112.46688554075128,45.400228682478655,185.9893881028825,61
2024-08-03,110.58215315414787,49.63967588049571,186.57149017285954,38
2024-08-04,108.3731216138692,40.496477104468006,179.88658073724827,153
2024-08-05,112.46020766852173,41.173778512630165,183.47784747320716,85
2024-08-06,113.04128753802092,43.22441169532353,184.54636650618377,154
2024-08-07,108.51013997648191,42.89108012823942,177.59082354469896,73
2024-08-08,112.87170883613663,44.196775177745955,181.12840767535045,100
2024-08-09,110.46280380686748,40.92254876885232,182.80671929568504,98
2024-08-10,108.28524669736645,37.738703881657905,178.1452524978589,22
2024-08-11,105.7972177884166,34.07116578592418,175.64734465287032,81
2024-08-12,109.62630861414449,36.27488328159468,181.9097500082218,193
2024-08-13,109.97765845257427,40.728139002130085,179.41793180213426,14
2024-08-14,105.25217745041047,38.07322891148227,173.23886089573475,21
2024-08-15,109.4615844920337,35.969124436933576,177.10054764104868,178
2024-08-16,106.94888529409408,37.87230787480204,179.41954212718255,12
2024-08-17,104.72130495617063,38.41844663928299,172.1681963644474,42
2024-08-18,102.24143621044716,29.434841482929283,174.80934203771304,130
2024-08-19,106.14011608346739,32.66389405227457,179.20518703014375,59
2024-08-20,106.62441405852535,41.19970115877981,177.29095956762234,193
2024-08-21,102.09573973943623,33.34744418475013,167.8957498265598,146
2024-08-22,106.56480231031072,35.77482349993447,177.64304142219714,187
2024-08-23,104.37205043107524,34.618954583503886,173.66078192956638,38
2024-08-24,102.52060882451157,28.969485904822772,168.22682128913377,48
2024-08-25,100.4674736182704,33.0271032938274,174.63195302936114,100
2024-08-26,104.83647873063987,32.83390519292927,167.66403789784235,109
2024-08-27,105.82641471962987,34.22304154026237,175.63526207980058,182
2024-08-28,101.82930521602646,33.92229625131367,172.57666219283487,26
2024-08-29,106.84556921530843,39.49832028046964,178.92738778452164,65
2024-08-30,105.20469281389185,35.0026112092469,175.22922778391495,55
2024-08-31,103.89842069272385,32.40248944172783,167.33988587901808,76
2024-09-01,102.37222272387014,27.997486540272984,169.47189581072575,151
2024-09-02,107.23854075273924,32.33679856171039,172.32179336020266,76
2024-09-03,108.68518939446973,40.94812958314575,179.82236158721355,32
2024-09-04,105.09390825487242,32.93534912193493,173.57171320787768,103
2024-09-05,110.45578623157401,43.06990100416976,181.95400579862618,198
2024-09-06,109.09217417259158,36.265442096230984,177.82022559397433,160
2024-09-07,107.98808941000263,34.08741907527229,181.6532208317092,164
2024-09-08,106.58386147936412,41.18041393452516,176.12973725242082,63
2024-09-09,111.48851891326792,45.27799503812304,180.34075413390042,147
2024-09-10,112.88828683483392,43.739105232764324,179.27088604025184,86
2024-09-11,109.16518982780657,42.27676930109622,180.72716985234246,25
2024-09-12,114.31247907151105,47.04129685249775,180.39324071934664,50
2024-09-13,112.65549967412767,46.90033989000317,181.75455999790304,107
2024-09-14,111.18500271645263,37.61728718461993,178.42653287618649,192
2024-09-15,109.34865362958266,37.7898847563512,177.41018214532255,137
2024-09-16,113.76424036409003,45.52015622455152,185.4367273484422,70
2024-09-17,114.62795580778244,48.37337832337348,189.90905345587086,95
2024-09-18,110.33275468957804,39.563639242629264,180.15584333021496,127
2024-09-19,114.88351059000213,46.85311005376002,186.51297025788656,109
2024-09-20,112.61759630779697,43.62225074635557,176.62929265683317,58
2024-09-21,110.53789988874101,46.37059870484088,183.6576362405937,189
2024-09-22,108.10403599132201,34.17668218045905,179.40751087588714,11
2024-09-23,111.94526412629357,41.052837347894666,181.38194203112204,129
2024-09-24,112.26849610485783,45.79746029117824,188.54711151125605,187
2024-09-25,107.47640038356816,31.747006529711143,178.9509531642913,132
2024-09-26,111.58233573732717,41.69765477349157,182.1672463809206,95
2024-09-27,108.93074348554138,36.372240807552586,178.2083653185148,180
2024-09-28,106.53001554672275,34.83450286070997,177.08739082625777,86
2024-09-29,103.84360181632424,33.89762911836035,169.31227303457686,145
2024-09-30,107.50287096671828,38.46124212469835,176.11646830662366,68
2024-10-01,107.71510823382651,41.131709128852165,175.34223597979653,21
2024-10-02,102.88165774210981,32.31152336660369,175.60386115872478,13
2024-10-03,107.01294030073588,44.25284242268343,177.59067018596207,126
2024-10-04,104.44897308058032,36.73330681113639,176.01262450861591,104
2024-10-05,102.19240439673109,29.78481863614867,171.2551417465068,134
2024-10-06,99.69982192497679,24.833603989237346,163.5983888331444,50
2024-10-07,103.59484231960862,36.01437497278332,174.11368005821157,132
2024-10-08,104.07635888043559,34.18590018578028,176.95492716359982,16
2024-10-09,99.53694732098292,31.289572326682574,167.3628170352263,78
2024-10-10,103.9781527080795,33.624410961780846,171.55158447708646,78
2024-10-11,101.73127598675163,30.68498660169068,168.13439881499428,90
2024-10-12,99.79066542196782,27.46685571584457,165.35697988926,39
2024-10-13,97.60526372562803,30.1031250266706,165.0058865288935,82
2024-10-14,101.79191183287745,28.040202507773678,166.84661305157547,15
2024-10-15,102.54377973378942,30.02118900910782,175.95679519366965,98
2024-10-16,98.24891911744199,32.49610848069445,166.5894281042527,156
2024-10-17,102.90565670588306,32.876907189306486,170.1535757991367,75
2024-10-18,100.84344372602335,33.93184947181875,172.71055544101077,19
2024-10-19,99.05616520049723,27.16976962897208,172.64388134672458,153
2024-10-20,96.99365953967319,27.383499076513413,164.70699522417115,46
2024-10-21,101.27495048672607,32.502599581513486,168.8216783098701,86
2024-10-22,102.09656425310023,26.35208208024258,168.17216280104896,86
2024-10-23,97.85093030426296,30.406503722483,161.84928578919263,41
2024-10-24,102.54158953990498,35.420562545297216,168.6872999580892,56
2024-10-25,100.50383120365407,23.71681076196514,163.82754807305415,119
2024-10-26,98.73776893668442,32.154508159121995,167.82401576240946,180
2024-10-27,96.69961383787391,32.76512101804656,164.84217591888464,129
2024-10-28,101.01465439114189,31.397561974525498,165.52315149288575,173
2024-10-29,101.8853241010605,32.82379382036452,172.02060516319216,163
2024-10-30,97.70936325733256,29.928016777035417,167.95544939889953,19
2024-10-31,102.49480625007885,25.74568656985446,173.79841527065804,168
2024-11-01,100.58042293566729,35.69693751138939,173.49175537911944,106
2024-11-02,98.9686309010434,28.43754794015477,170.04000390427456,166
2024-11-03,97.11664199581534,27.027525267534553,169.6140967218392,14
2024-11-04,101.64935740206222,29.76629022078101,170.7979160781014,86
2024-11-05,102.7673952566674,35.89990693333767,171.91400173969683,10
2024-11-06,98.86525908264552,24.392879194194343,168.01226874474537,140
2024-11-07,103.94637888490931,38.48863491972047,173.77730691265205,76
2024-11-08,102.34365241935338,34.53030570770316,172.32872876250195,172
2024-11-09,101.0525010864149,27.189348915084686,165.94125136947184,24
2024-11-10,99.52220007666567,31.043863172973307,168.08590162412906,102
2024-11-11,104.36899205093809,38.32930800585189,175.62185393963594,39
2024-11-12,105.78436227608564,39.58382299824558,175.39861942024208,112
2024-11-13,102.15347644017612,32.77873967708636,168.00856064041432,91
2024-11-14,107.47050523450432,42.54947359949738,176.1096630051696,84
2024-11-15,106.05945492519145,41.52485799180982,173.1909229139058,180
2024-11-16,104.90750980354227,34.5138416242401,170.28632904228505,69
2024-11-17,103.45663755056043,35.37314717308954,173.5783566716139,49
2024-11-18,108.31695842810879,39.46417919486229,178.08916568659947,166
2024-11-19,109.67524831361378,35.96855594038221,175.81429596138221,83
2024-11-20,105.91356960079818,35.995341459695226,172.07769329783136,130
2024-11-21,111.02474776725794,42.54122271722062,177.57473808991614,156
2024-11-22,109.33330765300009,35.35216378363505,181.51292786005888,12
2024-11-23,107.82887142615262,38.75011248238939,176.4502764284219,45
2024-11-24,105.95776674931659,39.97130787877962,177.49167939059015,52
2024-11-25,110.33634501285349,36.23792997751549,176.2140568452925,152
2024-11-26,111.15938012565385,34.749428076042726,177.60635605802773,178
2024-11-27,106.81854387877974,41.229593296580894,171.71764720490015,124
2024-11-28,111.3176791527532,46.77575119742856,185.05431007833562,118
2024-11-29,108.9934898737608,40.228224713987366,176.43825479672086,99
2024-11-30,106.84865582168914,42.21640191272182,177.6801848846739,173
2024-12-01,104.34312803374544,31.888323671365704,172.7440975306225,93
2024-12-02,108.10711280908522,42.14874431190483,174.89135695627147,86
2024-12-03,108.34912363161979,36.323663132186965,177.2236935092153,170
2024-12-04,103.47410629818818,35.569897391888404,175.28080997516966,14
2024-12-05,107.49836798485639,37.90920009571196,174.8864035714456,87
2024-12-06,104.76993854436067,34.41376248961339,180.3388175611696,100
2024-12-07,102.30138119107839,36.021698559631616,174.32889356042514,96
2024-12-08,99.56081678130909,26.685864679886876,168.37157774115312,23
2024-12-09,103.18467733093733,31.08279875508623,170.0090848850907,113
2024-12-10,103.38557467999242,33.02000632038972,174.83845250141246,92
2024-12-11,98.57029495243931,32.116968140284285,170.15036194564098,184
2024-12-12,102.75465351676912,33.99785829467452,165.11944206748993,63
2024-12-13,100.28384121156815,31.191368074847414,170.46989996500255,141
2024-12-14,98.16527988393557,24.21980943497678,171.55407463002544,104
2024-12-15,95.85975073094883,25.10844242059259,162.93365365641247,18
2024-12-16,99.99430877077762,27.988197573192455,172.50951390282663,62
2024-12-17,100.77036549925845,29.486403924356768,168.77482566085246,86
2024-12-18,96.58194508514299,25.433490593203114,164.90684084624337,69
2024-12-19,101.43084221682501,24.397246884469837,173.40294532591108,55
2024-12-20,99.64730464723777,28.50443858187568,175.12352878070223,63
2024-12-21,98.22324985187889,28.1207354904507,166.8375262155886,83
2024-12-22,96.60376997544613,29.13045581123408,169.47315364879898,121
2024-12-23,101.40042863859992,33.461872847068406,177.98594385111576,104
2024-12-24,102.7997217607565,26.408004454700972,169.57693981720118,174
2024-12-25,99.1816979225703,29.331391854286522,165.0754776084371,32
2024-12-26,104.53545694060206,36.35515235715255,170.6171338289377,36
2024-12-27,103.18014087292663,36.322527810295384,171.8146447306142,79
2024-12-28,102.09841890419818,31.39446599204918,177.748326259795,118
2024-12-29,100.72821339096517,32.73822844614929,171.28723770298953,198
2024-12-30,105.67616501163683,31.031214982632424,172.36981946951187,86
2024-12-31,107.1262049339129,35.809311271444884,177.68717486907502,188
2025-01-01,103.45822682959417,34.38312218377963,174.86763432776667,59
2025-01-02,108.66357627775452,37.36398354444158,171.79558005865195,133
2025-01-03,107.06597226566217,39.554847736147465,175.47525329741322,28
2025-01-04,105.65486431612841,39.43428927035538,171.98814125469764,10
2025-01-05,103.87697613188496,35.18087950040826,175.6250083394066,49
2025-01-06,108.34953873665452,41.36459426999831,179.66752050069763,169
2025-01-07,109.26858734182272,38.65218683503776,179.356741919697,31
2025-01-08,105.02732219027097,41.6485738830394,180.04242670577509,121
2025-01-09,109.63125923746867,36.72591248383215,172.67504225005345,49
2025-01-10,107.4187943655054,38.16833150231958,178.5319533479542,47
2025-01-11,105.39419406629584,36.903248306449626,172.5956435764485,57
2025-01-12,103.01877305534668,29.13042785113019,170.54219369196764,192
2025-01-13,106.92377127029513,38.13746941256398,181.4263140024767,84
2025-01-14,107.31831360617699,38.052835875681666,179.22053909867176,192
2025-01-15,102.60746116714913,33.623187108010825,174.69662678885177,188
2025-01-16,106.80708760163128,35.59714411167639,185.70652284790054,116
2025-01-17,104.26421090286172,37.82429491885143,176.18544028709445,197
2025-01-18,101.98979910367984,28.097135174963302,172.12424611639585,17
2025-01-19,99.44981449093136,32.48358263808393,176.2735135000142,95
2025-01-20,103.27801152870738,34.00987036785559,173.87001155232352,77
2025-01-21,103.68387309229162,30.838555811411705,174.05000162563837,84
2025-01-22,99.07069353741684,27.26816657652572,167.57464382766514,146
2025-01-23,103.45054044056613,31.333277007580858,169.2756279884727,99
2025-01-24,101.16472224786158,34.08142720075952,171.08991270552508,139
2025-01-25,99.21677580947733,23.737312343364962,168.6907720594472,89
2025-01-26,97.06373280483213,27.94732229447467,168.59672193679106,104
2025-01-27,101.32917363036339,32.31090727300885,173.02427830811726,79
2025-01-28,102.21144593163697,37.57389714963468,167.32543601670994,99
2025-01-29,98.10204830034091,24.08503983950698,165.7171199170136,68
2025-01-30,103.00090261131345,37.98370820130772,177.51351713430083,156
2025-01-31,101.23713375819031,35.656077595778164,171.83041909244173,37
2025-02-01,99.80236240449598,30.6334034826827,173.61549712619987,81
2025-02-02,98.14226174364948,29.125436905043262,169.41609437434457,23
2025-02-03,102.86987939448791,29.837283752616887,173.35566635907898,33
2025-02-04,104.17409493404091,37.291845541689604,173.09250583366514,121
2025-02-05,100.43820784642097,35.88545409782393,168.89435280705848,53
2025-02-06,105.65537470489592,37.99267976412382,173.66878974768096,65
2025-02-07,104.14951088296705,31.416578000214823,168.779741143623,129
2025-02-08,102.908660219488,30.60818146857168,169.6217350463401,188
2025-02-09,101.37658274916781,29.508387346614803,170.35873046921415,41
2025-02-10,106.1660620529151,40.21794634024763,176.57324534653006,187
2025-02-11,107.46730443006976,39.61582352734729,176.25607682242844,178
2025-02-12,103.66642757038149,30.850872365780784,172.26165099640997,34
2025-02-13,108.76076153479305,41.45004668444494,178.47214604755695,125
2025-02-14,107.07958228695513,38.87823357540454,175.88006850522135,198
2025-02-15,105.61728694051129,39.90556718568004,177.05192429562635,75
2025-02-16,103.8247671826954,37.325912667332055,177.22404769639954,51
2025-02-17,108.32248919100144,36.01624170503792,183.0929606727675,173
2025-02-18,109.30865921230033,40.44986529380726,177.9743750239505,85
2025-02-19,105.17747944786291,36.47259283787779,175.76145425542327,146
2025-02-20,109.93422380882383,45.71779158174235,180.00455021179144,173
2025-02-21,107.91576013677815,38.1263621580399,178.2352291622033,47
2025-02-22,106.12353382136082,36.453820429512504,173.2246389966681,170
2025-02-23,104.01477429854894,31.669221547503657,176.7630112781339,179
2025-02-24,108.21543688879345,37.44909626400699,178.21301972706652,70
2025-02-25,108.92826230221546,42.17275222482914,180.62757452671823,183
2025-02-26,104.55096055007749,35.818066365847116,176.24248430512566,98
2025-02-27,109.09124982115998,43.5993091167106,180.9451061076562,198
2025-02-28,106.88737680244975,31.779729134851443,177.36975039219257,27
2025-03-01,104.94113217669397,39.53269658574098,174.16238565590834,79
2025-03-02,102.70912055844965,34.21619858021783,175.14304832578384,91
2025-03-03,106.81579417035782,42.977949117288084,177.2525022662967,125
2025-03-04,107.46162861277526,36.88558259109798,182.17679193795942,89
2025-03-05,103.04144281442719,34.94347302957233,174.49594944977366,24
2025-03-06,107.55958855465231,34.463003526050926,179.52452750658546,185
2025-03-07,105.35063052190517,36.31050678740702,176.4143764082379,22
2025-03-08,103.41252496521476,30.350643846771483,165.5583918539146,128
2025-03-09,101.19805054289837,31.60501781805233,173.09698654902905,52
2025-03-10,105.32799521520359,37.60529104250826,173.65792837046823,197
2025-03-11,105.9994724513547,34.34341151249808,176.030633658449,66
2025-03-12,101.60436428781146,30.413335967721128,171.13091288204592,26
2025-03-13,106.1446127470692,37.98711820113572,182.94659886343103,187
2025-03-14,103.95297748842032,36.522319516108695,178.06216468729502,41
2025-03-15,102.02626553037308,33.4842654140067,172.8180188927876,159
2025-03-16,99.81678537079779,34.10137455439618,169.32146355783993,64
2025-03-17,103.94552904232225,34.40610766888522,171.14909082163695,194
2025-03-18,104.61045603255437,36.478285877082776,175.24653291105724,22
2025-03-19,100.20487820159991,30.725067915536453,172.1013917739368,56
2025-03-20,104.7326696778377,34.63428094727545,174.64934400617034,96
2025-03-21,102.52892286037925,31.31248679422637,170.54081612945058,71
2025-03-22,100.59306029727817,27.476226704604077,170.88727684390344,191
2025-03-23,98.3801592325645,27.229733284568155,168.09925260472554,38
2025-03-24,102.51399721196509,32.25627985697311,171.8079930234295,31
2025-03-25,103.19519775197004,37.31628256331485,176.35225919003398,74
2025-03-26,98.81948033283365,28.972604220929494,169.99139099519456,38
2025-03-27,103.3927437057075,31.000302673061693,177.48983126052926,57
2025-03-28,101.25160836763193,29.44469494080873,171.71027517517643,14
2025-03-29,99.39643225627135,29.8720855893263,169.10079187257185,172
2025-03-30,97.28256015598129,30.281522488511666,166.47444832408993,110
2025-03-31,101.53331819548247,32.708112788573075,170.78032663017723,80
2025-04-01,102.3481346234946,35.91633411887728,166.75672751595658,183
2025-04-02,98.1207924206561,29.76931556416485,167.49779963964482,172
2025-04-03,102.85454310661062,31.52155614911289,170.50125778233348,182
2025-04-04,100.88270701777364,31.37239879697008,171.79251266537221,150
2025-04-05,99.20177259767019,33.5803854073898,169.8534493551485,147
2025-04-06,97.26275279298565,31.418446062876743,163.17644151219432,75
2025-04-07,101.68430672190274,30.880562500777494,172.93029695551198,81
2025-04-08,102.66100387044006,34.853190807064976,174.49936628137647,34
2025-04-09,98.58173185075155,38.841981848260644,168.97769471762808,181
2025-04-10,103.44497210341409,34.57449928428723,174.04684791003388,69
2025-04-11,101.57956354730436,28.410778627036706,174.31004299899882,184
2025-04-12,99.97796131935685,30.239199881192604,164.05923251938398,49
2025-04-13,98.08774334249118,26.15719332831255,173.02512173286075,16
2025-04-14,102.52486774978775,32.82772499484265,175.42658469773153,183
2025-04-15,103.48205366587464,40.7420319316836,174.73106581429772,160
2025-04-16,99.3472821629248,30.440329462507226,174.22664523138457,55
2025-04-17,104.11913823532876,34.665465215545304,175.92861435712587,95
2025-04-18,102.12761105658167,31.00029890364735,171.21120083234973,150
2025-04-19,100.36735781385003,30.82879916197821,171.19766263346605,30
2025-04-20,98.28918297337154,22.52150825704278,163.53744055674173,10
2025-04-21,102.51323612013431,40.20963860000787,177.71938041467786,132
2025-04-22,103.23730199760313,36.17161455693189,168.18173666465884,156
2025-04-23,98.855181674855,26.30980276939341,163.88993995541986,134
2025-04-24,103.37188872825686,32.071521068490796,166.98272368075808,197
2025-04-25,101.1242815935548,29.44088341180692,173.72507944003831,42
2025-04-26,99.11414201659939,25.772397226614572,167.4972733187756,13
2025-04-27,96.79945669525067,28.323423171190466,163.38993555575897,12
2025-04-28,100.80741094986178,29.087324214640983,164.4181390643891,100
2025-04-29,101.34247402740533,33.17201076364653,172.71998596431234,61
2025-04-30,96.80458105487044,27.865645478386337,164.33122344379896,37
2025-05-01,101.20414154099927,30.4406350621542,172.4747695882698,79
2025-05-02,98.88250133787835,23.839221257457556,165.4350919721801,192
2025-05-03,96.84487331269287,27.921565677505267,168.07582158272905,66
2025-05-04,94.55149854610903,27.75341738667711,165.8929813536934,117
2025-05-05,98.63055087419794,29.419442793886898,161.2954909614251,153
2025-05-06,99.28616748534641,28.945218053236417,174.6757056320616,33
2025-05-07,94.91661272191195,25.142490027828668,158.31181437196778,178
2025-05-08,99.52930607232635,28.23762832567768,170.91628485339007,86
2025-05-09,97.46134126357079,29.06203733232828,164.3346417248894,184
2025-05-10,95.71251060268308,26.94896754696951,164.0502863294431,85
2025-05-11,93.73659420587936,15.697431663671962,163.86702925758235,78
2025-05-12,98.15442373081021,25.426658927072744,168.1764980425689,110
2025-05-13,99.16209918512806,30.275884593264994,170.78078335938193,168
2025-05-14,95.1493609978418,22.165463161180377,165.68125995589443,101
2025-05-15,100.114842691027,26.901046549832994,169.21355716766524,101
2025-05-16,98.38682488542811,27.760793674348534,168.39906047105495,39
2025-05-17,96.9564982659371,21.667893557802262,163.57712888816368,27
2025-05-18,95.26948845463977,13.84128585080027,166.48456453958806,53
2025-05-19,99.93914575023726,30.01741178003139,166.65666003597025,164
2025-05-20,101.15497187232086,31.26209413534106,169.00356530122053,108
2025-05-21,97.30117987331316,33.12977647026199,163.58204375555596,163
2025-05-22,102.37210712074102,33.91079163476422,171.9237969478985,130
2025-05-23,100.6930973964662,33.375962302663325,170.61565199052316,124
2025-05-24,99.25385593703044,24.638578653941536,171.5710630204718,69
2025-05-25,97.50002756596682,29.605681310426395,164.86404540796298,155
2025-05-26,102.04649916309212,35.58842723715477,170.31709565631186,65
2025-05-27,103.08579803588778,33.24346576418571,172.8204974622888,40
2025-05-28,99.00658294369141,37.75264075257573,164.95433410256896,110
2025-05-29,103.8089494114261,27.249025992429488,177.21630428020066,68
2025-05-30,101.82516821590445,35.008477679151085,172.8859628507618,133
2025-05-31,100.05286472645817,34.411017346867055,172.87051562646005,139
2025-06-01,97.94639402337818,26.832986799213256,165.93288500155086,106
2025-06-02,102.1299185896017,34.60676154227507,170.17200931681901,176
2025-06-03,102.80556631296103,36.00518670603508,172.12001304435617,198
2025-06-04,98.37167216529,24.389356086566977,163.43966023412364,116
2025-06-05,102.83783206681525,33.24201234942582,171.84350605183576,27
2025-06-06,100.54539474734155,30.651204358755336,170.91182738692785,154
2025-06-07,98.5004060750637,31.834467057169388,168.76386417035053,176
2025-06-08,96.16476722898949,23.238608133148276,165.73494913643265,80
2025-06-09,100.16911944329016,25.76286467375246,168.48292435257906,115
2025-06-10,100.72083830284991,31.990915436270598,171.00600828151778,63
2025-06-11,96.2221453589121,26.469100801488416,166.761609029528,103
2025-06-12,100.68506901004797,34.41598042772875,172.89732147498765,85
2025-06-13,98.4518828358151,21.873242800125215,163.82349039517854,44
2025-06-14,96.52803710109993,26.13648668165908,167.3117217660145,20
2025-06-15,94.37334489432571,24.196423841882496,164.65820161428869,70
2025-06-16,98.61493455524189,27.601110349471334,169.37529086414705,53
2025-06-17,99.45534917494791,35.42605820289878,173.44781852752752,130
2025-06-18,95.29079768301463,27.894049695432223,166.9495453454266,77
2025-06-19,100.12628525584404,33.599920418349,170.10905878959207,34
2025-06-20,98.29624619015463,27.772420943776577,163.74109428528703,185
2025-06-21,96.79768923533797,25.569411157167313,169.301494709919,169
2025-06-22,95.08161061297733,23.288118688962204,166.20413961640713,93
2025-06-23,99.76617981774456,28.37774263599167,169.9274350049805,123
2025-06-24,101.04507228870361,31.564322871904373,168.57946133040562,141
2025-06-25,97.30594683682246,27.584933311485916,171.2977006821893,175
2025-06-26,102.54578919269795,32.60892097226655,177.40715504329387,184
2025-06-27,101.09173889393216,29.223567672857417,175.22403804679738,10
2025-06-28,99.9344041988384,33.30589751282746,175.51682388378063,140
2025-06-29,98.51941571907211,27.118183599556346,171.13870040737254,95
2025-06-30,103.46072023045168,33.84482185562229,171.38633078786603,71
2025-07-01,104.94898611980972,39.698120668039664,179.43523028053767,73
2025-07-02,101.37011679857953,35.92913822030148,171.77896654306062,154
2025-07-03,106.72059300735218,40.03188077787576,178.2978741107054,135
2025-07-04,105.32826191338677,33.504344281623325,172.75770208777516,114
2025-07-05,104.1855794645745,33.44318999041173,173.63227147283717,71
2025-07-06,102.74105950347008,32.21236655720191,169.837966503373,44
2025-07-07,107.61243485446488,36.36843735679107,176.32790818513158,22
2025-07-08,108.994906419432,38.61412518158356,177.0833155580515,172
2025-07-09,105.27948186836736,39.670887462666066,180.54525101169193,52
2025-07-10,110.46813062144793,29.747717305065514,183.3316693769451,139
2025-07-11,108.89437913088975,39.06400664544328,181.22957723207915,193
2025-07-12,107.55635917973491,39.306725495968045,179.53288955386682,120
2025-07-13,105.9080689071703,36.068237143895246,177.16634535768213,137
2025-07-14,110.57235774185924,40.987590790115895,181.34641153981113,60
2025-07-15,111.74901682301567,36.82625827603458,180.17878856445537,191
2025-07-16,107.8329814495892,36.419687700993904,178.61933517195726,153
2025-07-17,112.82937645993087,41.099156654161774,182.1072641811847,155
2025-07-18,111.0740318837237,37.22706836688662,179.13389546912904,144
2025-07-19,109.56648393826224,37.72519839182785,181.90041060295587,54
2025-07-20,107.76122238555713,40.96728507263236,180.28826217468173,173
2025-07-21,112.28069564811736,43.21397623868431,183.64102013007843,178
2025-07-22,113.32345438533494,44.993622622740475,183.1454270394209,51
2025-07-23,109.28243812314705,34.8358693421112,183.78623533214517,144
2025-07-24,114.16013288486447,44.549618256656736,185.80687584549923,24
2025-07-25,112.28922329384109,44.374807048371956,181.37332680570333,69
2025-07-26,110.66574955251055,39.769242579102354,183.04505405485432,49
2025-07-27,108.74052499591772,35.95932936466849,174.61282757921597,174
2025-07-28,113.13231981364875,46.511507407842835,184.36356347948802,121
2025-07-29,114.0361855335237,47.38324986527056,185.1013185973024,192
2025-07-30,109.84191863818526,43.81974392544849,179.25856775810843,86
2025-07-31,114.54938512351131,45.59402141814029,183.64395026201598,114
2025-08-01,112.48932360587659,45.5426621549934,184.86850318592016,116
2025-08-02,110.65663198296707,37.34967691850124,177.80744650488757,131
2025-08-03,108.50188858040289,42.26789590909298,174.47627527748804,89
2025-08-04,112.64460940323619,40.604176111006964,184.5043664448745,134
2025-08-05,113.28161303080336,42.60674416235844,182.85892263810817,193
2025-08-06,108.80548949617653,38.804358483972734,176.6996188858215,181
2025-08-07,113.21989402536626,39.422404716919296,181.73707061586285,194
2025-08-08,110.86028344716284,48.57034733215308,176.24907082334065,143
2025-08-09,108.72710162285087,36.514422222909566,177.37183153219797,41
2025-08-10,106.27716728525928,39.1177901603983,176.96094792774784,117
2025-08-11,110.13676941027242,36.964950381078495,185.98012247532745,123
2025-08-12,110.50984611621661,40.526339602878174,179.58184201985267,155
2025-08-13,105.79624871265197,37.519918362464416,172.93440570577178,77
2025-08-14,110.00681772901113,39.34024505952809,179.78789035319124,136
2025-08-15,107.48389518697687,36.91432415128679,179.08111998231982,144
2025-08-16,105.23428622801889,36.197412669332394,170.34716081080884,123
2025-08-17,102.72043035450453,28.63757458220951,173.79905725946608,17
2025-08-18,106.57329417774886,34.97883349173141,176.67924400635113,73
2025-08-19,107.00036813252761,36.59953894782468,178.30226093751168,144
2025-08-20,102.40377474270637,33.00062179605132,170.5952440713466,50
2025-08-21,106.7952205423524,38.20580713006456,177.89348155914502,49
2025-08-22,104.51642033775258,33.12101877803334,169.628389575483,12
2025-08-23,102.5720103476316,32.07314816019875,170.88079675080022,154
2025-08-24,100.420712796969,28.232975621426736,167.51439532654288,119
2025-08-25,104.68826498413584,40.89229828134192,181.07513870875565,123
2025-08-26,105.57549516965557,32.63374651310763,170.22031607030337,121
2025-08-27,101.47655151165944,30.286361449169366,173.5897759143632,189
2025-08-28,106.39401356933647,36.014308905278824,178.33783101919988,159
2025-08-29,104.65951131693573,37.106048070924366,176.5383894412239,13
2025-08-30,103.26686339820834,31.506541068639233,170.98277073042797,143
2025-08-31,101.66349145405482,33.41503713584523,170.82070566892804,175
2025-09-01,106.46361702258957,38.34768874746499,175.22976874875758,35
2025-09-02,107.85661624228338,41.34020715281742,183.0779390651915,148
2025-09-03,104.22553106844353,30.551699903318145,169.36023292975187,26
2025-09-04,109.56245882618822,33.968202846538816,178.55792239854796,101
2025-09-05,108.18943737924012,37.81486418643018,178.98614038032665,40
2025-09-06,107.09183023854378,42.91243232516321,177.0072550596581,172
2025-09-07,105.70996150793971,36.731783974608774,180.18947702300517,153
2025-09-08,110.65250090367685,42.45704228077517,184.48989565746444,116
2025-09-09,112.10496867305656,40.15697768784164,184.52798283144682,155
2025-09-10,108.44835473470252,40.92701352045772,175.65894668187016,120
2025-09-11,113.6745706245428,43.15835517748296,183.17285091843559,110
2025-09-12,112.10734953682791,44.86210882642015,186.37347849226387,121
2025-09-13,110.73559810608475,41.378852301600396,175.24409216471642,71
2025-09-14,109.0049504881922,38.66440012423809,175.7437786106844,121
2025-09-15,113.53102696390111,42.55868194426466,177.7763675686368,164
2025-09-16,114.50777015398053,46.37822513869405,187.41254041472797,172
2025-09-17,110.32585761884835,40.73014153157778,172.31960614306524,125
2025-09-18,114.98791494542351,45.33252654284581,184.02252780554372,182
2025-09-19,112.82915104067402,43.03203134872901,181.5273147172238,44
2025-09-20,110.85042644175167,45.000091168965156,184.19227903677,37
2025-09-21,108.50951289544994,38.750606017415,178.79627035206863,112
2025-09-22,112.4340544388992,39.81694000392305,179.4866399003,134
2025-09-23,112.82961116398239,42.3766036949306,182.2375651269623,111
2025-09-24,108.09779238859831,37.73143815180719,177.83301492341147,146
2025-09-25,112.25121091477064,43.07904808041878,180.16564737449437,152
2025-09-26,109.63388708342161,42.634494976976846,179.30423532218825,30
2025-09-27,107.25411963694616,32.89255495719057,182.15310836694087,61
2025-09-28,104.57558687770833,38.437038610473344,176.33231851447712,172
2025-09-29,108.23019247344318,38.19630102183128,178.85949441410634,106
2025-09-30,108.42603997681529,41.14312842209168,172.96204247234894,60
2025-10-01,103.56554434983482,32.27609620690427,176.7596585336846,92
2025-10-02,107.6604123792893,34.545804515537114,174.63177271268094,64
2025-10-03,105.05211953267064,34.65963963648965,175.8182251821003,86
2025-10-04,102.74489777288453,28.07039717096185,172.88910186539488,136
2025-10-05,100.19699406797722,25.7660557619994,167.20271087571376,181
2025-10-06,104.03370904894877,32.959498619439024,171.76373502989583,102
2025-10-07,104.4555939720968,34.26003782657181,164.03347800245496,97
2025-10-08,99.85680754235291,27.06717695364923,173.7278238513771,89
2025-10-09,104.24035710835291,32.717235278711385,178.755397497003,162
2025-10-10,101.93884398493759,32.2763663951123,179.4166374641309,101
2025-10-11,99.94771943766612,28.80788915829615,164.78555971282742,56
2025-10-12,97.71680312509697,30.64641037976483,172.05558759106395,193
2025-10-13,101.86356578490825,33.12367081761199,166.06899283404198,47
2025-10-14,102.58154716224325,34.031103782034556,174.36757874789708,148
2025-10-15,98.25890428222678,24.547468888605554,165.06206256381967,24
2025-10-16,102.89380903142775,30.140770352783026,175.06154348464216,10
2025-10-17,100.8153103229807,30.492066110151967,169.88777741356182,144
2025-10-18,99.01666409716162,30.202770347990885,167.629231466892,10
2025-10-19,96.94688096798693,24.55145036684943,165.14854939414735,58
2025-10-20,101.22399267158828,28.55416559609484,166.09384887737582,105
2025-10-21,102.04340906124193,31.894497770651306,168.2093537255332,166
2025-10-22,97.79636285083531,29.802066272540415,170.63772328565702,35
2025-10-23,102.48516446543377,28.534697866115398,165.47698863216544,96
2025-10-24,100.44388686180292,28.409271940277396,169.87438667997714,182
2025-10-25,98.67148921744848,33.335968207626536,168.48523268031812,102
2025-10-26,96.62313583844745,25.978926301586796,161.9459007943293,111
2025-10-27,100.92321868044577,31.92784997908017,174.19005242649627,80
2025-10-28,101.77346295061076,33.67194209006825,173.02261136231363,149
2025-10-29,97.5711209696248,26.686317157045096,164.09320794868805,104
2025-10-30,102.32398464655466,30.335558505194065,166.8415226603785,169
2025-10-31,100.37084419963952,26.94049591502294,171.36864367686925,127
2025-11-01,98.71440933610938,25.472803612807883,172.8031937172135,157
2025-11-02,96.81245587641236,22.66552318607141,162.82707389479208,128
2025-11-03,101.29071197303615,32.936794484501455,168.4911592485947,60
2025-11-04,102.35086808930858,34.98118884522382,175.6375362569209,90
2025-11-05,98.38871941149708,29.815831337815595,170.65858918209634,45
2025-11-06,103.40917322419394,33.50653582148423,175.88726691150495,76
2025-11-07,101.7467496705133,37.56360389070301,173.56006351146246,138
2025-11-08,100.39859147494879,34.87154837805321,172.34046662124783,123
2025-11-09,98.815743564975,31.339133703798087,166.748370879155,164
2025-11-10,103.61621332830664,31.02556995753689,170.53875515188093,120
2025-11-11,104.99319098368171,33.13184208872794,176.75115502613227,177
2025-11-12,101.33343290618004,31.443265087560007,173.66747688816938,151
2025-11-13,106.63253362230019,35.412762702649694,177.5101288203549,109
2025-11-14,105.21570729124677,32.55142977481748,170.44052536737982,118
2025-11-15,104.07108607231001,33.096201426956,172.04344473637886,129
2025-11-16,102.64128779837235,36.02084206385804,171.31909321798437,88
2025-11-17,107.53675508422273,32.14158573014298,177.8861249201665,143
2025-11-18,108.94423689852398,44.71648716692165,179.32870388690608,170
2025-11-19,105.24540739773839,33.88852106887008,175.22807095239082,192
2025-11-20,110.432340338465,40.09999996967367,180.11788096169988,28
2025-11-21,108.82845335116811,45.33603255284581,179.1047008378918,136
2025-11-22,107.42192400279164,39.278385903861476,171.81661987105323,38
2025-11-23,105.65732582608243,36.13270559312128,182.0497982960621,198
2025-11-24,110.14898356483438,42.41220413385356,180.54735332076007,33
2025-11-25,111.08941724335597,44.43809443229065,182.9085246427825,160
2025-11-26,106.8678699499705,36.937482830860226,169.05590130514227,19
2025-11-27,111.48563926682158,40.280826519089466,181.2315575729946,191
2025-11-28,109.27682973590301,38.39616024196587,181.61048141446554,114
2025-11-29,107.24153281242472,37.04018596079867,177.16457360752725,178
2025-11-30,104.83718830733494,32.06177130344857,176.24362300800811,186
2025-12-01,108.6916335401943,45.841702784819866,184.53316569248128,154
2025-12-02,109.01121774161868,34.51759225196674,175.81290892482778,193
2025-12-03,104.19898527253022,37.19546947510378,172.8245003595188,182
2025-12-04,108.26965677643555,38.27330942110719,172.4160132086082,167
2025-12-05,105.57003509316448,34.07762033800463,172.15447544827174,181
2025-12-06,103.11185181670952,35.91156813284412,171.61936663491886,64
2025-12-07,100.36281766009577,31.120876528073072,170.53858079140792,156
2025-12-08,103.95939148274333,33.25670066916533,174.04621686647272,166
2025-12-09,104.11465338458947,31.87829125288033,171.4968491386067,11
2025-12-10,99.23629230633703,26.941040295222663,169.62153579615162,173
2025-12-11,103.34144293689599,30.46392099287479,174.41433076304327,156
2025-12-12,100.77700308873624,29.1949006576133,166.30424111556636,144
2025-12-13,98.55245027929418,24.323455905359666,172.49652736963455,163
2025-12-14,96.13092197231151,20.05823987947781,165.21720633150542,120
2025-12-15,100.14207401954917,29.316463620209063,171.08114233227036,47
2025-12-16,100.79010078813124,30.29787375033828,172.24125474430556,140
2025-12-17,96.47192393520368,28.537636464884567,170.0219522010801,111
2025-12-18,101.19227968513421,29.258259970750917,172.11780377035328,104
2025-12-19,99.28432948631368,28.37308047053923,170.36400601408369,101
2025-12-20,97.74280533090268,28.447314836232117,168.63456240092682,80
2025-12-21,96.01544576656843,21.911102545119792,165.8179316894123,180
2025-12-22,100.71622797236611,35.00730871424821,168.593105591057,199
2025-12-23,102.03376971956739,32.798709963289326,170.9927379322597,33
2025-12-24,98.34989828145342,27.943592605086103,170.47571419332806,176
2025-12-25,103.65510628181218,37.562429076027044,174.81937381916208,77
2025-12-26,102.26950979591125,34.26380986988058,169.81324210974648,137
2025-12-27,101.17631098213363,34.96918461496116,170.82963214706177,102
2025-12-28,99.81351307073189,28.870593149575708,169.21771971043154,53
2025-12-29,104.78738590181618,36.37580693930632,172.62195136662973,142
2025-12-30,106.28104986869363,37.98609617226521,172.39941239928942,64
2025-12-31,102.67317073918144,35.68478049984997,173.59369749221295,167
2026-01-01,107.95348224735005,40.04066997537433,182.44730906135226,38
2026-01-02,106.44375024594686,31.690827900074517,181.20428088204073,163
2026-01-03,105.13118078287364,35.40559183093349,173.47837806153458,163
2026-01-04,103.46002161540346,28.068449606870075,172.48428561404182,46
2026-01-05,108.04485858948027,42.99394026464704,173.54836781462552,124
2026-01-06,109.07897943145333,34.98241251748394,176.14379452730503,190
2026-01-07,104.95280343519893,34.04843642256169,174.511260388167,167
2026-01-08,109.66910110240636,43.14969812517693,175.8960641013384,12
2026-01-09,107.56362563974938,32.694588047765414,173.64953881967148,131
2026-01-10,105.63816751999059,35.2664316897898,177.79605034825465,52
2026-01-11,103.35179094603086,32.387285083577915,170.85638075253172,16
2026-01-12,107.33376319981554,33.017585225939214,174.40303316334564,134
2026-01-13,107.7915589461131,43.37606488685543,177.09886379698355,58
2026-01-14,103.1289472088712,34.918410481255684,171.38607009321532,130
2026-01-15,107.36089377610152,37.667279473001194,175.69791067899646,82
2026-01-16,104.83390886986398,33.89390260517964,174.85303407296232,50
2026-01-17,102.55885824653635,29.572665234144292,176.25045291406855,115
2026-01-18,100.00200237188555,27.284026175640427,169.82401926659733,86
2026-01-19,103.79777915981691,36.51633817396498,176.68470131473845,191
2026-01-20,104.15671544409064,37.64832041210804,173.2684679523386,136
2026-01-21,99.48347652508131,28.587344611256235,170.31482276585368,100
2026-01-22,103.7917866678433,29.311662702179785,170.9775308494272,164
2026-01-23,101.42484902162784,38.35892299964992,168.07571319564653,17
2026-01-24,99.38828032592126,26.43453123488201,165.72174202106785,41
2026-01-25,97.141320911346,27.153508445869374,168.54699549858742,73
2026-01-26,101.30983014108523,26.127863641327973,166.5458527687191,147
2026-01-27,102.09444607639013,30.821240652952664,171.30356869484942,22
2026-01-28,97.88891146959055,25.39675111806327,165.91649735977398,102
2026-01-29,102.69529108146689,35.17662449463488,174.86975899034286,172
2026-01-30,100.84470049942053,31.858065317417804,173.08942897070935,70
2026-01-31,99.33055335038392,28.664285665157546,169.52822034800096,191
2026-02-01,97.600079004335,26.35417835942635,170.28154437677534,17
2026-02-02,102.26761279468512,39.70778779193948,174.7499961212242,38
2026-02-03,103.52302993268735,40.04720935567905,173.37894411458845,104
2026-02-04,99.75031833051662,33.382198604983266,169.76708811263413,50
2026-02-05,104.94300933886403,30.218431041574156,175.04011017083974,167
2026-02-06,103.42508163484426,32.67884891547893,171.4015038077719,158
2026-02-07,102.18434138378281,26.08555070191591,169.68774233133632,20
2026-02-08,100.6640282562901,32.07733563933639,166.34115633788022,11
2026-02-09,105.47614811565838,31.21316534261163,178.9377681532729,187
2026-02-10,106.80990365550034,40.01125280247907,173.87473522228441,178
2026-02-11,103.05021958937452,37.03989816430242,175.0271752604245,140
2026-02-12,108.19308400700689,36.268098967211124,181.30523965439045,89
2026-02-13,106.56632486297347,38.31493814194131,173.23193017982283,188
2026-02-14,105.16282944336233,37.05896671585381,175.00781415623615,96
2026-02-15,103.4319619498841,31.14756245190471,168.65059878951814,162
2026-02-16,107.99268623131935,36.42004942803181,180.12757623498436,167
2026-02-17,109.04177162032548,37.10351439979169,180.57031485820477,115
2026-02-18,104.97208541335259,29.568165852046153,173.35989025201164,148
2026-02-19,109.78770059322994,37.656106206472494,180.8694885198611,26
2026-02-20,107.82444458763027,42.92581516801063,179.34098296503737,163
2026-02-21,106.08290337981725,35.909485690392366,175.27798297353596,32
2026-02-22,104.01964204025613,36.09435173313632,172.43367138857758,193
2026-02-23,108.26015393180023,40.60693718982298,171.17100568123186,189
2026-02-24,109.00692092030667,40.71022458410503,178.97410459336595,57
2026-02-25,104.65759154054301,35.77248282776518,176.81686003970142,29
2026-02-26,109.22000808354458,39.45855705968123,179.68929092390567,11
2026-02-27,107.03270966979612,37.71811451902621,175.75893453920762,97
2026-02-28,105.09792578639667,40.68680710797512,179.2755762394469,40
2026-03-01,102.87282042329691,31.957315338109392,172.56871283701057,164
2026-03-02,106.98249708806043,40.416584102216824,178.35467314878838,139
2026-03-03,107.62814409736922,37.62586734016438,178.7886895352191,87
2026-03-04,103.20532331296563,30.6870960083928,169.5686545552693,13
2026-03-05,107.71912879185783,32.3982736266287,171.51062469186488,150
2026-03-06,105.50483736018943,41.7238130824332,182.22157998508195,172
2026-03-07,103.56106014412619,41.47960553389268,171.48129046304183,137
2026-03-08,101.34114954013387,28.84938659819292,168.71981882325585,143
2026-03-09,105.4663662252381,37.86066678544364,173.1538515641467,40
2026-03-10,106.13418008263838,40.03259464433213,172.6497872487309,147
2026-03-11,101.73670301998587,26.57532962976038,170.57732052025582,30
2026-03-12,106.27597545158747,37.70132153348091,172.67377411283286,32
2026-03-13,104.08472439439237,34.87638418483951,176.17836593048864,140
2026-03-14,102.15959891033258,31.5003809384271,174.17156068056403,169
2026-03-15,99.95263493533137,27.581572078018787,172.01648552195272,157
2026-03-16,104.08445257776715,27.817638808585542,174.13564928155589,38
2026-03-17,104.75255920994334,32.978369749937116,173.87861729226546,114
2026-03-18,100.34975674792292,25.48872837852429,172.09359073942858,61
2026-03-19,104.87937625772203,39.95757073980554,176.25951503853346,124
2026-03-20,102.67596009745417,30.16036487908073,172.61595970573543,183
2026-03-21,100.73840039833536,35.568552076342726,171.50773659351722,171
2026-03-22,98.52128969822925,29.628837741995255,171.53184955016644,110
2026-03-23,102.64799115669237,32.86334665628825,175.51559218879476,93
2026-03-24,103.31880644591158,29.11030724832628,174.4713791802651,70
2026-03-25,98.92924474808838,29.084926155159206,168.34563360113142,134
2026-03-26,103.48512112844261,32.77456359061891,171.823214325351,80
2026-03-27,101.32310954767429,29.981067197444393,171.4752902207212,79
2026-03-28,99.44376412906237,24.89168316092479,168.33250779331877,148
2026-03-29,97.3027689004898,28.343097135860415,171.66784566348198,117
2026-03-30,101.52392729819842,32.10935911208148,169.53750474728656,30
2026-03-31,102.30727270361845,34.37156619603592,169.50652522933078,140
2026-04-01,98.04730583661402,27.301317855265236,162.9350608596134,91
2026-04-02,102.74808879786033,26.854390595867493,173.5439222123592,97
2026-04-03,100.74382162831762,33.587399406250476,178.9728887238189,120
2026-04-04,99.03191465897795,27.56604799976367,170.85203780111286,19
2026-04-05,97.06431559155651,28.805648274949196,172.76630749125067,164
2026-04-06,101.46060041445386,32.38197866467192,173.3266192248167,21
2026-04-07,102.41620640769699,36.24024368257778,173.27700628620477,16
2026-04-08,98.3208092973983,28.264361979960267,171.23504943988164,154
2026-04-09,103.17356996477476,34.75748340689926,171.81786068245614,123
2026-04-10,101.30387169900212,31.848098233785155,168.7837870223627,35
2026-04-11,99.70455605406151,27.507110418385633,167.31245100504702,24
2026-04-12,97.8234108662644,24.69964715488294,173.263773772162,42
2026-04-13,102.27641415452808,35.4881805961698,175.39499479995067,71
2026-04-14,103.25610694864405,30.881397677092252,170.73126707158232,56
2026-04-15,99.15009224046072,32.97950434724358,165.12855729142265,104
2026-04-16,103.95638109767995,34.423356088455066,170.23946969557227,44
2026-04-17,102.00420321041685,33.5527020816321,172.6977816151923,85
2026-04-18,100.28728698078233,31.525672462877772,168.42559115126465,132
2026-04-19,98.25536063472433,31.714000817470247,169.38431084876643,92
2026-04-20,102.5273769476798,34.398598167129165,173.40011166356365,34
2026-04-21,103.29983449283667,35.33699554652355,175.20541859885293,66
2026-04-22,98.96519347974363,28.276621202511354,169.56924778347354,41
2026-04-23,103.52710909113098,36.94521430674817,168.4183217301067,72
2026-04-24,101.32110240406543,35.16777789683702,177.24961511380377,21
2026-04-25,99.3476776951738,30.997289334010482,172.20348742394532,72
2026-04-26,97.0636420684657,25.82388578150015,167.38473280201802,86
2026-04-27,101.0951350985715,31.40655793811898,166.9193080804856,101
2026-04-28,101.64574699373114,31.497682775842595,174.1013751196485,10
2026-04-29,97.11472927097282,24.367742040945775,166.8728843372458,188
2026-04-30,101.51202692884304,30.13421605084806,173.072992698604,79
2026-05-01,99.17875825252429,27.33523223799234,164.55552890894234,145
2026-05-02,97.12015688742646,28.522603899479783,169.07812929034867,142
2026-05-03,94.79673756621435,20.715241833506077,160.97180058689827,95
2026-05-04,98.83719807023576,31.136516511455437,171.53590622142025,48
2026-05-05,99.44644010781644,27.376479589506452,171.17367292559192,32
2026-05-06,95.02371643750767,28.379432512731164,162.8617321543398,77
2026-05-07,99.57763560633887,31.44931507152832,168.50784241106192,189
2026-05-08,97.44665179202042,24.202315916166352,166.91411449344002,13
2026-05-09,95.63205465771811,27.684839746145737,168.23125473875237,135
2026-05-10,93.5892197769941,29.169467715551214,166.38513051655318,184
2026-05-11,97.94063029696642,23.755321294657776,166.89146034561904,30
2026-05-12,98.8840495703745,30.69536704936436,169.15538816740988,193
2026-05-13,94.81084817012491,24.625759087353916,164.801942360812,114
2026-05-14,99.72121188826894,26.38086100694537,172.47801315829133,75
2026-05-15,97.94485271636538,25.44837506654366,172.50461731468215,196
2026-05-16,96.47423165673806,25.857655904762165,166.04506627059953,16
2026-05-17,94.75604746706452,20.120225926199254,160.71316187505406,58
2026-05-18,99.40449534140261,25.113983282260637,168.38684195737207,25
2026-05-19,100.60966857370545,27.187323619963212,167.78946505371272,154
2026-05-20,96.75610010994804,26.90946318231463,167.90752119814437,93
2026-05-21,101.83816444685614,31.224919370342413,175.899461578042,96
2026-05-22,100.18095627669979,30.840591987513143,173.087321180713,107
2026-05-23,98.7736498389318,29.182822116478782,171.46798932610557,84
2026-05-24,97.06108904801498,24.228156866214672,166.18412900359903,43
2026-05-25,101.65710934175752,31.99390252347901,171.9127034853225,170
2026-05-26,102.75296230574871,38.63573246359745,174.26982706160138,35
2026-05-27,98.73583911877374,21.859556435255996,166.95567462116244,75
2026-05-28,103.60421357391304,35.75608507041101,172.88880309027746,134
2026-05-29,101.68862252627856,30.41209681906796,170.56618468924736,72
2026-05-30,99.98489029432272,30.880257956425922,170.7240029910614,96
2026-05-31,97.94555069583646,24.043389461605464,167.09590003004067,50
2026-06-01,102.19297221840382,28.221342270474832,174.57680736276996,195
2026-06-02,102.92756275006636,38.77565935098913,174.92050667138062,107
2026-06-03,98.54605594718579,29.17282343646914,170.0957511093518,133
2026-06-04,103.05660651725663,32.653613433097256,171.61576769916692,88
2026-06-05,100.79931909228193,35.11821611483817,172.4601586806316,19
2026-06-06,98.77922415384214,31.64923509954267,166.3540968668054,24
2026-06-07,96.45746153249227,30.244881667856337,163.7190991325208,51
2026-06-08,100.46418353632501,36.476605267010086,176.05920310972408,102
2026-06-09,101.00656021335317,28.21007810971372,170.69823653209355,194
2026-06-10,96.48689425478742,23.707923459457604,165.8301523876738,26
2026-06-11,100.91757744154907,36.89018366967828,167.6322529982787,197
2026-06-12,98.64151699890097,30.31109671900627,167.26285734930278,18
2026-06-13,96.66504796801955,22.10321204084661,164.32889448477013,123
2026-06-14,94.44909365159357,23.9400368474597,162.19443627495264,45
2026-06-15,98.62208656591812,30.77293618953643,168.26535876063946,45
2026-06-16,99.38803162056064,23.19810145592547,169.38977575824808,57
2026-06-17,95.14471711086294,31.389080589860857,159.13467834443173,60
2026-06-18,99.89880242863164,32.792560025262084,166.67182229472672,106
2026-06-19,97.98640687287858,27.58186180636377,170.01871488775157,128
2026-06-20,96.40621082091764,25.681990429662246,168.54853064575636,104
2026-06-21,94.61082574756017,28.90755292993174,164.07010182385102,79
2026-06-22,99.21993940091424,28.09985402888493,169.00509734751338,83
2026-06-23,100.4286113578373,29.196672476087258,170.67716018437017,89
2026-06-24,96.62571786559474,30.32859001882497,164.15957778195042,77
2026-06-25,101.80926821127115,32.96058687808619,176.49701825085955,159
2026-06-26,100.30721054792954,31.9245785288352,169.7168874464519,86
2026-06-27,99.11073238551218,31.878419310708278,167.0490757224597,125
2026-06-28,97.66580675722788,31.882578354180033,167.77587490340264,15
2026-06-29,102.58648562853206,33.39864337547516,171.8939934298339,163
2026-06-30,104.06331190049114,35.16291886306648,172.76663873409652,84
2026-07-01,100.48184602457164,31.77674773493285,174.69765669792594,97
2026-07-02,105.83802764050525,29.877659802788152,175.28900331701067,12
2026-07-03,104.45898944625615,34.568414388309165,170.43440897153798,61
2026-07-04,103.33632891116676,30.1385064754844,171.4018177728795,83
2026-07-05,101.91759035052803,28.36759334128668,170.8231429511039,134
2026-07-06,106.81946148878093,34.40085301976014,171.79269438928884,197
2026-07-07,108.23605939136046,37.87344681236297,183.47604912453713,74
2026-07-08,104.5573061660098,28.61081270438163,175.02491051766896,61
2026-07-09,109.78411994689687,38.53269892797536,174.28167115158084,85
2026-07-10,108.24904402935512,42.298299112417936,180.4052511613419,151
2026-07-11,106.94932580673857,32.66569403279489,178.3818682418345,98
2026-07-12,105.33820426280084,38.74816807599095,173.95494761088733,81
2026-07-13,110.03791638257567,42.14030192062063,177.17465945298213,77
2026-07-14,111.24780340707487,44.286110935101874,180.5019972219903,165
2026-07-15,107.3625230002075,38.551519118441824,174.8599049402367,147
2026-07-16,112.38709795709413,48.46339011217413,184.85420975277154,124
2026-07-17,110.65742872814162,34.405451503909106,178.01794887095187,66
2026-07-18,109.17328497227152,37.05717119201802,175.5725974460522,75
2026-07-19,107.38953750076624,40.643870466656956,177.72854347742057,99
2026-07-20,111.92914254701921,39.69228417772737,185.34790682109784,59
2026-07-21,112.99125978348022,45.81657334718209,187.7737308985351,23
2026-07-22,108.96950953962387,37.35099950838122,175.79956352457253,25
2026-07-23,113.86709817429713,46.15021728087923,180.8612118770017,191
2026-07-24,112.01743616230334,37.671620016967516,179.73519068553864,180
2026-07-25,110.41726045724073,43.81646967084588,179.9239494842021,51
2026-07-26,108.51801801083502,37.88526961848292,177.15092040840221,119
2026-07-27,112.93901721488254,38.939678518047344,180.4521388780385,31
2026-07-28,113.87572298325213,40.00286656701915,186.12789532309202,77
2026-07-29,109.71819488655883,42.77131974218991,179.73692029993495,28
2026-07-30,114.46639107295383,45.28039047601151,182.42075472943364,75
2026-07-31,112.45095636063078,46.26907946064706,177.5926329946979,176
2026-08-01,110.66650011364267,37.48220028613502,177.2308415744819,82
2026-08-02,108.56311524793558,39.05779623626727,176.28946485279548,156
2026-08-03,112.75964019459295,44.29798084367573,183.344938066807,153
2026-08-04,113.45203535160199,50.75527567311435,181.08208247096465,63
2026-08-05,109.03187014117884,40.254835819519,179.44731045874644,162
2026-08-06,113.50164111163411,42.526487583457744,178.23545994538318,121
2026-08-07,111.19553825701705,38.77114943191998,177.7367687836564,27
2026-08-08,109.11266508327344,38.96495261165222,178.14348510543417,160
2026-08-09,106.70846482892061,39.89367809188143,175.22632795860554,126
2026-08-10,110.60785685062885,40.19422216797029,184.130135160337,94
2026-08-11,111.01345795589593,38.4205795288671,184.4730202453947,148
2026-08-12,106.32388902810251,35.74806773903381,175.43291395295506,48
2026-08-13,110.54889247201379,41.127251991653004,182.0494793914657,114
2026-08-14,108.02988345411362,39.0667151257495,179.04897026154924,77
2026-08-15,105.7729468127314,33.92820654296208,177.09331151292503,34
2026-08-16,103.24003874935408,29.88079672871199,175.34527433896466,167
2026-08-17,107.06190417330309,40.85559133161424,179.07911660985602,182
2026-08-18,107.44609129560459,35.308210428405495,178.32338091142478,132
2026-08-19,102.79507037791983,27.22870124947682,168.32207325288414,130
2026-08-20,107.12118826992842,38.332304605231904,176.56591005260847,70
2026-08-21,104.76708717283672,29.238742036332315,177.26464531195518,109
2026-08-22,102.73860415256328,36.161806432667035,168.1534335304031,60
2026-08-23,100.495914200934,29.864213360692244,163.381853330653,107
2026-08-24,104.66643031970929,30.73749409656253,167.84579511419759,146
2026-08-25,105.45284365357655,32.41792232386607,173.09082958226156,11
2026-08-26,101.25131077858418,31.85013922650796,174.30099954942895,14
2026-08-27,106.0665187303519,29.211297940540494,174.72347250849307,199
2026-08-28,104.23225392893215,39.81096666636705,172.48268131280946,189
2026-08-29,102.74448806262643,34.4332520994171,170.38042271351898,95
2026-08-30,101.05273917711129,32.46434449087121,169.21644238741644,142
2026-08-31,105.77321592223458,31.55001506028467,176.6821461521584,196
2026-09-01,107.09712164057323,35.374915178939766,180.1701304738648,77
2026-09-02,103.40911841711453,32.28568247257118,174.14229751951964,18
2026-09-03,108.70267424048306,39.447116934451934,181.45693289317765,102
2026-09-04,107.30091175847903,35.09491703699142,178.38288803131934,159
2026-09-05,106.1899639985864,37.569484976285615,180.6767996996227,164
2026-09-06,104.81058780856702,31.528146930026175,178.48120869034318,147
2026-09-07,109.77153589708844,39.44823661868297,180.76012906938476,134
2026-09-08,111.25805770931773,46.051077906354166,179.85726663340657,70
2026-09-09,107.65052362199415,38.68656216217615,179.41052765520502,60
2026-09-10,112.93989095162286,44.80573700594449,187.2413684330246,19
2026-09-11,111.44862672255105,42.69954635571925,177.7079805225414,143
2026-09-12,110.16409025545387,39.62683933442057,183.34192898272337,71
2026-09-13,108.53012532140609,35.08207316943571,169.50739329027192,122
2026-09-14,113.16036306729777,41.56367156626523,179.11091024350435,142
2026-09-15,114.24660760612527,46.40687917182162,183.1547978933291,131
2026-09-16,110.17730170762023,35.90193580069237,179.30658796915174,132
2026-09-17,114.95279524705676,41.866748313411236,186.40605835027245,193
2026-09-18,112.90603662378619,40.79268881937085,183.69786645172755,196
2026-09-19,111.0356964279754,45.30351064824172,183.79899526654378,72
2026-09-20,108.79748009974263,39.15253921484061,179.59756341798544,120
2026-09-21,112.81713836809298,46.28063597388238,190.39566494055367,98
2026-09-22,113.29855531417203,41.83372984372755,182.0996586483338,196
2026-09-23,108.64191958838302,40.15501711337943,184.75398048817425,60
2026-09-24,112.85870944648113,41.70107130020912,182.64181094076207,187
2026-09-25,110.29211950756584,36.65663064487017,179.50200004825925,141
2026-09-26,107.94994566924993,36.33214309555187,174.13274912254502,113
2026-09-27,105.29569133995149,35.42262886658426,175.24063652944113,132
2026-09-28,108.9614092682256,36.682741130647315,181.0278515720747,57
2026-09-29,109.1556632239853,40.46733038126323,181.67286943828373,41
2026-09-30,104.2816182636499,29.917693195242748,170.2750436044167,129
2026-10-01,108.3519921469464,38.529709390860596,177.25365771281764,188
2026-10-02,105.7094963569635,36.68805592886893,175.37445957828726,189
2026-10-03,103.35978233806952,35.031665456298846,173.7143989217002,108
2026-10-04,100.76265394669122,32.11129212813267,170.1638945006073,83
2026-10-05,104.54505694928942,34.444588605722515,171.5341873786271,43
2026-10-06,104.90922519689218,32.952857003611115,170.43214860611937,173
2026-10-07,100.25098653841509,29.718306522322944,171.72463853426962,79
2026-10-08,104.57495449258911,29.092193547443653,177.1736397471203,180
2026-10-09,102.2152268953644,33.971161956366,175.03337007641485,119
2026-10-10,100.16859942766658,32.82440212665413,166.6730477912957,25
2026-10-11,97.88604706043343,26.95790093184167,172.89381077041904,68
2026-10-12,101.98597627730734,33.05970823782984,173.232387026312,190
2026-10-13,102.66261994932594,32.873660777536436,173.57853216714722,28
2026-10-14,98.30457061512358,30.06435658342533,168.89202156486056,104
2026-10-15,102.9101715396352,38.37826210181701,174.71494336839928,122
2026-10-16,100.80838097790465,36.37648872179385,178.82713319144995,50
2026-10-17,98.99211278794286,23.669256531724297,172.0904770476014,90
2026-10-18,96.90980283666988,28.69723851979958,167.5997533247875,184
2026-10-19,101.17870174231993,34.10069607770045,171.90116714719866,112
2026-10-20,101.9932648558445,27.13115578866204,174.43380551904525,63
2026-10-21,97.74363563694364,23.706644303822056,168.88741350747986,192
2026-10-22,102.43094356343774,35.61155219317282,173.45043767084564,104
2026-10-23,100.38803507931085,29.42019151880936,168.79067811338388,156
2026-10-24,98.61264502566725,25.495997280314572,166.88267612360272,71
2026-10-25,96.5587633954719,24.452605485353423,165.58865277076154,108
2026-10-26,100.84970428928418,32.96733472203094,163.86446649427248,102
2026-10-27,101.68625505737892,31.246080005579177,175.1069563493488,196
2026-10-28,97.46490940716573,28.417741057491007,166.86454483009788,74
2026-10-29,102.19291355044496,30.801163764978323,171.28901257105025,77
2026-10-30,100.2087519077891,28.402928594602155,161.74542476305126,37
2026-10-31,98.51508766351722,31.25922553544193,165.95877503627895,27
2026-11-01,96.5699204613441,24.4796933860425,168.033578294511,35
2026-11-02,100.99947494289634,29.10199793169669,172.47220596993324,113
2026-11-03,102.00620410774351,32.94586055052207,170.53597301466914,156
2026-11-04,97.98691625130643,27.11110996332282,164.60787176975032,64
2026-11-05,102.94775836152205,38.37230405114154,176.13864741816263,128
2026-11-06,101.22468500735528,31.529750733639382,171.81047833390923,133
2026-11-07,99.81642915201333,30.319148991720862,171.92424785352281,194
2026-11-08,98.17573690329844,36.054806190927984,174.98565462456958,143
2026-11-09,102.92237820375198,39.284815150975575,174.30236639850733,138
2026-11-10,104.2513143605759,35.2909293556761,180.35481080754064,17
2026-11-11,100.55102679159563,29.346779883026144,168.59975628810022,60
2026-11-12,105.81873430855016,38.30618831847757,175.72645876125944,94
2026-11-13,104.3811213842407,33.0492739714498,179.7308886804153,34
2026-11-14,103.227586409708,31.274452019745386,172.14709377692222,184
2026-11-15,101.8017638975647,25.321909741443697,169.76731006355666,192
2026-11-16,106.71482417990276,38.27929588784011,174.20526206099908,92
2026-11-17,108.15392289213716,39.577026689945,177.87940389324842,102
2026-11-18,104.50079610652563,35.19053176967807,171.77501161730024,126
2026-11-19,109.7472202700237,36.181731167292945,183.27243803272603,147
2026-11-20,108.21595181137346,39.56791377451314,179.25722377713578,65
2026-11-21,106.89414865459484,38.72553476542091,175.11321438840565,21
2026-11-22,105.2250218400416,37.4074064753661,173.92399068662445,170
2026-11-23,109.82121623827695,42.74169845821077,181.53910217894722,129
2026-11-24,110.8732894167791,45.36505769949964,173.74360901126406,80
2026-11-25,106.76828273201919,32.13539183608456,173.35169128000774,26
2026-11-26,111.50510351156215,42.49636522509403,179.6250330050157,198
2026-11-27,109.41533442782142,47.10248057449425,182.68272512930957,131
2026-11-28,107.49647503955865,34.071666723932616,176.59684658505964,133
2026-11-29,105.20336788160118,32.574933983462216,170.22279953487842,19
2026-11-30,109.16131359958293,40.65473942842703,178.99647817728854,40
2026-12-01,109.57425089115847,34.135839387264966,175.73207346420833,69
2026-12-02,104.84300303631917,31.735332619495168,177.19083652994036,79
2026-12-03,108.98031839431044,40.82572765137356,177.68991484914872,26
2026-12-04,106.33133004864078,40.23223066827464,173.61214663847227,59
2026-12-05,103.9064489761281,34.73897091208138,176.8582230414602,46
2026-12-06,101.17245257797603,30.39164325272618,166.77414442570395,199
2026-12-07,104.76528232305151,32.94106938776199,173.24726715678602,127
2026-12-08,104.89793505418824,39.0884258933185,171.7572465487401,166
2026-12-09,99.9784578192608,32.56210222079703,173.9311870391433,169
2026-12-10,104.02478074440774,36.47924226291882,173.8219439794822,89
2026-12-11,101.38501912795203,29.981181482566953,168.48461859063735,20
2026-12-12,99.07026382092121,23.127878654756913,167.90582719897918,143
2026-12-13,96.54562495441965,30.38083486893597,166.72209647869357,132
2026-12-14,100.44304446370386,30.70482130799782,168.2658130094392,44
2026-12-15,100.96926204225241,35.63262105302707,174.25498188538097,42
2026-12-16,96.52394286761533,25.133686093093132,172.09862056502166,27
2026-12-17,101.11469852190429,35.586096828810724,170.2564659845376,174
2026-12-18,99.07762769742605,30.079944020990336,170.95448178412485,22
2026-12-19,97.41038978332749,28.38312924018481,168.36566204931154,99
2026-12-20,95.5635692264023,30.231946281941067,167.8952319503127,119
2026-12-21,100.15383790090698,31.576223817752975,167.42602966775544,10
2026-12-22,101.37229112180559,32.46586647311101,176.6819592303968,72
2026-12-23,97.60295607782842,27.521076548360227,163.72743494150163,43
2026-12-24,102.83819424226144,37.062442876605175,175.1426012144364,112
2026-12-25,101.39961445372728,32.42758118177109,172.94593173293458,19
2026-12-26,100.27150009922043,29.85335218200623,174.08408064515197,137
2026-12-27,98.89249912407045,26.90959532598232,160.3894709545152,16
2026-12-28,103.8690756791219,37.107976429682864,172.5234490394708,65
2026-12-29,105.38409158444588,34.20799326179823,176.58103904793435,89
2026-12-30,101.81551010134463,31.45645817272926,175.17337373454183,174
2026-12-31,107.15193862274674,35.684107758482504,178.63308523468254,166
2027-01-01,105.71362349455293,31.047496485082373,176.48966831706718,21
2027-01-02,104.48589847814428,31.195859338961796,173.32120660066428,154
2027-01-03,102.91083526073999,34.38959656286648,168.4245338317031,57
2027-01-04,107.60059611364744,41.86966084172106,173.71479361143614,35
2027-01-05,108.74585973357341,38.066524801292275,180.73840409990333,121
2027-01-06,104.73431709634485,36.97968882689895,180.25988203631127,131
2027-01-07,109.56595962936635,42.70816424110387,180.9007204951842,21
2027-01-08,107.5737798082386,38.647955070921206,176.438491845909,158
2027-01-09,105.75689358548209,30.080201666108128,173.44693752428174,51
2027-01-10,103.57184174069181,38.596384183825876,175.30506010045585,70
2027-01-11,107.6455794813169,40.528359336061406,183.57699255617774,67
2027-01-12,108.1835348499598,40.13757721361085,177.2408238497961,191
2027-01-13,103.58774232346623,35.88268898965039,173.33270512516998,43
2027-01-14,107.87178323951179,43.484726661778495,182.150574886283,16
2027-01-15,105.38116201189736,37.81966595756819,177.54147572005436,118
2027-01-16,103.12613568613673,32.726033315251065,174.8024361455907,44
2027-01-17,100.57276114529964,33.88146033056487,177.04339769817608,24
2027-01-18,104.35567540333274,38.218805151780984,178.66882563595365,34
2027-01-19,104.68599438547145,36.78307817657492,177.02824387725184,68
2027-01-20,99.96934004018397,31.946539444257873,170.37310655813678,88
2027-01-21,104.22072941521617,38.237093946272935,171.56391776571778,95
2027-01-22,101.78495515627291,33.81533598038277,170.94570824430136,143
2027-01-23,99.66947398077693,28.906869423277893,171.82466909585696,189
2027-01-24,97.33556498796564,26.45786642743093,164.59432636509774,97
2027-01-25,101.41126942939422,32.16378590981838,169.75843993047053,158
2027-01-26,102.09949228387482,30.878512039930357,172.10271442049452,80
2027-01-27,97.79626933894022,27.907567998755674,166.22349595421966,130
2027-01-28,102.50592636795966,34.27758062093972,172.82396961825344,102
2027-01-29,100.56175211970131,31.918475496122625,169.24268999266013,105
2027-01-30,98.95919346254072,28.839593755710847,170.47074248250624,41
2027-01-31,97.14732609417814,26.643051971374476,167.45097117300205,62
2027-02-01,101.7421039925567,28.0084423315868,173.7380104102154,68
2027-02-02,102.93475973726804,29.394510296873943,168.9645752751566,78
2027-02-03,99.11035164966366,26.832260913067294,165.62969988481984,199
2027-02-04,104.26317725426017,40.32134073671064,172.5085321947148,141
2027-02-05,102.71766854759933,28.885056833501938,171.85588208142144,95
2027-02-06,101.4617722006303,30.873774260051267,170.7461769076243,27
2027-02-07,99.93856403355413,28.517921843984787,174.59099430023977,90
2027-02-08,104.75959810382442,34.90384868162254,176.58408551078944,123
2027-02-09,106.11336099797394,35.97855416104083,171.0499450883535,193
2027-02-10,102.38382705005606,33.57804960830607,173.671698413004,33
2027-02-11,107.56583506042402,36.34578343644746,179.00615766101689,75
2027-02-12,105.98590431245448,38.987912450049805,174.9601210100524,150
2027-02-13,104.63549647365049,31.09242782316054,173.48627548224715,71
2027-02-14,102.96247720805682,33.216033822684736,166.0339765030296,63
2027-02-15,107.58428320552073,39.78435326826103,176.450168099104,152
2027-02-16,108.6961712870023,42.2528252236597,179.94009064551557,140
2027-02-17,104.68955188951097,38.08215296854177,176.1057629899784,46
2027-02-18,109.56713439599002,39.14451764364311,176.83727509807926,46
2027-02-19,107.66350909968584,42.922094851189364,181.95807566729198,140
2027-02-20,105.97817927531219,37.59495208713164,177.37235856451247,44
2027-02-21,103.96680376193794,34.17125378717854,169.45994070749057,189
2027-02-22,108.25416184412308,36.701799531927094,178.44419461497634,133
2027-02-23,109.04222250381075,38.32626319522798,176.89891467974417,165
2027-02-24,104.72832494532126,38.846130066476384,179.34794452199174,27
2027-02-25,109.32020151902064,36.48846916437533,178.94726608899762,131
2027-02-26,107.15647046826528,38.50980702049929,176.88836509456732,173
2027-02-27,105.23961351967125,35.59433112463227,173.29206007812076,170
2027-02-28,103.02719915961535,31.27199500778108,174.24590353046722,163
2027-03-01,107.14486272096805,40.857276167067916,178.61750484877655,57
2027-03-02,107.79442363266908,39.408734155237156,180.92445877390784,177
2027-03-03,103.37214403113593,35.52847369262159,171.90485842464955,26
2027-03-04,107.88385627802134,40.91490074740409,179.92945495239545,177
2027-03-05,105.66558247671372,36.003462002039555,179.83374476633088,144
2027-03-06,103.7166560768593,32.81260377197788,181.7776213447594,66
2027-03-07,101.49110104635056,32.74046873168107,169.12128440677978,17
2027-03-08,105.61077411672778,39.41565411385006,179.42761423044146,137
2027-03-09,106.27364476451487,36.15991564542638,175.1643945050166,126
2027-03-10,101.87221154984634,37.88807003273388,171.49260550705534,65
2027-03-11,106.40877706666717,35.73083502852692,176.75179151511335,135
2027-03-12,104.21619976164872,29.237456847422745,170.4241669077826,168
2027-03-13,102.29112847917018,33.33084484624743,174.82128572633138,68
2027-03-14,100.08547171155152,30.877913540036374,169.3073723242179,67
2027-03-15,104.21960439536699,34.774587794079686,172.5018255955156,149
2027-03-16,104.89068516375872,32.01031382113814,166.85520086577387,185
2027-03-17,100.4910818797099,34.31416429327327,165.06586939517803,168
2027-03-18,105.02362788228501,36.68492845932548,175.76062310491076,117
2027-03-19,102.82232833575794,35.274795886297255,170.93513892883948,83
2027-03-20,100.88552458240558,31.679001367006414,168.52277161756004,176
2027-03-21,98.66727135468842,26.5732824826883,170.2142986186545,157
2027-03-22,102.79043329747293,31.44817378422829,169.61641122664955,110
2027-03-23,103.45487792531378,36.71295860372285,170.7465006347312,57
2027-03-24,99.05576752003107,28.465080472293725,170.37415314924183,80
2027-03-25,103.59867738482774,34.00811024632341,172.76151837170875,125
2027-03-26,101.42016496792012,31.094514657847018,169.73621592456496,191
2027-03-27,99.520802846552,29.950730628486145,165.85192079396165,131
2027-03-28,97.35643531471229,26.463035691472726,169.22386160690826,87
2027-03-29,101.55116954774014,31.37215821226331,167.7416132302361,38
2027-03-30,102.30548247675284,33.08298783202404,172.8711509413052,102
2027-03-31,98.01444923641559,28.68318579107445,167.63784712349423,82
2027-04-01,102.68282319934156,31.427229300698514,170.67312486378142,109
2027-04-02,100.64559385771622,36.22037954704718,170.66218528430028,185
2027-04-03,98.90103637964299,33.371607684490165,164.38966605868114,83
2027-04-04,96.90201247962412,27.749409111255076,168.55835480886162,193
2027-04-05,101.2690325277707,33.94241300855118,172.2025876493028,104
2027-04-06,102.19845806998471,27.382984863478747,170.2249059809413,26
2027-04-07,98.08084780518433,30.38148440535497,169.91513662469208,146
2027-04-08,102.91617344681032,31.15133249907454,172.1803927688486,106
2027-04-09,101.03452748542786,29.576370189711945,175.68340904416237,171
2027-04-10,99.42933191036684,29.382359688370883,168.02228252107358,182
2027-04-11,97.54880238446135,25.29821071637163,169.0948576629764,18
2027-04-12,102.00917244073106,33.83463904927052,172.32597361989383,144
2027-04-13,103.00305147270457,32.878383204440745,172.41428602161764,153
2027-04-14,98.91791429760994,30.60124005768558,172.06359177349367,28
2027-04-15,103.75144375277023,35.19682162473293,169.69664201813694,143
2027-04-16,101.8323438370966,27.195587312963532,166.1729088029686,123
2027-04-17,100.15362856263138,32.452738232345716,175.07372970867584,148
2027-04-18,98.16413785790115,24.220459227143934,169.05003906833812,134
2027-04-19,102.48178278712582,32.54762484624294,167.72997614091946,70
2027-04-20,103.30189248560332,31.4721452410664,167.28917486967273,51
2027-04-21,99.01566020171505,26.210123282640538,167.68801027397586,22
2027-04-22,103.62541052698661,37.40169392309439,177.47797967747746,149
2027-04-23,101.46530694883411,35.389517376157706,168.85010392267708,94
2027-04-24,99.53450747536733,28.75017591556226,163.20078097825913,29
2027-04-25,97.28852315411494,26.179517439473805,168.36548069181654,59
2027-04-26,101.35228602665673,31.93456275681834,170.62905386421795,173
2027-04-27,101.92830387316624,33.222058881260644,174.2831633741954,101
2027-04-28,97.4149046242914,28.776913717032652,168.30521626603834,97
2027-04-29,101.82129838060071,31.693593273106664,173.42651502830003,78
2027-04-30,99.48808222984535,31.884445615197833,170.79764860864805,46
2027-05-01,97.42020168529218,31.46062256463738,164.68401995766632,149
2027-05-02,95.07812947295713,24.314018221243064,167.71158490821242,108
2027-05-03,99.09077376983475,28.10764557842648,172.9128992548542,134
2027-05-04,99.66349828961711,28.021897540628093,171.29947558467614,177
2027-05-05,95.19626146419706,26.135772137582766,165.55531510850903,63
2027-05-06,99.69860621437873,30.397856549790262,168.73322988056955,139
2027-05-07,97.51012813552524,28.8661099072476,168.29460877895008,187
2027-05-08,95.63343753664242,29.495760473295658,166.75360249290935,50
2027-05-09,93.52537660737264,18.608842351134694,160.57275764700202,54
2027-05-10,97.81000326239798,29.71074427722282,164.74492164802754,112
2027-05-11,98.68672241565154,32.16246494353221,161.24589705074882,115
2027-05-12,94.54856923238961,28.07891783735559,169.12165812203102,146
2027-05-13,99.39737217363759,32.05499407566449,171.48654426240802,199
2027-05-14,97.56441908900669,28.585791803461337,166.16417236928572,137
2027-05-15,96.04363647320214,28.966825457820388,161.30485621378114,95
2027-05-16,94.28303722773141,24.564648528273345,162.69351284930795,56
2027-05-17,98.89794210416446,25.457820994492764,166.36623672009028,14
2027-05-18,100.07934895075434,34.857082678750466,173.17031108036684,10
2027-05-19,96.21244761284404,26.988600080322204,159.90070247577907,53
2027-05-20,101.29200173184482,32.712944752875735,176.21825509776747,159
2027-05-21,99.64321444620278,30.006338107265176,170.31654122457434,47
2027-05-22,98.25508235994926,28.007148758725187,168.39173483874723,28
2027-05-23,96.57198803947126,26.34241717300872,163.90542071223015,168
2027-05-24,101.20703195596677,30.24130413230243,171.5921052123392,124
2027-05-25,102.35047468292237,31.400293886310383,172.49559980386533,96
2027-05-26,98.38828493485822,28.44668036594812,167.54508676867403,179
2027-05-27,103.31751354381342,33.94280843245438,173.7790870166341,132
2027-05-28,101.46711038428316,30.96925494717416,174.07076056975873,91
2027-05-29,99.83118977639938,30.186632613524463,168.18661132143677,163
2027-05-30,97.8604969215593,30.444450568705637,166.61326411026707,150
2027-05-31,102.1755796460745,38.70007634080156,173.38843831488555,67
2027-06-01,102.97504059343021,32.33430195183837,169.59250140550313,155
2027-06-02,98.65387063048792,30.905072618170003,164.84372793790283,76
2027-06-03,103.21858944711573,29.960210987285357,170.1244386090073,131
2027-06-04,101.00781677662538,31.985355019752323,169.36278520825286,96
2027-06-05,99.02528653444834,25.259072250924984,170.95169673694352,140
2027-06-06,96.73106335445345,30.2630534872898,171.36191204340253,64
2027-06-07,100.75447268236273,34.24296725431411,171.0949478793712,98
2027-06-08,101.30212621044579,30.74699761672902,168.38710238157503,67
2027-06-09,96.7760496351178,26.34919349173038,164.41280295782457,72
2027-06-10,101.18864432352356,28.375417434029274,170.54289595377574,100
2027-06-11,98.88311115606842,31.820141156798336,171.60612944763471,61
2027-06-12,96.86635277668645,20.676115174943686,164.70656772140043,135
2027-06-13,94.60011664610136,23.371494121109123,161.48987103943836,33
2027-06-14,98.71389187518794,25.979082768718353,169.82158812438016,81
2027-06-15,99.41294229269752,29.28207337623527,169.6193455320065,18
2027-06-16,95.09648223276706,21.04388619775539,157.45874487662803,119
2027-06-17,99.77272498807697,26.233111722411884,169.56078584314315,174
2027-06-18,97.77942945979335,30.71560459680757,170.77854915127065,103
2027-06-19,96.1169574887852,24.004817884842918,160.9299230443921,126
2027-06-20,94.23959961921442,23.15026090783457,162.61007249993165,92
2027-06-21,98.7686768676178,29.57815852068696,165.64748426875872,190
2027-06-22,99.90079494932866,29.215895971470005,172.73027228572946,89
2027-06-23,96.02625102640695,22.459219546084658,167.56199003379152,161
2027-06-24,101.14431627032566,27.96453931773733,175.24202998917218,158
2027-06-25,99.58401308440098,29.031244976315282,167.02841100677625,109
2027-06-26,98.33739294781032,27.738537506105608,168.39653447825876,49
2027-06-27,96.85106646150231,28.085598000653313,169.0300994383091,112
2027-06-28,101.73948753347567,30.936369738399204,171.11489915740452,71
2027-06-29,103.19336321577434,35.74277436419304,174.844636924688,78
2027-06-30,99.59818515760766,29.66273959608909,167.75469892245923,151
2027-07-01,104.9496028237806,34.13483855592408,173.43981568319865,118
2027-07-02,103.5742552232536,34.22129065097692,173.97879016052468,179
2027-07-03,102.46306610901611,30.806482338242233,170.62378061822432,187
2027-07-04,101.06275435286808,29.3074304339199,172.2192230160987,198
2027-07-05,105.98906266719545,34.37635671699266,175.75858515526656,13
2027-07-06,107.4350784901937,36.678114397267244,175.36569516394243,81
2027-07-07,103.78964629404355,33.101667542557266,166.4305051978158,26
2027-07-08,109.05259564757623,35.901923436194075,179.85484723098392,123
2027-07-09,107.55540671445875,32.04116152236386,173.06850552863764,94
2027-07-10,106.29432368370216,34.70130286221012,180.54175440016186,66
2027-07-11,104.72167379820378,31.390749939824378,180.1324153947507,116
2027-07-12,109.45890135803688,37.901366430063234,178.1027519886705,57
2027-07-13,110.70469676828894,41.262236856529846,181.1031249209496,181
2027-07-14,106.85322600210934,35.646500414289065,173.4659445648371,182
2027-07-15,111.909190589415,32.690161420411556,181.47680623315915,126
2027-07-16,110.20834508122888,40.65570581599925,183.15262156764933,170
2027-07-17,108.75048708419214,38.92875933702179,178.15030683724683,40
2027-07-18,106.9906813155267,36.40631702349905,183.37493965784552,121
2027-07-19,111.55222990980366,42.7325076567117,174.62783525297002,56
2027-07-20,112.63477088562456,40.069090520974704,183.74276053631897,143
2027-07-21,108.63251090763578,42.49014572106535,180.46084552053222,117
2027-07-22,113.54932212142882,37.87072879779293,186.98057204013827,81
2027-07-23,111.7193285940973,42.58416679561456,179.30083323429614,80
2027-07-24,110.13999499370813,44.708787974912994,184.99980048058157,171
2027-07-25,108.26347553191869,41.395143456163346,179.54675375969748,117
2027-07-26,112.70973111525002,40.48997793970282,181.67420802100767,62
2027-07-27,113.67479160083755,47.95863178965021,182.12306025661482,151
2027-07-28,109.54916370822134,41.603214224785596,180.8395805079086,25
2027-07-29,114.33310838660026,38.902790711111564,186.01121622003024,180
2027-07-30,112.35740697942124,40.81692206404136,181.04262483949546,125
2027-07-31,110.61662261569275,41.78960316340178,181.65121821212253,82
2027-08-01,108.56060882703898,35.76105275740261,176.40976274880396,83
2027-08-02,112.8077676813785,42.02399686622751,180.3553291813061,90
2027-08-03,113.55342922554911,40.29214892596561,183.0727530884811,21
2027-08-04,109.18834840085799,43.59108030940818,180.4933949426067,137
2027-08-05,113.71403970034271,42.58013176207146,185.51225755600748,79
2027-08-06,111.46356635699566,43.56092382104697,187.56002614903292,156
2027-08-07,109.43478900316622,40.91069018733075,182.83153902506734,50
2027-08-08,107.08182543201401,34.670470832187526,174.72749349143385,190
2027-08-09,111.02822452840826,40.24025975025211,181.90848454411665,166
2027-08-10,111.47522806765315,47.56662723524524,180.73425533137126,68
2027-08-11,106.82011953706831,41.143409803759695,177.32522752638374,98
2027-08-12,111.07138424372289,45.685442446667324,179.69045449540948,33
2027-08-13,108.56930238347802,40.355600983795796,179.30388571841758,153
2027-08-14,106.31898564992682,33.99284525748502,179.13425403113118,189
2027-08-15,103.78161524144355,34.9021867114291,173.01274887587803,89
2027-08-16,107.58739096520164,35.89881418713217,173.52649234266616,143
2027-08-17,107.94357197882313,36.30291248206719,171.56120589440746,174
2027-08-18,103.2526151692248,30.772049792815963,172.50641066442782,141
2027-08-19,107.52714207491945,34.74011359463464,177.4161425571115,101
2027-08-20,105.11036226473745,34.55552121373379,174.4462119924765,175
2027-08-21,103.00896939168395,32.07493443196998,174.94538554083044,178
2027-08-22,100.6842726475909,29.350272987836536,171.1970587879078,101
2027-08-23,104.76507725722949,29.83194488227051,178.24301202416927,90
2027-08-24,105.45569743561924,38.18406462289739,177.6175764478138,151
2027-08-25,101.15410953894197,30.305131100307854,165.0419969232841,80
2027-08-26,105.86697682545655,35.98253132389012,175.4759947002691,188
2027-08-27,103.93017300369378,38.215081495597026,176.05746896031278,74
2027-08-28,102.34181880969594,30.827256267997114,172.6503051789037,61
2027-08-29,100.55359116592744,29.693074791991677,167.68824522890128,39
2027-08-30,105.18381427100842,36.35641642314742,174.8787008375535,194
2027-08-31,106.42571075187159,40.948840897420254,178.73014102586936,108
2027-09-01,102.66581445449319,33.158766831110235,175.1203119101436,167
2027-09-02,107.89926944817776,32.88276473847691,175.71095424781888,107
2027-09-03,106.45063507730106,35.780502480777145,169.1248476523846,51
2027-09-04,105.30720366905226,33.79389867220957,172.2109326543564,148
2027-09-05,103.91058274135649,36.25180261032667,175.45357067380158,36
2027-09-06,108.87004349863193,37.22699220540962,175.42322814042654,161
2027-09-07,110.37100654911,41.20349860550422,185.2689472553437,176
2027-09-08,106.79365979797966,33.65810749578433,175.63664070091096,81
2027-09-09,112.12842723435851,38.803745019590124,181.90648852419704,27
2027-09-10,110.69690353221847,43.23824619022429,187.10056600935056,86
2027-09-11,109.48525724519611,41.59050439813433,180.83317300938825,54
2027-09-12,107.9358518150963,38.009329331232806,173.13392015143256,124
2027-09-13,112.66058484151802,45.06478751959114,182.51408866940497,96
2027-09-14,113.84931653742494,42.488147415043564,181.24611445997195,149
2027-09-15,109.88838365215592,32.2891741395379,181.26467032206176,186
2027-09-16,114.77592021404115,44.89475984012175,184.43367614335915,168
2027-09-17,112.8426038829958,41.891867301102394,184.68027043434878,101
2027-09-18,111.08483569478538,43.23266422903882,184.02765893686924,31
2027-09-19,108.95610841188908,40.919805911568474,186.3480223978512,181
2027-09-20,113.08007075000901,45.50831592194234,181.60959009628,101
2027-09-21,113.65866586026272,37.36054101832418,180.9528904885342,86
2027-09-22,109.09034822805194,36.8240758351721,178.3194644013556,34
2027-09-23,113.38510842104932,41.671082556902476,184.67567365823862,117
2027-09-24,110.88493252622882,45.86076785657354,180.4864582995813,188
2027-09-25,108.59671185098391,36.78176189675717,176.79018712861642,144
2027-09-26,105.98336540944334,33.28897056947802,175.75892345766167,118
2027-09-27,109.67668908900072,40.94776422705475,177.81828999049063,143
2027-09-28,109.88531560970414,35.15459501916103,175.64124406908283,33
2027-09-29,105.01279413514256,32.143520132785355,175.00668477797205,28
2027-09-30,109.07252248020106,30.346687051992085,174.49866120535546,92
2027-10-01,106.40816099120153,33.838198671961415,176.55144810485038,124
2027-10-02,104.02654456135399,30.251105192395748,174.84310221248023,18
2027-10-03,101.3888548279059,29.008352943050205,166.4524367281485,121
2027-10-04,105.12356460574013,33.58417639209498,178.00279295239957,173
2027-10-05,105.4345355431995,27.67984581742837,174.0091787265406,111
2027-10-06,100.71927351328871,30.50005840932915,171.74479352213731,177
2027-10-07,104.98406926383134,30.99564611095681,170.28169135427166,161
2027-10-08,102.56464705563742,35.065449850249436,175.57688902431775,57
2027-10-09,100.45933067045232,32.079308574419414,171.48055594095965,78
2027-10-10,98.12048122253667,27.660054754449227,172.08753938899847,190
2027-10-11,102.16771091139405,31.63242943930868,170.93596947250379,191
2027-10-12,102.79624570936018,29.417581554454895,170.76703665762344,179
2027-10-13,98.39543366523237,27.16058766744086,169.32866184147844,128
2027-10-14,102.96411890755536,36.97768469904629,171.00784804622347,54
2027-10-15,100.83149724366713,27.00162633695983,168.87407025732617,134
2027-10-16,98.99045671600163,25.929885297038922,171.54534409486885,23
2027-10-17,96.88915251614645,24.764914313368504,163.460695028287,166
2027-10-18,101.14431649803637,36.4050293935457,169.52102922566098,143
2027-10-19,101.949671639907,33.380015807820605,173.66406427181886,144
2027-10-20,97.69444682442851,31.082881677585455,168.50600435606833,46
2027-10-21,102.37871207704657,30.593943528401137,175.06163640556807,62
2027-10-22,100.33415158888761,28.54208271848848,172.71723000367314,27
2027-10-23,98.5572806414153,29.004502358539256,167.10342130107907,47
2027-10-24,96.50085983950487,26.82805035754848,169.41035462217383,196
2027-10-25,100.78701203060298,23.838332823838826,171.03351307747818,138
2027-10-26,101.61541837575903,33.88236253547635,170.1427729710575,53
2027-10-27,97.38159585592769,31.31149403353332,169.54131161294475,56
2027-10-28,102.09198386384112,33.64841647401659,168.33410998456307,44
2027-10-29,100.08446508546771,29.576685920098907,171.86123429578214,69
2027-10-30,98.36133480523368,30.855788832548008,170.53482577705495,99
2027-10-31,96.38047995334306,23.240654942953505,165.2379461348861,61
2027-11-01,100.76828084355633,32.74234291720402,171.8257103751452,17
2027-11-02,101.72761906876455,28.634780226324928,168.17821511402929,116
2027-11-03,97.65600005762782,23.920404249727593,169.09784952355636,178
2027-11-04,102.56052318831316,32.63476044500237,168.1626149953602,140
2027-11-05,100.77832877701539,35.59671570832026,170.4878474953136,151
2027-11-06,99.30953892182025,29.662487069892137,170.74346456124513,105
2027-11-07,97.60845501014238,25.885349558711958,167.54611558392364,35
2027-11-08,102.29652491613295,35.50148175662664,169.6106602273655,120
2027-11-09,103.57046200969434,37.52818095273464,176.3182494653817,132
2027-11-10,99.82052173968464,24.601933477961065,170.8406036160474,195
2027-11-11,105.04566462390031,32.4327920617949,175.04815102796363,177
2027-11-12,103.57422968487576,34.13836338120292,172.82640018617852,60
2027-11-13,102.39712896619973,29.89944061133373,171.16270151985745,132
2027-11-14,100.95931870209033,29.022800278882542,171.94343247031213,14
2027-11-15,105.87305224673244,36.56792106714329,174.45355701138834,86
2027-11-16,107.32628850761927,43.46552181163869,176.851599711748,169
2027-11-17,103.70125305206182,35.484443055212594,170.43558078611073,10
2027-11-18,108.98987215999557,40.63991862725966,180.44286948719426,191
2027-11-19,107.51469558487497,34.61791578568928,178.13080376411028,20
2027-11-20,106.26231090887161,32.28515406840625,176.51515374492558,190
2027-11-21,104.67499807181031,34.1662013814034,174.01390638998424,17
2027-11-22,109.36412315515066,42.789967419073655,183.18356179880655,162
2027-11-23,110.51864028850827,40.22385664518869,176.16408641744002,177
2027-11-24,106.5236952733295,35.25336466808019,177.6989377291909,41
2027-11-25,111.37604903642779,40.5882355279921,179.33356366613032,37
2027-11-26,109.40493600773691,39.13419985639093,177.77026182797763,140
2027-11-27,107.60536116234914,38.84743701915524,181.540629891632,137
2027-11-28,105.4295866754317,34.508253213413525,178.93510897128274,71
2027-11-29,109.50031109753056,42.44753214575023,176.22582779846394,36
2027-11-30,110.01891510968872,42.5748663778082,182.21310882126036,54
2027-12-01,105.38377387099558,35.96239135063999,171.99578428700195,114
2027-12-02,109.60536154924075,38.278038263022516,178.94052792526736,101
2027-12-03,107.02677146093345,35.484806487944475,177.53036005850984,34
2027-12-04,104.65666452250127,33.51333635862981,173.37074127393086,198
2027-12-05,101.96040630446845,32.39321010739717,173.56869103033787,53
2027-12-06,105.57290506518025,35.82389800474147,171.5107412333564,183
2027-12-07,105.70653415071673,35.108368651864524,171.5306219348216,151
2027-12-08,100.76914770447839,27.933018207543842,174.0545110015738,145
2027-12-09,104.77892355486651,33.17850514053616,174.22381783223975,185
2027-12-10,102.08466410253607,33.20718246924378,171.70124956869512,151
2027-12-11,99.69857421015638,33.04813868093969,166.25796520959605,89
2027-12-12,97.08728141344868,26.337987336840378,163.69922361896604,91
2027-12-13,100.88461443651194,28.305120558391653,172.45551743019163,144
2027-12-14,101.29952548052265,34.011020548176504,177.8927988635049,97
2027-12-15,96.7341657189282,21.06054193954838,163.98280775954296,186
2027-12-16,101.19884674760132,33.37076077174729,168.29820051539383,136
2027-12-17,99.03251610521664,32.378760777564786,170.72849177417777,64
2027-12-18,97.23576164028013,24.16961956729928,170.40271344437676,150
2027-12-19,95.26210441080036,24.3299932567069,169.24914894069008,193
2027-12-20,99.73108920709076,29.892009941928965,169.17894541841892,65
2027-12-21,100.83655019994748,34.4264782037795,173.14178355994466,24
2027-12-22,96.96505232105925,22.052054630746014,163.68185343232037,194
2027-12-23,102.11123167619992,32.419087204676806,173.5176379799109,67
2027-12-24,100.59865329096813,27.110548802364935,168.88072101705404,172
2027-12-25,99.41319105185974,29.213572814149796,170.88618961304803,97
2027-12-26,97.99467978001007,30.172100712952112,171.97951722600507,106
2027-12-27,102.95033921296849,27.964317038369728,169.40696403424212,153
2027-12-28,104.46333876354953,35.771622729946635,175.8285886517249,17
2027-12-29,100.91149594560154,34.96796876270338,168.58594823077675,182
2027-12-30,106.28282517243218,33.141694942414425,173.81950208273528,49
2027-12-31,104.89654993263332,31.978155822885437,175.35023433118508,191
2028-01-01,103.73657934849331,35.123085968086535,173.56215628442482,23
2028-01-02,102.24319673743871,30.681034111892835,171.89649239094058,196
2028-01-03,107.02645923037673,38.49030208617471,174.41956042656594,62
2028-01-04,108.27467820641306,37.679485951262905,177.28308519521468,136
2028-01-05,104.37297590396223,33.29669680090027,171.38517579112172,164
2028-01-06,109.31863889136908,36.6433160156247,181.38524814913427,184
2028-01-07,107.44188677220308,37.95271936529453,178.87336565057896,89
2028-01-08,105.73906374094503,32.38641944284697,180.0375966374261,124
2028-01-09,103.66400827552125,36.71734239757488,181.51488246997306,143
2028-01-10,107.84110852915738,36.76648740072391,178.68247554398292,64
2028-01-11,108.47342229607658,34.465659212009534,177.20867734086963,53
2028-01-12,103.96086638389825,34.21742015100081,174.09094884697535,27
2028-01-13,108.3152056469554,40.233568247698365,178.7643769027721,25
2028-01-14,105.8804694656543,34.96417378418064,176.48052469613773,21
2028-01-15,103.6658122845625,34.54152757249431,172.1660893511474,157
2028-01-16,101.13658183834268,31.404540354849946,173.4300297616561,54
2028-01-17,104.92711009802485,38.3013884166015,166.77021166004562,196
2028-01-18,105.24861221432502,39.079404414834315,175.9095414952316,102
2028-01-19,100.5072034630411,27.588128503916224,168.75330483549126,31
2028-01-20,104.71876826081002,33.764681499766155,173.28053185919023,106
2028-01-21,102.22931140449914,32.94042259231799,177.14524677333708,56
2028-01-22,100.04780901975154,30.447592904825097,171.76449509874746,38
2028-01-23,97.63732222058935,25.73905002743458,164.6945671663111,54
2028-01-24,101.62788641936645,33.4731349596263,170.49709498891423,86
2028-01-25,102.22455808202987,32.7221893725301,168.44853423700755,18
2028-01-26,97.825624174643,30.26908905589006,169.12189388955656,33
2028-01-27,102.43770248403384,31.642134915831573,175.87365401243773,24
2028-01-28,100.39635612705567,31.663256815457203,169.28741985197877,173
2028-01-29,98.69923214819211,28.527750977792515,168.67767680522263,22
2028-01-30,96.79747909149287,25.523159610604996,163.89037303664534,100
2028-01-31,101.3089480742465,36.40375961782431,169.52370762417195,181
2028-02-01,102.42655068525319,31.410312006066416,175.23668315337088,110
2028-02-02,98.53677066045394,26.91740017724489,164.97903888393472,80
2028-02-03,103.63504962755778,36.96221135103958,172.59355543649025,131
2028-02-04,102.04666296386824,32.14340950539782,169.03937154674333,85
2028-02-05,100.76008920555356,32.04868649325906,174.88695955568784,173
2028-02-06,99.218622411419,27.836870233832915,170.52612706300835,125
2028-02-07,104.03372763999234,39.12800431290518,170.59242010844946,70
2028-02-08,105.39350971296967,34.75600568535884,172.7238904627445,177
2028-02-09,101.68129034973467,27.10099189472218,172.18338459074806,135
2028-02-10,106.89101341328157,35.902415073696716,179.2186850821828,164
2028-02-11,105.34809506107565,36.843515130693184,174.04573388429395,10
2028-02-12,104.04272424801212,32.1679473670542,169.61944106878116,171
2028-02-13,102.42136616832674,34.825714487888646,176.50800038849977,77
2028-02-14,107.09997303908862,35.92745543299529,179.36847987869743,97
2028-02-15,108.27227755920458,36.4712287802461,177.50619545281512,30
2028-02-16,104.32817004088967,37.05219276218897,178.5547356405509,170
2028-02-17,109.26888541638493,39.24168284143796,175.59462257581262,144
2028-02-18,107.42762376338084,34.55965969416041,176.41278539570632,12
2028-02-19,105.80261676682802,36.555901167335975,170.66643345229335,60
2028-02-20,103.8483996430882,33.895067766821164,170.41313752584898,88
2028-02-21,108.18879960138582,36.62638938564097,176.30879140807568,104
2028-02-22,109.0250223978464,35.74999542972762,175.41031384326095,191
2028-02-23,104.75384357324599,32.30169582791397,173.56921125826574,132
2028-02-24,109.38263539932042,34.616174421726036,178.0416823960602,196
2028-02-25,107.2498570667154,36.182547713339126,174.45025385490501,15
2028-02-26,105.35802344532917,31.025755552043538,179.27771538133618,166
2028-02-27,103.16491375907086,29.98099678344142,170.8732172945666,26
2028-02-28,107.29653196659794,40.65492211268475,178.57435077340966,126
2028-02-29,107.955200014472,43.94723080662456,177.47067060678583,69
2028-03-01,103.5377890905121,31.864645083881545,180.25150882111035,159
2028-03-02,108.05081743834744,38.57914386021967,179.3903079519632,161
2028-03-03,105.83103889147954,37.070467890295646,174.82785492055592,134
2028-03-04,103.87853330101034,28.83253445980522,174.45677615110793,90
2028-03-05,101.64805540222774,30.715179631813253,170.5067659848019,94
2028-03-06,105.76214864077848,36.914034322938875,173.96315477550738,60
2028-03-07,106.419399551917,39.63035226180248,178.94325391998248,187
2028-03-08,102.01283213330028,33.56836212929327,171.12218218519396,148
2028-03-09,106.54516514759969,38.51210229633475,177.62608749194732,193
2028-03-10,104.34955113659926,34.95877515334842,172.1769204515483,80
2028-03-11,102.42280335655973,27.23512216429909,173.6463867456698,179
2028-03-12,100.21686278456345,29.397517201507114,172.92024456820832,48
2028-03-13,104.35200802218861,40.805333977282494,180.546654638638,78
2028-03-14,105.02518080878082,35.84051779666839,172.2702423019315,57
2028-03-15,100.62842459749955,32.915009375005205,175.75164243937522,134
2028-03-16,105.16415809312707,32.42098917398583,178.05193517630408,66
2028-03-17,102.9659024674507,30.00010227982283,174.5208671297636,30
2028-03-18,101.0314693590919,27.42335743039059,163.24639467198259,91
2028-03-19,98.81436362955127,32.191503316004706,161.95675598078486,108
2028-03-20,102.93690637875235,27.61119941699385,173.71975659172097,157
2028-03-21,103.59845436919485,38.6460173437099,175.009554479473,24
2028-03-22,99.19371738904333,28.029281388195063,168.81263206471132,78
2028-03-23,103.72790003128978,31.675253224297926,173.97636103225778,188
2028-03-24,101.53729152817057,30.043356893887047,173.65852846020547,85
2028-03-25,99.62231585256355,29.215979818442452,162.6632643745029,71
2028-03-26,97.43880117211644,28.27342608697734,171.9369567293713,128
2028-03-27,101.61097911323984,34.72655304438273,171.5040131588622,46
2028-03-28,102.33959461261425,32.01454487426315,174.60445448288644,143
2028-03-29,98.02013203663743,26.484738362364137,168.29278963716672,35
2028-03-30,102.65788757732771,32.037599595191686,168.19545993001165,17
2028-03-31,100.58851436143198,28.21119405169418,172.97431270636824,13
2028-04-01,98.81105445051142,30.78675928386884,167.72552464817178,30
2028-04-02,96.77921788657481,25.310878214739347,159.13399198927803,168
2028-04-03,101.11441937285656,38.05016545372112,176.00154784206885,158
2028-04-04,102.01395255358632,31.328702238087846,171.7391283023105,34
2028-04-05,97.86930583563421,29.656182739227052,167.56249252850395,152
2028-04-06,102.6813471509636,34.66717423767575,169.65545855120217,172
2028-04-07,100.78100069265098,33.0033336022938,168.0463207834041,186
2028-04-08,99.16242571161034,27.081413153660225,169.45242562700278,52
2028-04-09,97.27445287672909,26.453252630059577,166.0834771003466,178
2028-04-10,101.73378372205526,32.04922998351326,169.22417425244475,46
2028-04-11,102.73332782558393,28.75798292682705,171.78145046134802,194
2028-04-12,98.6606762574225,25.808336642021683,166.41226596574987,51
2028-04-13,103.51343337947603,30.240945190387922,173.62007139378738,184
2028-04-14,101.62002497211944,25.652185062366925,168.6213303209012,101
2028-04-15,99.97298813998455,28.76106975210809,167.26307726046826,70
2028-04-16,98.02049444090292,30.27354123742082,161.4916618149233,151
2028-04-17,102.37960841267288,31.81873144392241,178.15506290224602,77
2028-04-18,103.24465361712024,33.09335551506311,172.9309888430084,62
2028-04-19,99.00568312828567,26.05584442750922,165.7386739956286,93
2028-04-20,103.66377590857014,35.413057925229744,167.72073533813864,43
2028-04-21,101.55177741713666,29.458258234057926,174.37028886793553,85
2028-04-22,99.66749127687702,26.21012151156938,167.68430531167712,106
2028-04-23,97.46507579323736,30.2217735821806,169.21590377819504,161
2028-04-24,101.56815076424604,35.452982925962644,174.6772092112453,157
2028-04-25,102.17799078961593,35.59702785317887,170.40381825542786,39
2028-04-26,97.69180680322648,29.769974706596592,166.64849519394872,97
2028-04-27,102.11784264170436,32.760180686733996,170.89286151223274,16
2028-04-28,99.7959107739983,30.965682850522473,171.28702985658856,45
2028-04-29,97.73038004229642,26.420956704599107,163.62777091237047,47
2028-04-30,95.38137529380197,26.870125067136623,164.91801170595394,61
2028-05-01,99.37770030767683,28.89204426918647,167.479974799828,152
2028-05-02,99.92486588815011,32.35046524182797,174.49394813889032,183
2028-05-03,95.42323003590782,20.165336890988566,166.0267973026178,160
2028-05-04,99.88298156076479,31.26150881462602,172.9111608360146,149
2028-05-05,97.64459503325854,25.65342465445953,166.05107525160486,181
2028-05-06,95.71177279708681,31.3192451119068,165.6349277630445,152
2028-05-07,93.54263579989143,21.753765812220013,165.19450276503235,102
2028-05-08,97.76267546374517,31.175900822349615,167.77634803726505,116
2028-05-09,98.57284818995703,31.87524405920702,167.58877958702087,135
2028-05-10,94.36781803557815,26.169923820442936,165.3813139752572,58
2028-05-11,99.15107648541859,30.349934994808027,167.27656321492086,30
2028-05-12,97.25556377141336,26.039822422040388,163.55107706670626,24
2028-05-13,95.67680310592601,26.87633625460274,168.4196241031268,23
2028-05-14,93.8643044375487,28.208812858363274,160.78048317091233,51
2028-05-15,98.43474415540052,28.465484829191503,175.12430126548796,24
2028-05-16,99.580296056438,31.10861919809187,172.863374605343,72
2028-05-17,95.68711252967096,24.325270464234375,165.79502220749137,36
2028-05-18,100.75067818174405,32.854083720688045,173.81120750147738,102
2028-05-19,99.0966537359436,26.880160940648697,166.252562872282,114
2028-05-20,97.71421522206333,27.929706460708317,166.91141283314164,62
2028-05-21,96.04763917341131,24.975180269534405,164.6147008557209,61
2028-05-22,100.70963499418009,30.68659519844505,173.04569446375126,72
2028-05-23,101.88979533432737,34.59726743125404,172.27452835063448,190
2028-05-24,97.97315986646115,24.949679583110022,169.30067398582312,66
2028-05-25,102.9556121548358,31.346808087487602,172.7476654341656,129
2028-05-26,101.16472601712985,29.782140853371487,171.97421758261905,61
2028-05-27,99.59306611216682,33.51927002645332,173.13425648511026,116
2028-05-28,97.68969434745438,27.655257113378525,167.25843418608648,52
2028-05-29,102.0733852844654,31.089962010772826,168.46288388856328,144
2028-05-30,102.9409244794275,33.179218642512566,175.94696748119654,126
2028-05-31,98.68548925171066,26.02792973518061,168.91297429814978,179
2028-06-01,103.31183655036634,36.00296455159124,177.75218130860983,13
2028-06-02,101.15692004138685,28.269470196022425,170.90506330588414,142
2028-06-03,99.22294744893878,30.893285878775465,164.81713505749852,89
2028-06-04,96.96863644167145,26.16511513953338,167.74893855345033,50
2028-06-05,101.02217914731375,27.699853901598196,176.63915490056607,141
2028-06-06,101.58929614521982,32.5587516698861,174.79989675789875,11
2028-06-07,97.07138615133786,25.69988365087828,167.19836612817352,158
2028-06-08,101.48050240686273,26.185406933531002,174.2477728544375,52
2028-06-09,99.15978366703138,24.75646123753167,172.49175135284696,91
2028-06-10,97.11635586946574,24.061594344052278,167.22372606087933,117
2028-06-11,94.81246694502642,25.209756101728267,167.3098028001843,146
2028-06-12,98.87836803334677,35.53872166665377,165.22967822369603,165
2028-06-13,99.5203240516798,30.917277096787398,171.75844935733969,35
2028-06-14,95.13876079051055,19.49897409629145,160.7793761189268,91
2028-06-15,99.74327934243587,34.17437232441212,167.19773439152434,92
2028-06-16,97.6731644036534,27.44321853405883,174.26749712631144,140
2028-06-17,95.93040005762451,21.934305865935254,171.4799286168397,82
2028-06-18,93.9709520011809,24.36837365475762,160.77548696821844,109
2028-06-19,98.41782504272281,22.86489870330462,165.02602358941613,58
2028-06-20,99.46927359249268,22.186129816274462,168.8912781490958,154
2028-06-21,95.517166450016,29.044926207211596,164.77479475696302,72
2028-06-22,100.56223036113806,27.306484259672263,174.67073211808219,64
2028-06-23,98.93479227022934,26.496131481671345,168.9795283684924,160
2028-06-24,97.62802718230654,25.46197992270204,172.66852621602942,43
2028-06-25,96.08946401197211,26.536115037381705,166.11892367703842,114
2028-06-26,100.93425197378835,26.014767937700878,170.86359387435334,114
2028-06-27,102.35355944821117,30.495481753151605,169.856594879374,78
2028-06-28,98.7331015004006,28.851906906429722,169.24382509788362,24
2028-06-29,104.06851620250576,31.554918876497414,176.41388590526074,184
2028-06-30,102.68620629301974,30.246515052239037,174.46070683608613,12
2028-07-01,101.57665071960243,32.15484114744375,172.73149495368045,165
2028-07-02,100.18593716411068,30.015628698328317,168.75897683348222,12
2028-07-03,105.12901794559845,37.84513488237284,172.86657839059754,111
2028-07-04,106.5980621956582,34.85164468123336,175.8439321977595,13
2028-07-05,102.9809025257198,27.640796506394047,169.15570614283013,97
2028-07-06,108.27629939301293,33.1124146803557,178.1505256849456,168
2028-07-07,106.81464367120576,39.286382971495456,175.56862888194084,54
2028-07-08,105.59110673318871,34.48054056152008,177.62807580411038,196
2028-07-09,104.05699454744217,33.17653575885268,173.75793998984634,54
2028-07-10,108.83281404920436,43.96667166125382,176.58077306549393,84
2028-07-11,110.1164308570872,35.572474573152824,179.2215394111541,174
2028-07-12,106.3013227994828,34.19910449743062,176.72606830144142,18
2028-07-13,111.39165862966365,44.673330557116444,181.13639992069983,154
2028-07-14,109.72282831260402,39.5765928703945,174.5373321767499,127
2028-07-15,108.29443960413927,41.43021265132008,176.2102209332178,74
2028-07-16,106.56154220163555,36.85816286069385,179.26334998579603,140
2028-07-17,111.14759173477881,34.46882909533819,177.8151404256589,35
2028-07-18,112.2525357485828,39.412218553175144,182.8866532968647,190
2028-07-19,108.27102825726747,38.42099311851684,175.4235703361362,168
2028-07-20,113.2075032761353,44.793644936620765,186.50705112265908,35
2028-07-21,111.39673365913401,38.312426285860745,178.16952916634594,32
2028-07-22,109.83688881257777,40.61453258308915,188.43433250996713,39
2028-07-23,107.98085035875087,33.21362793598077,174.07692847319979,19
2028-07-24,112.4492948238918,43.470812599962315,183.6892580534372,81
2028-07-25,113.43892142077574,44.229877630536166,186.5209240771873,73
2028-07-26,109.3408266590863,40.7584401285182,180.76620412051415,159
2028-07-27,114.15575073550397,44.27918849366014,184.79693125812233,152
2028-07-28,112.21481613306905,42.045101883150856,186.15245913352703,132
2028-07-29,110.51276584560486,37.03515130876552,185.9690886636262,114
2028-07-30,108.49945408122198,43.81311858984236,176.70862614597857,193
2028-07-31,112.79309243219056,43.934207813254176,181.57718116360448,83
2028-08-01,113.58862381536126,47.24580516037397,185.8320580783691,157
2028-08-02,109.27622066071328,38.33798834957965,182.31571277943613,114
2028-08-03,113.85662771741896,44.47063685049315,183.42474302555877,56
2028-08-04,111.66196615094233,42.008221714056326,182.3458508235853,96
2028-08-05,109.68900354010421,38.852695583309995,179.12285483179994,62
2028-08-06,107.39064086652398,38.33184477224311,178.9423801296044,190
2028-08-07,111.38911883165486,41.40603578381235,187.31114225613413,138
2028-08-08,111.88431629629925,40.796582158343995,175.41571746510323,11
2028-08-09,107.27213894630916,37.24080173851389,173.48284991086499,67
2028-08-10,111.5597212800968,42.86530781222739,181.03172634709495,156
2028-08-11,109.08606234495653,41.27767885545019,176.81079669817223,199
2028-08-12,106.8551045052341,36.705985168273415,173.104641834714,81
2028-08-13,104.3270118005385,35.96272332374152,177.36026486711108,149
2028-08-14,108.13115632504552,37.21421628256642,177.32482421171588,163
2028-08-15,108.47419197168242,42.08373395609104,177.82142991707508,36
2028-08-16,103.75822045298256,35.70338763156356,172.56086388374058,38
2028-08-17,107.99577955837819,40.56893514927903,177.54064325327076,24
2028-08-18,105.5302807864499,35.29121017119569,175.1832966487918,183
2028-08-19,103.36891199402919,35.276969821847224,172.8182536995819,138
2028-08-20,100.97376742594875,28.72960244519356,168.02592382724538,69
2028-08-21,104.97471863353796,32.897544732836614,183.26141461555326,116
2028-08-22,105.5774098094461,32.878384242591615,178.0922492661328,194
2028-08-23,101.18138560943993,30.704562449640406,168.82888005746818,12
2028-08-24,105.79508344618833,41.617878162084,177.22015285324179,124
2028-08-25,103.75631821374361,34.40107791773723,180.07025826051017,155
2028-08-26,102.06527466064371,30.132072647970595,173.53279132506833,61
2028-08-27,100.17576810653216,30.837724722026145,176.76977008436708,69
2028-08-28,104.70828412961352,35.41679898194095,175.28227114395614,43
2028-08-29,105.85817673388783,35.40081723736649,175.35183209455278,105
2028-08-30,102.01402801171679,33.169263440058465,168.1650112356175,98
2028-08-31,107.17289533386553,44.21704736742577,174.42503544172584,69
2028-09-01,105.66106733880973,33.426989015261874,174.24651211901417,163
2028-09-02,104.46733670221101,28.298354785219214,174.85452669001657,28
2028-09-03,103.03454280082572,30.31910286882725,171.23815667526978,120
2028-09-04,107.97288718791043,43.097928768355445,177.05237704778642,31
2028-09-05,109.4683937696372,37.19986021758024,179.22068458956744,170
2028-09-06,105.90150938989247,31.27367389733312,172.0352638098426,175
2028-09-07,111.2625640706005,36.173273644922766,172.66537758548264,137
2028-09-08,109.87270611378236,39.38183624801103,181.21817805158412,44
2028-09-09,108.71731488219383,39.58179865995672,180.2468665288803,116
2028-09-10,107.23764026065646,40.155959522173404,180.0818774760208,137
2028-09-11,112.04416878028115,39.313748002353734,184.196862182237,92
2028-09-12,113.32508662903396,45.872231630069784,187.40699295226943,147
2028-09-13,109.46483491089714,40.56466640612906,179.87289472808806,152
2028-09-14,114.45947739652416,43.8582644723085,186.26013394087005,148
2028-09-15,112.63749828344771,42.632256457540954,178.8126208334614,120
2028-09-16,110.99303635248562,42.814663993657526,178.86351624187517,99
2028-09-17,108.97730925308669,38.35369033375163,182.15401497028202,33
2028-09-18,113.21173366154439,40.928870532753194,183.3436915906433,86
2028-09-19,113.89611816700713,42.363792264693,182.64182036954384,110
2028-09-20,109.42693156403664,41.30105786183496,179.9365499624425,141
2028-09-21,113.81237458827573,44.225174756393855,184.58498268287062,22
2028-09-22,111.39288066467132,36.943046258269035,179.0824184579887,194
2028-09-23,109.17406013417678,42.274625196246895,178.9816563295937,107
2028-09-24,106.61784956962988,36.77158225829351,173.71888301266804,129
2028-09-25,110.35537937499919,43.34335074188551,182.26174658977632,46
2028-09-26,110.59494333377455,40.1311327327013,173.133611885368,57
2028-09-27,105.74007876124197,34.33719540994433,176.13899779357496,10
2028-09-28,109.80449026572346,37.17166158192175,175.81620163921465,69
2028-09-29,107.13244650912004,35.427244067309054,177.0370092764337,149
2028-09-30,104.73166699404076,38.66262008908785,179.97425402807073,158
2028-10-01,102.06446171807117,31.599635583420966,170.15089542549185,148
2028-10-02,105.76063675300773,38.06114909995007,179.54952949285112,53
2028-10-03,106.02554791667072,31.931325705253528,172.5496424222007,124
2028-10-04,101.25830837574712,34.60565856976059,167.1997143954449,195
2028-10-05,105.46687913519608,36.70867633559658,181.01946183469306,117
2028-10-06,102.98866663725065,36.864912057734834,172.1715640945559,53
2028-10-07,100.82363836641514,27.848462368938907,171.01866601230265,87
2028-10-08,98.42571238414851,28.844096521425268,164.3220938031396,171
2028-10-09,102.41592635134914,35.65707824755825,170.73126317323045,34
2028-10-10,102.99076034345718,29.840667559087084,172.38919534961116,141
2028-10-11,98.54061130137885,26.840645784358397,166.445372905443,125
2028-10-12,103.06514017988627,34.14181306629601,172.49759281821326,128
2028-10-13,100.89410845736268,26.185988334629997,170.66247716566832,153
2028-10-14,99.02070789914505,31.627729223827625,167.67341771340313,19
2028-10-15,96.89313325695127,32.370537095898335,166.5464391017844,118
2028-10-16,101.12789816728547,32.83175750397961,173.56155940007116,44
2028-10-17,101.91826436072839,30.239958238217298,171.71257363198717,143
2028-10-18,97.65277906012398,25.34172042765004,166.69403484601366,28
2028-10-19,102.33063997790748,37.61611978380661,175.63108661623644,196
2028-10-20,100.28250429088055,35.58121419427383,168.90206069425756,190
2028-10-21,98.50374657244662,28.392108161612796,167.73035542496018,17
2028-10-22,96.44591779574327,23.12501834994355,165.97762710932773,19
2028-10-23,100.72990937354545,29.781335408572012,172.04862067765865,175
2028-10-24,101.55419721421369,31.930857150307837,172.4245252497723,38
2028-10-25,97.31316655721986,28.041052226267027,172.45781730191337,24
2028-10-26,102.01224373354874,33.46176942897391,173.63640863429396,96
2028-10-27,99.98845860854006,30.223702574084374,167.77167762204323,32
2028-10-28,98.24345049633806,28.75535594350162,169.96004822198012,55
2028-10-29,96.23467766315353,29.692515449187063,160.66085447602183,37
2028-10-30,100.58834234611307,30.771471712189832,173.22290949741236,35
2028-10-31,101.50741394386462,38.356084264071605,169.1172717311387,19
2028-11-01,97.38975830869983,32.2099975864607,173.71262212584185,184
2028-11-02,102.2431057173865,31.838948957776097,172.59170323860232,13
2028-11-03,100.40548678596437,31.619658705866925,171.96646835840517,64
2028-11-04,98.8781535267197,24.60263665123563,167.10373279938298,75
2028-11-05,97.11674883822747,25.209189490214694,166.48083161169586,76
2028-11-06,101.74423819087404,32.72099735774112,170.09877602940955,144
2028-11-07,102.95898659814954,35.93767915648196,176.98770441042902,64
2028-11-08,99.15298781185298,32.564898095201166,168.70448367464772,40
2028-11-09,104.32697592221753,28.583682715949873,175.5339600456024,83
2028-11-10,102.81104488625346,36.82858808438115,176.19482042911088,28
2028-11-11,101.59778819506975,36.30104150192586,169.95988837918776,165
2028-11-12,100.13371587710903,29.480378256234573,170.56630482849778,90
2028-11-13,105.03245556787955,32.37592086112432,177.3831317187395,165
2028-11-14,106.48311296722784,35.63843008548442,170.7115316816359,156
2028-11-15,102.868790337145,30.580568684855844,173.89530492916083,96
2028-11-16,108.18198465879547,41.078416460610114,174.48574715119412,29
2028-11-17,106.74548237962622,39.34833687586833,179.85737933866653,22
2028-11-18,105.54575459170803,32.05454830490268,173.40204912864178,86
2028-11-19,104.02460193409536,37.55409923739252,173.73569022946143,52
2028-11-20,108.79254874796501,40.70729779119361,181.9048487955227,148
2028-11-21,110.03735551942452,40.55529917119626,180.44482743609282,185
2028-11-22,106.14264308442971,36.544640617741116,177.2160588515227,152
2028-11-23,111.10334630088522,41.05280708293956,182.93415045626114,154
2028-11-24,109.24661159784449,36.95378328630513,184.51023548590746,191
2028-11-25,107.565141195926,34.10799982656,172.82729042660745,59
2028-11-26,105.50873376561506,36.5309362025643,174.97472146546,37
2028-11-27,109.69752304541056,36.75917600439198,181.36761007777943,13
2028-11-28,110.33028692439702,40.09694831555556,180.32969023981266,31
2028-11-29,105.80282532465326,34.029672747045616,176.8891101051265,128
2028-11-30,110.12313073309595,38.77860812783638,177.602789399982,110
2028-12-01,107.63197293616174,34.507593234048784,179.6361793067618,48
2028-12-02,105.33590906326243,37.4909317579177,170.45748491795266,43
2028-12-03,102.69847735988485,33.05689488145445,171.3289969526965,106
2028-12-04,106.35308557034332,40.1061568052234,174.78849069984474,53
2028-12-05,106.51097587925832,35.771701257796764,177.76508980578816,179
2028-12-06,101.57927413519975,30.7117358094543,175.78933728633922,49
2028-12-07,105.57585624242442,36.525672651895285,170.4495626374929,106
2028-12-08,102.84966182368058,36.44739403544063,173.18201146124483,149
2028-12-09,100.41347372504605,23.864258346141604,170.07850610852486,139
2028-12-10,97.73492854820047,25.58992103611653,170.9258928202918,165
2028-12-11,101.44927436455067,30.35920821989344,168.34480143152783,83
2028-12-12,101.76726155108064,32.3703023481552,173.56036859423446,95
2028-12-13,97.09317694233803,26.15277757947474,166.88212962393044,99
2028-12-14,101.43975507523743,31.9230504727755,169.00522914225704,76
2028-12-15,99.14859591324536,26.533948993931933,173.84848380633923,85
2028-12-16,97.22310530484194,33.045392850017436,170.18088302909814,101
2028-12-17,95.11971950740961,25.661807618835738,164.06806634605934,19
2028-12-18,99.4609246371633,28.15921969467595,173.89884441586204,95
2028-12-19,100.4434503911036,27.823216060572527,169.9797782015406,111
2028-12-20,96.45664051795637,22.578045529904127,161.05962831319658,194
2028-12-21,101.49772518311399,24.58499578167864,163.8660493499901,117
2028-12-22,99.89261529616252,26.927277919670146,171.73366777244968,174
2028-12-23,98.62922530953342,29.515204513650847,167.96619482490988,100
2028-12-24,97.14907590426013,27.514215630227742,162.62859184501445,88
2028-12-25,102.06067760842099,34.91728175493601,174.25156319085505,95
2028-12-26,103.54806524715326,30.561698460407,164.56265578935114,116
2028-12-27,99.98947687441114,27.764667833585467,169.1617617875314,177
2028-12-28,105.3728943646828,38.62137391007648,174.97845597549883,110
2028-12-29,104.01705884093475,35.7558138453226,174.7909373502284,117
2028-12-30,102.90496181180461,29.55294163554142,176.95322568507004,69
2028-12-31,101.47555920666751,33.32591190390904,173.34571387746686,57
2029-01-01,106.3372066447059,38.85320482048378,177.50926296883574,126
2029-01-02,107.67618471357012,37.30213757295389,179.4023879229627,115
2029-01-03,103.87530839640982,33.304569457650416,179.21504435043855,156
2029-01-04,108.92933990585145,38.15997616381756,173.57716685632204,42
2029-01-05,107.16582171110684,34.03254158935183,172.08673824492158,53
2029-01-06,105.57833566607593,35.18133726069542,174.9255096420323,174
2029-01-07,103.61794174381922,36.769941628682325,174.26687302158388,121
2029-01-08,107.90630213460817,38.51864216083711,172.1287950570231,98
2029-01-09,108.64386780253413,39.55870649303981,180.48115164727957,45
2029-01-10,104.22813062549342,37.175644834659,174.03866557038876,90
2029-01-11,108.66866978525685,39.75444470583951,177.78528665258366,97
2029-01-12,106.30761876380757,36.11789917640436,171.4610917078668,158
2029-01-13,104.15256832895908,30.51432188439453,174.07120092303572,139
2029-01-14,101.66766813742717,34.84291472064338,173.18433760136975,40
2029-01-15,105.48644124076894,35.778911619259866,171.90095659545818,117
2029-01-16,105.81969629594417,42.5819405766673,174.79783736036805,39
2029-01-17,101.07354729210404,31.806988739184238,171.7701080953667,181
2029-01-18,105.26427495190757,31.978338534680873,172.37192001843007,21
2029-01-19,102.73866032864963,32.110641169758686,173.09764939542794,60
2029-01-20,100.50680871663468,30.199942281437743,168.9481030915098,130
2029-01-21,98.03322775281173,28.716690457570973,169.78146782997845,186
2029-01-22,101.9496737402491,32.57589345133967,171.86123181753356,161
2029-01-23,102.46314926411596,33.039715328922554,170.46079406616724,161
2029-01-24,97.97405876635075,26.83659580980835,169.14874992772602,197
2029-01-25,102.49125178693886,30.91721759186296,171.36349940410307,148
2029-01-26,100.3525787717743,31.086139430886348,169.76622797105134,22
2029-01-27,98.55797094752349,30.08666515992128,171.43510926324677,100
2029-01-28,96.56080072137716,27.039989418301744,170.7835194626239,83
2029-01-29,100.98102863244883,29.929490181306686,168.72287964177903,29
2029-01-30,102.01351156412834,27.905967239554364,175.5991353608063,81
2029-01-31,98.04647040592481,28.72684268120251,165.99551594782884,82
2029-02-01,103.07683851121341,35.38358115946074,168.86090086818277,80
2029-02-02,101.43110783986197,36.47964981388379,172.08934117444997,87
2029-02-03,100.09867684090028,31.86764778814254,170.49692876223162,37
2029-02-04,98.52344985304582,26.62131525953228,166.50384532094563,139
2029-02-05,103.31718830777115,37.38469050163431,170.28252659971562,130
2029-02-06,104.66798378693014,43.654198708927126,172.1585011452732,52
2029-02-07,100.95884765995164,30.255536452465183,172.0954241387147,17
2029-02-08,106.18313645543911,38.530580688370264,177.0234758835152,22
2029-02-09,104.6654289746082,29.13272675497076,170.6841728894882,120
2029-02-10,103.39485962857839,33.864887068007086,174.8498362740524,44
2029-02-11,101.81665947830582,33.68212844212228,173.99579758436073,32
2029-02-12,106.54540816098152,40.788549710025414,173.08827746819682,55
2029-02-13,107.77337074610118,34.203891210927615,178.73040200142486,24
2029-02-14,103.88891919318249,38.342838441270565,176.2640961564644,139
2029-02-15,108.89176330572373,40.31731534119548,178.0827442825882,70
2029-02-16,107.11361353739942,37.112443028241955,183.27276144706718,124
2029-02-17,105.55128689590956,33.07404901369949,175.7698561933829,73
2029-02-18,103.65801438980198,37.90685076444833,171.4326825195712,61
2029-02-19,108.05646016770683,33.49275566157022,177.90972277845992,173
2029-02-20,108.94683314936097,40.623049982781836,176.7351959134967,78
2029-02-21,104.7250971722474,35.3156073310489,173.22053234548036,76
2029-02-22,109.39801031582365,39.62977467125391,178.68175763829248,184
2029-02-23,107.30362078249573,37.84912611631459,173.69523243185566,92
2029-02-24,105.44423472293464,37.689634182191305,176.46143425290006,11
2029-02-25,103.27761760896641,35.86564763597952,177.22321998186374,181
2029-02-26,107.42994139917641,45.478783145569196,177.22872443082235,87
2029-02-27,108.10385929095627,38.84273500290988,182.43786044444295,37
2029-02-28,103.69671396716586,34.6668465516734,180.0469954528255,63
2029-03-01,108.21560880041558,38.38192693643695,181.84911097353523,76
2029-03-02,105.99796717165631,40.617525691168225,171.64562380534477,173
2029-03-03,104.04459213378979,35.773425915545836,173.04196300402967,111
2029-03-04,101.81098404875898,30.686007058599444,176.3535951541429,129
2029-03-05,105.92042379277036,38.77184598124021,175.2012054893845,162
2029-03-06,106.57219815369314,34.53628441050305,173.8627791057795,57
2029-03-07,102.1599678158715,25.696096848559485,169.31933421395698,176
2029-03-08,106.68700171817896,37.89413178520808,176.10397400810172,56
2029-03-09,104.48689728534798,32.48115001793015,170.871949684518,30
2029-03-10,102.55679330786066,34.95888216150036,169.86132670631227,167
2029-03-11,100.34882801659104,33.73975533819685,167.51902191984553,101
2029-03-12,104.48334539541962,33.01182135694012,176.32937814217033,168
2029-03-13,105.15722247535905,40.734676397724755,174.6759282823389,130
2029-03-14,100.76231491164116,36.19556918521101,175.26276726718976,125
2029-03-15,105.3007424125773,36.89720384457258,174.1665750928182,163
2029-03-16,103.10563224249049,31.89605216193267,171.8805637851454,159
2029-03-17,101.17432726424168,32.24528846789191,162.94904749255244,158
2029-03-18,98.95981172705157,25.757735606700624,165.63244150759837,10
2029-03-19,103.08385943843606,41.173387398880315,172.59258628415412,174
2029-03-20,103.74527953540263,36.57489359337535,172.96514304974406,86
2029-03-21,99.3382604128573,33.91586803217883,168.57063374954487,94
2029-03-22,103.8675373087384,33.754018849436555,170.07677081361877,55
2029-03-23,101.66900623352389,30.163319692114257,171.38030535836083,146
2029-03-24,99.74279556313255,31.104726650423586,169.23278699233978,154
2029-03-25,97.54455357569805,23.311927108065483,167.5942259652674,56
2029-03-26,101.69846169892827,31.5906770985828,171.13717808107623,68
2029-03-27,102.40535369250001,32.87834873456354,173.22293781528285,63
2029-03-28,98.06094604934849,23.760144190795085,170.29955255383422,95
2029-03-29,102.67090939697965,38.1843281312987,176.84575546525735,21
2029-03-30,100.57140728617047,29.407163551851824,171.55396222950998,15
2029-03-31,98.76211667589291,29.901332755266985,171.12978374172897,62
2029-04-01,96.69749057648656,23.742391371942066,165.10511646810804,153
2029-04-02,100.99977391600123,30.46049364862942,174.91952520960288,99
2029-04-03,101.86715322266954,33.11929181241527,172.40844178324338,14
2029-04-04,97.69204482875374,26.36471333884256,166.6873286114821,82
2029-04-05,102.47624986762071,34.082291335999415,177.93855315122903,183
2029-04-06,100.55160005243842,32.39170416866453,166.92169832525755,23
2029-04-07,98.91310533157029,24.118284359808513,166.35544803132532,181
2029-04-08,97.01035995267421,26.95459816434094,170.85318590640256,115
2029-04-09,101.460713475318,31.48320443090051,174.7829696346442,61
2029-04-10,102.45758234870141,29.100986513283,171.1442285322731,125
2029-04-11,98.38890148751263,29.919124226246197,166.20932456917143,35
2029-04-12,103.25243871856766,36.83279921527076,170.9833979540315,62
2029-04-13,101.37659073117513,34.75639695748122,171.00669627481577,118
2029-04-14,99.75366648870786,27.252400260448315,171.30882401440311,38
2029-04-15,97.83140987734934,24.78197438035074,167.77874660668004,28
2029-04-16,102.22626391676653,27.113092136480077,173.24643561128488,56
2029-04-17,103.1317486098738,32.846263841722596,171.90288996532112,145
2029-04-18,98.93694912604792,33.04780117572638,170.32750886580862,32
2029-04-19,103.64183534231225,32.79052114046664,177.53065959427568,126
2029-04-20,101.57803049131209,31.673266773190008,171.1401640987072,115
2029-04-21,99.74203498828041,29.279943362725216,168.0083682943496,172
2029-04-22,97.58665833834144,27.590096852821926,169.20594288447685,62
2029-04-23,101.73416355848147,34.1881060045643,175.07065539587407,105
2029-04-24,102.38449923315015,35.205898743524315,170.9545005913511,195
2029-04-25,97.93361979394831,25.922613185550414,167.99822481115493,14
2029-04-26,102.38861967654285,29.576103285476158,175.84602440796613,25
2029-04-27,100.08830434524174,24.021137994766985,173.43387562903385,26
2029-04-28,98.0362099506236,27.232211817340414,170.93688993956602,169
2029-04-29,95.69183050130295,29.078414804115667,165.15525414612932,111
2029-04-30,99.68356307170039,30.5138047682514,169.72774301509122,189
2029-05-01,100.21675217908486,34.46255135801771,169.89778263921173,29
2029-05-02,95.69183967145449,27.981066656270556,166.10879664401773,121
2029-05-03,100.11935110581945,28.385105172208746,168.50077422224422,129
2029-05-04,97.84034632928993,33.485203462981396,168.807433602576,120
2029-05-05,95.85935000812117,24.260499331919107,158.2698087820954,10
2029-05-06,93.63552409242199,22.177500711107996,165.8706884448647,67
2029-05-07,97.79559487189047,22.474913438618756,164.9363092915656,102
2029-05-08,98.54191684358044,27.31030829438376,163.97531493521265,181
2029-05-09,94.27067973032725,28.871319623950843,169.5076504941287,15
2029-05-10,98.98698852897326,24.501080386307645,168.33010137790163,117
2029-05-11,97.02544212221285,29.539040129077343,170.81555930188333,112
2029-05-12,95.38322299791395,21.440351073714098,160.0232379178322,59
2029-05-13,93.51145592539233,23.107349161688703,161.94301339241528,127
2029-05-14,98.02834328101976,27.347248705179663,165.86380457799322,119
2029-05-15,99.12745359519965,26.59378428607148,166.63212820685203,97
2029-05-16,95.19616348482006,26.573665562421983,160.3605585834508,29
2029-05-17,100.23097632459347,33.4881099826169,166.991426196647,23
2029-05-18,98.55833650307656,31.544225407997203,166.80323624848887,142
2029-05-19,97.16794514918007,20.20114811458745,168.35456469924034,178
2029-05-20,95.504328744103,23.81482729207224,162.99074264204873,49
2029-05-21,100.18016228775576,31.710870746781424,163.76188235670776,43
2029-05-22,101.38471815616474,30.520209252379814,173.4446339418896,133
2029-05-23,97.50243612712393,31.48744833539443,164.67131924989025,54
2029-05-24,102.5283341269476,33.365857444785505,172.51134739312076,89
2029-05-25,100.78887574565756,32.641509204927004,169.46939001943204,80
2029-05-26,99.27529869327412,31.526722947255237,176.0480684135751,164
2029-05-27,97.43515503895159,24.65804487230591,167.98911082592275,87
2029-05-28,101.88556548940569,36.11551687007936,169.7352874633738,87
2029-05-29,102.82156057813765,41.73437632891401,167.4637516740283,181
2029-05-30,98.63450707781931,27.45012258189375,165.7424794623757,42
2029-05-31,103.32734304765266,32.499309752433724,179.39509867657802,42
2029-06-01,101.23524233434935,26.788695219782053,175.07747850419503,53
2029-06-02,99.3587182510752,32.50232153038369,167.42370680068188,29
2029-06-03,97.15492344729209,23.622986384269364,165.85474962737865,120
2029-06-04,101.25065484227532,30.833959270871635,176.0806876879465,173
2029-06-05,101.85044336477542,29.65125168910015,172.02815262672414,16
2029-06-06,97.35473374052914,20.5523539812958,170.2123402460468,169
2029-06-07,101.77488452751768,33.95107324303268,175.48781582514752,176
2029-06-08,99.4536156712251,31.766798129922762,165.27683692312343,33
2029-06-09,97.3979192360286,27.0162833388686,167.80060381927566,79
2029-06-10,95.07019556845475,30.10085869147933,163.9466011506172,121
2029-06-11,99.10112816717955,31.400593696300383,167.33065199356244,113
2029-06-12,99.69768043927972,26.837700805740525,172.9725477537581,63
2029-06-13,95.26122196027922,25.599536768743633,163.70460673466548,47
2029-06-14,99.80251568484847,28.92969811672735,165.94086397156337,83
2029-06-15,97.6621934678396,24.398822176547753,169.86293134743352,89
2029-06-16,95.84373447926924,23.75147667635161,168.9741176399444,41
2029-06-17,93.80470657184895,28.323371749748706,166.8555061301392,54
2029-06-18,98.16978062252588,28.313700131295214,164.3058652567677,70
2029-06-19,99.13889681637188,26.60666015465955,169.30564306933962,62
2029-06-20,95.10558544588255,27.804557476542158,161.902706453715,137
2029-06-21,100.07216795034464,31.065776887926848,167.62917291681543,188
2029-06-22,98.37045931775353,27.844932373087378,171.34814207393416,85
2029-06-23,96.99497987304446,25.392159444197006,172.8014826475372,193
2029-06-24,95.39442981685683,21.72691754308711,158.6793312144464,36
2029-06-25,100.18492990763615,25.21856890336495,169.830935100851,175
2029-06-26,101.55840088447908,33.6928219210353,168.8706495513237,71
2029-06-27,97.90107828092688,29.9913367940893,168.12263529926992,27
2029-06-28,103.20888304512965,31.496226457096835,172.30909685940995,136
2029-06-29,101.80826455513548,37.73511206443345,173.23750407747858,118
2029-06-30,100.68952041701618,28.37112588907242,169.7447100246768,112
2029-07-01,99.2983437792372,32.379031058750265,169.3305706820631,86
2029-07-02,104.24910000064456,32.84916568249699,178.86289941657543,126
2029-07-03,105.73320483041796,38.26627180303349,176.44500974003904,113
2029-07-04,102.1376014316681,31.155109312530044,172.50922246047108,167
2029-07-05,107.46005844212797,36.84864239751553,178.30601631271378,58
2029-07-06,106.02990847078817,32.417694447182456,173.96034253292783,178
2029-07-07,104.84123517229546,41.33833213333031,177.75007126750174,125
2029-07-08,103.34426421012374,39.710700490606705,173.6139047344534,150
2029-07-09,108.15846520171172,41.67703023380695,180.25757323151726,171
2029-07-10,109.48074257577497,40.218714898089715,178.88912068303893,109
2029-07-11,105.70371878042775,36.09910589994765,178.51288551391588,134
2029-07-12,110.83083828854369,34.40279493400625,181.45916344071588,34
2029-07-13,109.1969180057736,44.04825652841361,181.6813940397987,137
2029-07-14,107.8011581909631,37.06916126691609,181.14627835484967,109
2029-07-15,106.09837474497289,37.39849961555083,179.69706392542565,155
2029-07-16,110.71196491420363,41.225447280906494,183.75821162183536,14
2029-07-17,111.84198854553941,44.2245717466292,180.44699673938257,28
2029-07-18,107.88337166454342,35.50867798493827,175.42276477021707,179
2029-07-19,112.8409631783548,44.66278032339825,175.33307090684164,27
2029-07-20,111.05007161542704,40.22717333980502,178.1887210905168,130
2029-07-21,109.50949622848552,42.35417972834929,183.15443470809498,41
2029-07-22,107.6728124385734,35.93616336891503,172.26373732885654,158
2029-07-23,112.16142171899261,40.04811296359317,181.84426236659752,19
2029-07-24,113.1727451017322,39.245054538779094,178.52641940442962,46
2029-07-25,109.09856320592641,37.16041480593952,179.02242429694704,186
2029-07-26,113.94022892387261,45.196937681467034,185.2328222697251,95
2029-07-27,112.02937435704769,47.47752300328733,182.3752553640679,22
2029-07-28,110.36112052529528,41.14934404416496,177.3924058082204,192
2029-07-29,108.38554371803065,44.644183600390164,177.73735065836217,154
2029-07-30,112.72090236534794,43.31529158427885,182.76075897190384,18
2029-07-31,113.56199747166627,45.79069031738953,184.7268935092906,97
2029-08-01,109.29866364924156,41.24242728410375,180.5987221154172,181
2029-08-02,113.93111148559744,43.07181850804859,179.18940992669238,55
2029-08-03,111.79073807282535,46.28650978926393,186.60589433600654,145
2029-08-04,109.87341024614508,45.86029985310386,179.83700293876697,128
2029-08-05,107.63097134658274,36.36338962930269,173.98570450859123,174
2029-08-06,111.68447335458288,40.6746228372822,178.67837159082728,28
2029-08-07,112.23250650476146,40.94356440212896,177.9734036714085,183
2029-08-08,107.66962362178779,36.90541066286121,177.1819197522278,103
2029-08-09,112.00158125675806,46.990924526570524,182.58377184194333,35
2029-08-10,109.56601690891728,40.800241452432424,176.00883647659472,55
2029-08-11,107.36557038446689,34.788113837623946,171.1576000219482,127
2029-08-12,104.85920456326807,34.636937507447406,177.48912794184187,55
2029-08-13,108.67523270233914,40.07737434308937,176.14411412666198,23
2029-08-14,109.0194303397054,41.274172663324904,181.1365809384248,94
2029-08-15,104.29323549288155,35.218997466242776,178.71218271643116,72
2029-08-16,108.50876599318634,38.84405806959836,182.81588251926223,81
2029-08-17,106.00928010945326,38.779911961965084,175.66250826027348,12
2029-08-18,103.80209528319803,32.34980163116061,176.63291731086855,37
2029-08-19,101.34972671084583,33.7742696308951,173.83092796663374,134
2029-08-20,105.28275886366099,40.17360802177946,174.4008762450833,166
2029-08-21,105.80783328428416,36.043163039903696,175.24962502143435,96
2029-08-22,101.32576077491933,36.155862025745776,173.50708763503175,155
2029-08-23,105.84649024406622,28.67288450670455,174.76273047182642,172
2029-08-24,103.70956268319065,36.7356153525177,174.40063437439863,86
2029-08-25,101.91706622084197,33.44352114494469,166.92360781446084,85
2029-08-26,99.9248538792552,29.26735383455079,165.95003121316896,184
2029-08-27,104.35553576389609,30.6574224857641,169.27985268956868,123
2029-08-28,105.40662644255688,36.704158146308245,176.49837471842193,142
2029-08-29,101.46885188538674,34.29399899371179,171.92329884928958,84
2029-08-30,106.54134342593184,37.74070680846667,178.80929468264023,68
2029-08-31,104.95234147155185,32.11999522030353,171.31399945177955,68
2029-09-01,103.69241839057347,30.397199434378248,172.96529551274054,56
2029-09-02,102.20597508313124,31.994159720562667,173.10683547950248,104
2029-09-03,107.10451545192963,38.32561513741583,175.22920616907683,150
2029-09-04,108.57507183068093,41.2568879471577,180.8184786820535,87
2029-09-05,104.99877807895146,37.022937503863965,171.9766210091219,122
2029-09-06,110.36631039752521,42.53809289447712,179.72440597638695,118
2029-09-07,108.99881165669998,42.662115429533834,178.68946852256414,115
2029-09-08,107.88130240292213,36.37673666756181,176.00505307463527,98
2029-09-09,106.45432764517454,35.67897939038701,176.1746856955184,42
2029-09-10,111.32733924949255,41.960115159169334,180.25831215849453,106
2029-09-11,112.68718376030347,38.55748126767841,179.48632010935265,199
2029-09-12,108.91669036780614,36.5946974652824,176.07506156007832,88
2029-09-13,114.01007839635031,42.747118909129355,192.0523445631602,25
2029-09-14,112.29380076842638,41.73363580859998,182.94715403210625,53
2029-09-15,110.75982859483585,41.670668873356924,185.2949564801007,195
2029-09-16,108.85712925796844,36.70727975775511,182.26399444661635,129
2029-09-17,113.2048422656623,42.661306711350456,183.71736555395773,143
2029-09-18,114.00052821343213,45.64807085804516,188.4729099946916,117
2029-09-19,109.63849200410823,42.44083112236226,180.48815644088575,152
2029-09-20,114.12490686465462,46.58731141776796,190.70165582874145,13
2029-09-21,111.79836330831459,43.54037054565285,180.0934425138122,65
2029-09-22,109.66285620246467,35.89130168208151,177.24489167772586,73
2029-09-23,107.17897040061426,33.408148480742184,180.87069893136749,171
2029-09-24,110.97677716809137,41.87554011122307,176.38733728644183,104
2029-09-25,111.26382431544917,39.36813450534039,178.8364195036085,65
2029-09-26,106.44322817950642,34.088605645936944,175.3576814809398,41
2029-09-27,110.52860019250846,40.57320124118413,176.04589672525736,125
2029-09-28,107.86443742325005,39.07508900998121,174.66064090106673,18
2029-09-29,105.45899436967798,35.558830764578644,174.41935349788287,114
2029-09-30,102.77539934612429,34.20371323450279,171.3678371280984,87
2029-10-01,106.44452926197799,32.82271301826613,170.17998585983187,170
2029-10-02,106.67302591262067,37.49304412300144,177.48487802212642,96
2029-10-03,101.86146076141554,30.9376788942126,171.0400118096653,30
2029-10-04,106.01937846108585,37.54639984395841,176.6329787904109,64
2029-10-05,103.48584474664327,31.03591343277304,171.65016690117284,85
2029-10-06,101.26251107884161,31.25327311372346,170.7415148254594,194
2029-10-07,98.80495347553254,29.93743489275528,170.40441675896875,139
2029-10-08,102.73579258913509,32.41686758332612,173.21417273476936,150
2029-10-09,103.25297077682806,32.58749586732102,171.62367306114143,135
2029-10-10,98.7481853493097,25.00238138486513,166.21838900600008,141
2029-10-11,103.22220026200753,39.86915681815633,169.39512864640693,93
2029-10-12,101.0056539399086,32.228587964865575,168.75537929460583,187
2029-10-13,99.09236795092491,30.87494315505996,172.26513145457034,124
2029-10-14,96.93090680182178,27.05239451425784,168.84440126985072,57
2029-10-15,101.137889465131,29.803029449451262,170.64172517345398,132
2029-10-16,101.90642283602973,33.01676318767038,173.42318169834542,87
2029-10-17,97.62465182347543,23.806433853908818,171.47747353395306,39
2029-10-18,102.2911450576323,33.00381482644379,172.57525791087855,38
2029-10-19,100.235731918933,24.81066602776417,169.2804580601218,145
2029-10-20,98.45279497371769,28.749374062759472,171.09234226518322,149
2029-10-21,96.39276883694936,30.89978609486904,171.0972801613851,50
2029-10-22,100.67534816987511,26.621604647052006,170.40510555784024,35
2029-10-23,101.49777840614088,32.98350630268094,171.61447083495779,59
2029-10-24,97.25322849842445,30.371658914133803,176.56380040090488,11
2029-10-25,101.94597031405833,36.33629034821349,171.94169322243843,64
2029-10-26,99.91198692550957,26.493808218216582,167.67593648340778,113
2029-10-27,98.152021118721,25.560351519154626,165.25472251793622,193
2029-10-28,96.12282286243234,26.024459491084748,166.2026868662253,23
2029-10-29,100.45010642478633,33.61761908250503,173.6889617657822,143
2029-10-30,101.33659872340691,32.54480416087023,175.13308905532512,137
2029-10-31,97.1801859723905,32.16976479785874,170.36878980118115,113
2029-11-01,101.98889056884187,33.78014817425854,173.8330798527111,104
2029-11-02,100.10130709961464,29.058948941006708,170.87426460296516,90
2029-11-03,98.51951454741607,27.70281221790556,170.45861657284337,70
2029-11-04,96.70022813725849,26.152835018419992,162.37970992942036,21
2029-11-05,101.26770500275674,29.553063388484016,166.99814724686172,22
2029-11-06,102.42178743715418,32.88802521909285,173.77818957538074,156
2029-11-07,98.55609157939999,29.021319736797864,165.83400452060093,181
2029-11-08,103.67307284379885,32.24831031015107,176.8822406255409,98
2029-11-09,102.1045949242926,35.206473076632975,170.04213359401575,104
2029-11-10,100.84501603882791,28.892647428177842,174.97923723347546,68
2029-11-11,99.34255116777368,25.44550935754561,169.7519499340348,46
2029-11-12,104.21241863359806,34.151486150596426,175.36401517513664,34
2029-11-13,105.6451479714131,39.1148790486756,173.75983420656024,25
2029-11-14,102.02504933626717,31.866881073431006,169.19856486506353,175
2029-11-15,107.34556757729341,38.55641275244314,174.87635491422552,180
2029-11-16,105.93013929382434,35.78178307983527,173.2340633897798,96
2029-11-17,104.76555793087022,33.34834120714427,176.97552749325186,151
2029-11-18,103.29359721872486,33.234852597516245,171.58316894883572,143
2029-11-19,108.12439326126534,43.65045320755707,173.6075672603974,32
2029-11-20,109.4449548236868,37.20362595165959,179.5242974691048,135
2029-11-21,105.63779553230542,35.1119402567251,175.3103323707228,69
2029-11-22,110.69640564389708,38.42070604202473,176.41892940912743,149
2029-11-23,108.94617745765258,38.95160959854162,173.96415999253378,150
2029-11-24,107.37778654760264,32.87974045398094,175.4020286747678,109
2029-11-25,105.43877769970061,38.36704795214287,175.36611547706653,112
2029-11-26,109.74685594965106,41.71351610754013,184.35923641033017,143
2029-11-27,110.49825388818833,39.84025859880248,175.645001754902,72
2029-11-28,106.08617205318419,38.587666014391324,177.75079094077168,47
2029-11-29,110.51601458964741,38.6588035632764,180.23167732702643,137
2029-11-30,108.12604007504694,32.548806220982854,177.66346045529653,59
2029-12-01,105.92043665909972,34.47519613305314,171.57574370576535,189
2029-12-02,103.36057833408374,35.43288560699371,180.10886498546225,49
2029-12-03,107.07797140831644,38.023920032718706,177.7325247882305,17
2029-12-04,107.28227153390787,41.257740377727345,177.39130017644467,198
2029-12-05,102.37937754655233,28.516853673783437,175.87539478343342,17
2029-12-06,106.38633373006324,42.51912089027161,176.7226703294051,113
2029-12-07,103.65166956391597,32.73674236330938,171.47135080136428,43
2029-12-08,101.18819473778238,28.848327281062797,168.38423724953978,197
2029-12-09,98.46401411317368,29.994372834078717,165.37951958244847,66
2029-12-10,102.11527857827056,29.35859943625187,173.51665182906754,183
2029-12-11,102.35405783050554,31.28072845352949,172.19369562293898,31
2029-12-12,97.5863456782576,29.690361297754844,171.2701921826116,96
2029-12-13,101.82693232878574,29.152577319513664,171.15721733091314,49
2029-12-14,99.41977401226875,33.60781947489624,167.94983140380447,182
2029-12-15,97.37087741069149,27.58210627790819,166.09466100663516,192
2029-12-16,95.13946165284867,26.06997913529686,167.4619664510452,188
2029-12-17,99.35091034323976,30.750920216612755,172.86628472198896,95
2029-12-18,100.2048947148485,29.701507531446584,174.74578272012297,142
2029-12-19,96.09367221196024,25.114747742221734,168.0633372097788,104
2029-12-20,101.01728751650988,26.230815810858473,172.70899399815977,22
2029-12-21,99.30429794265258,28.92355370067891,167.62241871146023,37
2029-12-22,97.94503149963734,27.68926155962005,166.91890610268084,93
2029-12-23,96.38313072040248,21.790436181503406,161.5572628375835,71
2029-12-24,101.2288848256459,35.336503694960065,176.14305399842652,102
2029-12-25,102.66772144766982,32.21498221376563,178.98564350698825,96
2029-12-26,99.07885265767462,32.4634473742603,171.50517452491715,33
2029-12-27,104.45079330388707,32.03368655694291,174.7044064627426,107
2029-12-28,103.10236538295334,36.62773291971344,175.7284411251633,16
2029-12-29,102.0161895652159,33.483940570908125,174.22802832171223,175
2029-12-30,100.63041100566167,30.251670663559008,174.21136984647958,46
2029-12-31,105.55215741947173,38.814602554314405,175.25692437242645,77
2030-01-01,106.96609754933007,39.98270606969337,181.63269123575492,179
2030-01-02,103.25309324384418,33.35450471695728,170.0758654421033,95
2030-01-03,108.40566324074022,42.17834346165654,180.08357129048068,142
2030-01-04,106.74887406373087,36.35102577227105,176.55263038398644,187
2030-01-05,105.27366238902952,33.362614168134115,172.83454526722306,96
2030-01-06,103.42834070454244,28.034757963514647,173.23441473992287,24
2030-01-07,107.83179025164115,36.09357421162957,175.50660240069482,132
2030-01-08,108.68171654052853,44.84100881845392,178.6657034703457,116
2030-01-09,104.37296877377122,30.409622765367416,175.60367017575305,190
2030-01-10,108.91265011399193,35.56023691047401,175.59178742354456,162
2030-01-11,106.6406435305038,38.018012432265344,181.2131827586047,98
2030-01-12,104.56256713549408,36.49745088454194,171.32019574050477,134
2030-01-13,102.1409203553223,32.49933699919102,171.21736783263987,122
2030-01-14,106.00793416143559,36.63827418474157,181.97023978674852,146
2030-01-15,106.37350935035137,36.52615713314131,174.83214921070135,175
2030-01-16,101.64325214001347,32.626741274929,169.36207648269365,159
2030-01-17,105.83334097665606,36.5855245760449,178.72467440935486,116
2030-01-18,103.29085509246597,37.93800701512261,177.55481784909253,96
2030-01-19,101.02658323159105,31.520076589509852,173.61450364833988,186
2030-01-20,98.50607698943992,29.728600176752646,173.73111927188484,77
2030-01-21,102.36246361377333,26.749195315314633,170.5136607170388,24
2030-01-22,102.8044023782304,34.743282272055744,169.3726727405176,74
2030-01-23,98.23419242790949,21.99844369587744,168.85178763572233,63
2030-01-24,102.6627631921736,31.93631986637841,170.56567364983178,167
2030-01-25,100.43017376806431,29.866114737000018,169.38442114841735,102
2030-01-26,98.53863434900536,27.523566452076384,169.1873327615828,29
2030-01-27,96.44380775786276,29.463737105563222,164.52526302300535,42
2030-01-28,100.76789869441035,27.9588342989533,165.49708458465037,109
2030-01-29,101.70790692797763,30.63000282559538,174.66251707508385,86
2030-01-30,97.65404404183248,23.501682593720137,162.29930485776035,144
2030-01-31,102.6050363527536,30.48303581853097,169.91531011346373,145
2030-02-01,100.88893199719293,29.207271139514937,176.19530679892287,165
2030-02-02,99.49641713873154,23.921580665278455,168.61233209464234,182
2030-02-03,97.87239175028846,22.549449887309017,167.97648709171645,116
2030-02-04,102.62930569147638,32.91152063431985,170.27319744820412,129
2030-02-05,103.95562532346327,30.58623329076229,172.94402235347184,83
2030-02-06,100.23442531734807,27.48263232826843,171.41782934840262,20
2030-02-07,105.4588245282443,31.709042447557657,179.57094502279338,40
2030-02-08,103.95288139317522,33.32400261186061,177.28719843951458,21
2030-02-09,102.7049526057371,30.718500458224558,171.7379221697156,133
2030-02-10,101.1592656211366,33.96591744020524,170.36620246075648,87
2030-02-11,105.92920710029414,37.48266128691278,177.58943813442872,188
2030-02-12,107.2057001416184,35.83555018825528,177.562092725028,181
2030-02-13,103.37566869545783,34.18505970603895,172.45923507835016,105
2030-02-14,108.43731273779812,38.888213368006795,176.18771554893095,59
2030-02-15,106.72081523676327,32.58262206632973,176.14965207822718,126
2030-02-16,105.22149087138638,37.08032348305756,177.80560116902487,26
2030-02-17,103.39113373593034,33.35543028114254,170.12738975281383,172
2030-02-18,107.85107307426695,34.35407344466987,175.5747749672646,138
2030-02-19,108.80031687779929,38.18032073428726,179.07608376584938,166
2030-02-20,104.63378857009857,33.272242985332724,174.52799679807222,188
2030-02-21,109.35738682425152,39.6426855736134,181.57840893970928,73
2030-02-22,107.30849547712363,33.271341451804794,172.98129653535338,141
2030-02-23,105.48895872184934,32.4056942895561,174.62897014354772,96
2030-02-24,103.3562831858995,34.90222681242161,171.8798203205613,165
2030-02-25,107.53657935144754,32.04845188534327,173.37178581670165,25
2030-02-26,108.23262451799465,37.68707145041819,183.10852990842645,72
2030-02-27,103.84205380201857,34.14419409027217,180.58366412805597,85
2030-02-28,108.3724093804436,35.31756605632136,175.0061517936579,190
2030-03-01,106.16167400966617,36.25419534566376,178.83756370321473,94
2030-03-02,104.21130202747673,31.313107704653433,175.50810272466566,118
2030-03-03,101.97750651220723,28.5362115115959,171.2422648553978,26
2030-03-04,106.08431127298272,36.55347203461225,177.86906415524047,177
2030-03-05,106.73174537542116,41.74995129982671,172.7077752385861,150
2030-03-06,102.31418164152629,34.40373835926682,181.59320062088415,189
2030-03-07,106.83554388727863,34.927593534317346,177.7665849707432,67
2030-03-08,104.63000327562983,41.0062582765033,172.7299717495407,174
2030-03-09,102.69517131378315,34.67968984768815,174.90345250764256,88
2030-03-10,100.48354264661317,32.57402411276363,167.4263598444843,70
2030-03-11,104.61569112915356,34.3257194205267,176.19082142845974,122
2030-03-12,105.28859218428853,34.46696232197993,173.12657025831004,130
2030-03-13,100.8940688248652,33.28928594296173,172.78044041133927,43
2030-03-14,105.43408280263606,35.993389340307886,174.1138094887505,79
2030-03-15,103.2414888199499,32.27158807831445,174.24721598572512,26
2030-03-16,101.31325781543073,32.691305786029105,171.15256292821672,29
2030-03-17,99.10192192303784,26.73356457611924,171.00597032328227,68
2030-03-18,103.22874500618171,33.27836341957334,172.26223570478015,78
2030-03-19,103.89199313953684,34.57343207440865,174.36536559747694,170
2030-03-20,99.4853046770486,28.112524937463718,170.24115735326774,111
2030-03-21,104.01288443975287,32.102345140521734,175.56165216944694,129
2030-03-22,101.81014373196211,31.938937147174983,172.922424067317,154
2030-03-23,99.87679654348997,34.80391775297799,171.54369678385055,66
2030-03-24,97.6681693081263,26.254397049951304,167.11079238350507,92
2030-03-25,101.8082331555121,35.36428180807814,170.2173697241042,138
2030-03-26,102.49773815939965,35.212779063380886,169.33088560038678,22
2030-03-27,98.13245427639183,26.189271777736707,167.1483902056794,164
2030-03-28,102.71824831959563,30.165199308597376,171.19882615911368,196
2030-03-29,100.5916230833701,28.767363152715813,171.38044085016864,15
2030-03-30,98.75273283411357,31.053567026557303,171.94671927215327,106
2030-03-31,96.65663571495332,27.62881771662832,164.9479146016102,103
2030-04-01,100.92629439313623,31.361666400463967,165.313226683785,119
2030-04-02,101.76070597791494,29.141051576990435,170.2963898370552,160
2030-04-03,97.5531665061611,27.837150478386835,168.06828589722173,147
2030-04-04,102.30639899863807,30.259886199747662,166.96330131467957,60
2030-04-05,100.35316992352979,34.7010066639329,165.98634068733273,156
2030-04-06,98.68940609951039,25.85844625727018,165.00453984030446,60
2030-04-07,96.76556956815868,25.763164145831478,165.3272505760351,96
2030-04-08,101.1997980030591,34.10293500812082,171.6586236162095,77
2030-04-09,102.18618729398091,33.53731744680503,175.13653911625488,93
2030-04-10,98.11321672596043,29.13954149069292,169.49748837942917,51
2030-04-11,102.97904054285215,39.42046748196896,172.4539898495952,66
2030-04-12,101.11226534738027,29.890489149168758,169.11334934064706,175
2030-04-13,99.50521998869557,28.60051014800469,169.4751630015203,71
2030-04-14,97.60547025822898,29.85106051590801,165.1767167877833,16
2030-04-15,102.02908109524202,27.020808367551183,179.3422664271278,121
2030-04-16,102.9689985759809,35.28897994846205,178.86788634080668,187
2030-04-17,98.81354838650897,27.221043014655578,171.17678179661985,189
2030-04-18,103.56177161869446,33.928509381949226,176.61363430923433,35
2030-04-19,101.54421526497131,33.60813851736151,171.2159176649007,163
2030-04-20,99.75618293099005,24.161280110835037,169.95235979112644,28
2030-04-21,97.64919795156833,24.981077370918353,165.29547919628217,18
2030-04-22,101.84418248366204,34.956554855454655,173.14170749708506,70
2030-04-23,102.53972671857628,33.84517963213716,171.84353062177297,29
2030-04-24,98.13044772927583,27.82055164621157,166.18459205358906,115
2030-04-25,102.62216248222838,27.961496286237637,172.40671063369177,59
2030-04-26,100.35249684784107,25.653112853787807,170.45366954175094,90
2030-04-27,98.32394123101614,29.621934864227452,167.32564199070652,159
2030-04-28,95.9951106015631,29.157241488739896,166.44926295413245,150
2030-04-29,99.99371842399613,31.408815604350604,170.08654711379987,149
2030-04-30,100.52464470543472,31.029393060771138,169.430692659843,19
2030-05-01,95.98810372685948,22.925144255262374,164.40663195900336,74
2030-05-02,100.39464182359649,31.588455272643042,177.12135864723902,167
2030-05-03,98.08559249470743,23.226976290960398,169.0034993367179,17
2030-05-04,96.06600435177508,24.26990941024221,166.9439309899425,158
2030-05-05,93.79580386477832,29.200372333202022,159.88960991898992,31
2030-05-06,97.90270573969086,32.62420447956793,167.18252005703624,27
2030-05-07,98.5902535320337,26.385704170615142,160.63924919846744,185
2030-05-08,94.25599741549242,20.584237663567876,163.6603024995549,181
2030-05-09,98.90653974302643,30.85547443680376,165.33680206247402,18
2030-05-10,96.87807485461992,28.325212658171846,164.04392819916458,63
2030-05-11,95.16943672765316,30.08311410369846,162.33490559102444,35
2030-05-12,93.23341347646566,28.779794760448567,161.20279765067988,103
2030-05-13,97.68983762139563,25.21513895789584,172.12705617513652,109
2030-05-14,98.73382996310616,25.546242639937617,172.35533508862017,35
2030-05-15,94.75419848896496,25.707259667462495,163.1030968876406,43
2030-05-16,99.74871689115608,27.80238161969768,172.6121999881553,17
2030-05-17,98.0449026938104,31.334355337679057,169.32397869251912,147
2030-05-18,96.63330192119336,22.1899890639135,163.1205257221567,57
2030-05-19,94.95903262891345,30.146944351522077,165.09627115823162,192
2030-05-20,99.63508971037427,30.31591993338919,175.14849149953622,116
2030-05-21,100.85078267082099,33.517183216200806,169.4656355871559,63
2030-05-22,96.99030219842146,30.139327166218177,169.02388258382325,177
2030-05-23,102.04813522248214,30.481918228412304,170.5923871635335,128
2030-05-24,100.3499444238942,29.72642183849998,166.52472317884954,152
2030-05-25,98.88591607067724,30.539882660812715,173.87056079818714,90
2030-05-26,97.10232651010897,20.807712763641298,168.5712869682029,155
2030-05-27,101.61482886831892,34.29713882201612,173.99744638550993,105
2030-05-28,102.61683194699937,38.816967830286195,171.50296818414637,111
2030-05-29,98.49796859713308,32.47721082101345,174.02658749024306,160
2030-05-30,103.25937582698542,39.948100296830695,176.3703019992687,71
2030-05-31,101.2344062208431,24.61469946516507,172.51775572026082,55
2030-06-01,99.42177909646355,31.880536800032296,173.83070844304544,96
2030-06-02,97.27692710353436,25.677895256874937,165.73520194124265,108
2030-06-03,101.42504584584022,36.64784021103458,171.9542369934149,48
2030-06-04,102.06922503946832,31.41775653289297,179.51414592448216,152
2030-06-05,97.60866531225786,24.785248387242763,166.32442390676349,62
2030-06-06,102.05370983564202,32.20140539734653,167.61434232050325,89
2030-06-07,99.7463172066152,32.94380796431465,166.0099811606206,25
2030-06-08,97.69299056350786,26.516861018760814,172.28858054879794,113
2030-06-09,95.35592471596318,26.29524099291545,165.3386478639195,79
2030-06-10,99.36588430258399,30.842703510438607,169.62540338969384,150
2030-06-11,99.93019611288634,27.468897804663587,168.46907857737995,117
2030-06-12,95.45086336799719,23.251703131416512,162.30074060927987,56
2030-06-13,99.9395337989484,27.695491772087227,171.0059377470432,18
2030-06-14,97.73794947484001,26.59602510418945,166.60397166663398,43
2030-06-15,95.85089374221148,21.600746408074247,165.00135373436075,166
2030-06-16,93.73739627229833,21.854360372223095,163.91378311895866,174
2030-06-17,98.02370730776562,29.853628290594184,170.00834163741962,180
2030-06-18,98.9114212490733,33.08314679751807,170.92408822825783,95
2030-06-19,94.79575339110166,23.80051785302108,163.8618896781926,124
2030-06-20,99.6806968009586,25.502092770435937,171.02683020403362,73
2030-06-21,97.89968171993124,31.745992541859735,168.75192098877648,161
2030-06-22,96.44874672634994,27.925988510400874,166.90464184027687,43
2030-06-23,94.7779761586813,31.156101411159995,163.60403645314753,185
2030-06-24,99.50470821164541,25.06638783418952,165.38306886902453,21
2030-06-25,100.82188718085564,30.810350227495153,169.2935958703903,160
2030-06-26,97.11655721527993,28.749241163045035,162.21800401495727,106
2030-06-27,102.38521851469226,34.08089684939274,167.55069549783198,130
2030-06-28,100.95466287840985,30.19882931794706,177.18616409991822,150
2030-06-29,99.81529310241903,32.871423396786305,168.6559056702604,96
2030-06-30,98.41267684948524,32.61088046388447,166.74815712635538,111
2030-07-01,103.36083651841584,34.456911245819114,177.84065556942681,105
2030-07-02,104.8506467575593,35.22662422400178,172.52917255742906,182
2030-07-03,101.26833626077382,32.48503198359803,164.51878910169333,123
2030-07-04,106.61081518716604,34.190599242945915,176.4886171893704,56
2030-07-05,105.20644661853215,37.892788883267656,178.11607895586582,67
2030-07-06,104.04826910951545,28.97469645989234,171.67040883588658,142
2030-07-07,102.58542448719352,31.157477124684394,174.8851751192368,130
2030-07-08,107.4362968067079,35.79342057357775,179.667009554237,127
2030-07-09,108.79673921081114,36.12417099719793,174.6751764407083,14
2030-07-10,105.05839099069641,40.76903964759656,176.1036000718395,197
2030-07-11,110.22381222959054,41.752616149981925,176.8101852290923,105
2030-07-12,108.6270606776467,35.310112295649155,177.18018090749908,30
2030-07-13,107.2667241501444,32.29806966379655,175.6809659461227,161
2030-07-14,105.59716864971551,34.11299251998351,177.5072880944164,137
2030-07-15,110.24151378772474,38.185701046076396,178.41047300525162,133
2030-07-16,111.3997173678249,42.11611511504774,186.65299261003616,155
2030-07-17,107.46677583631562,37.62359961632383,181.11925040300807,30
2030-07-18,112.44777154195343,42.558722552790606,184.491494071576,63
2030-07-19,110.67839406243792,40.44187694819701,180.8061058011882,147
2030-07-20,109.15795046222442,33.09098151387515,175.03796082353563,161
2030-07-21,107.34062517460542,40.534151400280386,177.82265036449147,113
2030-07-22,111.84850047642526,39.401156442699516,180.32748078532154,120
2030-07-23,112.87971773511414,41.177147063771,181.91644619690598,125
2030-07-24,108.82678342135425,41.77025950221403,180.6400083720783,197
2030-07-25,113.69174717860135,41.552700205188316,183.73262794689506,66
2030-07-26,111.8068747250183,44.997190955026454,177.33179789000636,137
2030-07-27,110.16782528260322,38.00909027281076,178.73859755911764,160
2030-07-28,108.22508852685105,35.11812832988463,182.14014564777105,159
2030-07-29,112.59718597583631,46.4928853585593,177.11369708903325,171
2030-07-30,113.47901078624822,39.8467625773395,183.3092650983326,129
2030-07-31,109.26030377218389,39.909124371487664,179.3275071186264,79
2030-08-01,113.94098698750311,43.448013851845516,190.1710116042773,165
2030-08-02,111.85197211459733,43.769409594686785,187.83022474092428,104
2030-08-03,109.98844841480705,41.94163764535741,176.0927672840089,108
2030-08-04,107.80140104770915,36.227884321085845,181.6234693152667,176
2030-08-05,111.91086138297395,38.578305593105775,181.15279503691548,51
2030-08-06,112.51426097743438,41.13325496502322,180.31176081283238,160
2030-08-07,108.00488582107667,39.23425000476877,172.8679508788002,79
2030-08-08,112.38715210964106,42.620190613135556,184.98934742985153,11
2030-08-09,109.99732184808778,48.49659429451268,177.01565295294807,161
2030-08-10,107.8366652233483,39.882352563356825,177.12527095575845,154
2030-08-11,105.36282380450636,38.065009399372784,179.70744499185483,118
2030-08-12,109.20288042237144,40.531338893309105,181.66778023867641,74
2030-08-13,109.56151249033141,42.63517397076862,180.02731370097092,79
2030-08-14,104.83923117066927,35.596116758463616,175.39266333388164,78
2030-08-15,109.04743399158617,37.86647573441021,177.5158038930963,130
2030-08-16,106.52889592101876,43.8502088076867,180.3147753060207,118
2030-08-17,104.29071269852258,30.847206729078025,176.9793053388353,69
2030-08-18,101.7954572967037,30.24652322642002,173.27171342593667,187
2030-08-19,105.67406192471337,38.39891007571886,173.54649529575232,102
2030-08-20,106.13380844072942,36.353259451267334,174.73733980933753,21
2030-08-21,101.57643504188049,31.81569451718394,176.4561480635204,112
2030-08-22,106.01309148393378,37.3224715953973,180.7142047561694,184
2030-08-23,103.78477152510767,32.75271708975153,176.7244884356844,121
2030-08-24,101.89523899741977,28.726379217732312,171.3601526011835,74
2030-08-25,99.80220980717786,32.34083599169663,175.22843450032144,164
2030-08-26,104.13030247784855,36.30635846582125,178.38199504978408,57
2030-08-27,105.07913905365982,40.37180770246042,171.49066518549247,97
2030-08-28,101.04160195047918,32.72095634706139,170.86873230927247,71
2030-08-29,106.01897554648015,38.99572875728949,179.31288325545376,53
2030-08-30,104.34159665377308,40.20712159698508,169.92777966280235,156
2030-08-31,103.00202475244149,32.1066726733371,169.78935497486358,196
2030-09-01,101.44648794666666,29.99651793205384,172.46422781739028,145
2030-09-02,106.28811026890006,34.34946396972535,174.9423953177059,64
2030-09-03,107.71529471627758,37.54837093511846,178.0996466554882,117
2030-09-04,104.11025993251863,34.184605502278,175.70683295583748,56
2030-09-05,109.46445163494539,40.44054257671652,183.4938036445994,11
2030-09-06,108.09944543774323,40.28949404593089,181.33841529312727,122
2030-09-07,107.00034487979175,33.1984859110051,178.4905336635212,176
2030-09-08,105.60742416790164,33.87944455970302,169.61917533975827,182
2030-09-09,110.529515626272,46.29127979790887,178.07704335239512,169
2030-09-10,111.952511579912,40.85897387258913,173.7143525999494,175
2030-09-11,108.2579750490911,39.96850602733576,183.62646230978805,20
2030-09-12,113.43857804429982,39.45862744460379,180.9069678424496,147
2030-09-13,111.81898310306413,42.084984413430675,179.90147546726183,121
2030-09-14,110.38917220246847,39.17309019683801,178.96699932211345,196
2030-09-15,108.59597421721794,38.893833267788786,174.92590775465692,99
2030-09-16,113.05629386436766,42.304221091250874,182.9195001238882,64
2030-09-17,113.96541602785562,43.341010646188906,179.7682313436963,157
2030-09-18,109.71538510282768,38.287429008665995,182.98431562362973,26
2030-09-19,114.31018436931639,43.96635761917306,180.99270049570504,77
2030-09-20,112.08633803389456,41.55604372427982,183.597347802523,142
2030-09-21,110.04594765578064,38.53378084608824,174.98452050506117,197
2030-09-22,107.64792207775926,39.338373771648754,180.740108672058,160
2030-09-23,111.52091189766085,39.579266568773264,178.84134934098444,183
2030-09-24,111.87133037977335,40.748475499874736,186.10748483541502,61
2030-09-25,107.10146813910592,38.673703076559434,176.60017102361851,147
2030-09-26,111.22443376308762,41.18892491079799,179.28785265905555,183
2030-09-27,108.58454942661372,44.977621425714545,176.9975100864557,165
2030-09-28,106.19021870840747,40.14698712167956,175.8557201217846,106
2030-09-29,103.50503014007319,33.86873267079666,165.98618756802148,180
2030-09-30,107.16061072540579,33.495672565322366,175.09166447687386,163
2030-10-01,107.36461323271648,34.998116439279215,175.67713651356198,192
2030-10-02,102.5188451410084,31.27068381081953,168.74628391048418,57
2030-10-03,106.63427058440263,32.36059572131264,176.57448589481626,38
2030-10-04,104.05151218582634,30.478367307508165,175.28841184960922,36
2030-10-05,101.77386654197466,35.702143278794566,176.72598935339067,155
2030-10-06,99.2585922654887,34.84883225449694,166.19878909501418,113
2030-10-07,103.12997915267287,31.61530588390171,166.6450616571318,69
2030-10-08,103.58757573088351,33.50887857872005,174.04559127843058,115
2030-10-09,99.02457583189981,23.17014713580271,166.40855383475818,78
2030-10-10,103.4430878264953,27.82516435339453,172.53625422864215,123
2030-10-11,101.17490545207585,32.16018681277462,168.96317603457993,30
2030-10-12,99.21478602249066,24.590050910600972,163.74543812675668,161
2030-10-13,97.01198717039551,22.671862912439302,167.4721129764463,111
2030-10-14,101.18356338187975,34.5627434701499,171.2567187126473,140
2030-10-15,101.92279293039637,34.92785430886817,172.99793976018168,104
2030-10-16,97.61773006693329,23.006551615500296,160.91478789162346,199
2030-10-17,102.26660133927273,31.236757308343908,170.25090083145827,114
2030-10-18,100.19866138080978,30.368464381981124,171.071510277019,134
2030-10-19,98.40751163999698,31.720864959445407,163.86203097267267,11
2030-10-20,96.3426322294325,23.05393753361764,165.99132207790188,75
2030-10-21,100.6226285562033,32.22878220694363,172.1672935178247,122
2030-10-22,101.44356510671253,31.578647580592833,167.80468859103408,179
2030-10-23,97.19738432083543,29.44381405783318,166.664769498016,171
2030-10-24,101.88713372950465,33.09481902003106,174.21446258509977,51
2030-10-25,99.84762209211668,32.306043551360695,172.63127026280665,29
2030-10-26,98.07851433945483,21.885189469677027,169.97676622760767,106
2030-10-27,96.03562258345372,26.28993989292762,158.78365700324684,77
2030-10-28,100.3439024789078,32.27819605080978,174.5349343847811,182
2030-10-29,101.20553524620698,32.29875246941572,170.46964595422088,84
2030-10-30,97.01810130180249,23.5273488671406,167.23648302996548,134
2030-10-31,101.78957651984038,30.18982915355475,170.74752033385565,179
2030-11-01,99.85877931048582,27.45431570050245,167.08484143451338,56
2030-11-02,98.22828514556748,32.38335307462247,164.40725588012373,14
2030-11-03,96.35557178632521,26.765891706965327,163.59697762290625,58
2030-11-04,100.86590947557478,31.576301509665935,168.7102705062071,133
2030-11-05,101.96038020979375,34.03368204432443,172.53464493495062,46
2030-11-06,98.03403455386967,24.770256022701965,166.99700404153978,171
2030-11-07,103.0909181608587,37.324610659578006,169.61742338714654,155
2030-11-08,101.4645959049355,31.554069046133243,163.94944766335817,28
2030-11-09,100.151188558911,31.794132037715514,169.6011730251256,49
2030-11-10,98.60068219163882,26.175135053755803,172.389595746403,26
2030-11-11,103.43002016832207,31.083464342122404,175.8859410221356,197
2030-11-12,104.83135630930893,35.79124725405801,173.64976638217468,108
2030-11-13,101.19047108325914,33.801870517976326,168.6711256147186,102
2030-11-14,106.50207557103992,31.85309823039181,182.99863605294226,51
2030-11-15,105.09062305168854,33.301326915562065,170.5164087020589,132
2030-11-16,103.94363468757837,32.18864929936672,169.7714109298374,116
2030-11-17,102.50329087570958,37.72725640038484,174.70799053613496,81
2030-11-18,107.37978963578995,35.81565009551814,175.49206172715083,74
2030-11-19,108.7598424229152,38.508431821440766,176.6804866069732,118
2030-11-20,105.0253016621268,39.18605572339349,180.6689761943703,62
2030-11-21,110.16863796727995,39.543672443319146,179.85368280836383,144
2030-11-22,108.5138811451718,36.72245926574607,179.93100553009424,142
2030-11-23,107.0500268965463,43.072683652017055,177.61064800864344,33
2030-11-24,105.22265755057813,35.19419734399824,179.14778657978286,37
2030-11-25,109.64727641110767,41.990824131859135,174.76209617805526,71
2030-11-26,110.51772581431544,41.780365810166444,182.46586084473117,26
2030-11-27,106.2246844284354,40.46057404590212,173.27085234541892,29
2030-11-28,110.77096450209442,38.05096036309497,181.10257602125648,12
2030-11-29,108.49222733654857,42.71166993423094,180.83591884046518,174
2030-11-30,106.39012440772372,40.23109336358451,176.0424939788566,152
2030-12-01,103.92361917480898,31.26487550276023,170.65144793691513,60
2030-12-02,107.72199686527006,34.55173822337292,174.92274011832853,185
2030-12-03,107.9929408469118,45.83599103481366,177.43283969794487,145
2030-12-04,103.14068019910022,33.711365953296614,173.19296032269156,150
2030-12-05,107.18093858851987,31.705985497579505,172.34254251205064,185
2030-12-06,104.46131218279464,37.667359714729415,172.28882652085122,12
2030-12-07,101.99409328104127,32.40240272616808,176.68294245661986,82
2030-12-08,99.24730348768591,32.15602908870941,173.35341659124313,168
2030-12-09,102.85745179805866,34.647527795826015,174.51487611610122,114
2030-12-10,103.03740334686233,33.36593636673952,165.69562528808748,127
2030-12-11,98.1943694294739,32.38364093280329,172.9029767242436,163
2030-12-12,102.344753585573,32.0210484106877,173.12772448331486,193
2030-12-13,99.83448471271333,34.40577844811119,174.45151393930465,43
2030-12-14,97.6718555763643,29.270624475777616,163.7066752951857,146
2030-12-15,95.31863063165422,26.060114267349036,168.30154765430058,71
2030-12-16,99.40293700348,29.293697089536405,171.27133240223566,129
2030-12-17,100.12732128263987,26.40700342670938,165.96675802224843,124
2030-12-18,95.88697815723542,26.825305813933344,171.99474086968897,22
2030-12-19,100.68487970629042,29.48316088090726,170.26602330659526,78
2030-12-20,98.8524291429805,31.481297244459046,165.67522270913287,178
2030-12-21,97.38264917187084,26.926119516760842,166.1670623203016,86
2030-12-22,95.72165986947591,20.893111776832157,161.20382246927022,10
2030-12-23,100.48195037199775,38.53512764806407,173.89293956769325,98
2030-12-24,101.85081716129794,32.74291392295392,169.3864682906539,56
2030-12-25,98.20896507183132,28.585536553603756,168.19291514951163,13
2030-12-26,103.54599018046575,29.656214349571698,171.0029732624404,189
2030-12-27,102.18135919895045,30.38317007253277,164.68849124306547,19
2030-12-28,101.09788710834826,34.25985715000532,170.16295801238275,37
2030-12-29,99.73346049041182,34.02291123910829,167.0619007864066,130
2030-12-30,104.69450455381329,37.556911270575725,168.97972408643668,135
2030-12-31,106.16456170005749,34.228760924119754,178.49450075355838,143
2031-01-01,102.52297427095864,26.767555641810212,175.7867399673182,164
2031-01-02,107.76038871768397,42.815443952865536,178.99347348043284,149
2031-01-03,106.19969549391827,34.17039044695457,177.5369264823979,71
2031-01-04,104.82940770119043,33.286020717843186,178.0173011822421,189
2031-01-05,103.09522879783817,33.49769701688251,177.8094902765033,185
2031-01-06,107.61331170710446,38.64528844278612,177.59123876285173,76
2031-01-07,108.57858286498653,39.641589734890026,171.66374900435738,183
2031-01-08,104.38313074293991,32.03755185766179,172.5182097973376,83
2031-01-09,109.03138398331114,41.72257659774573,179.9611313402387,104
2031-01-10,106.86070213215802,37.31538646076759,179.80089244833462,152
2031-01-11,104.87439122712978,37.423571590921185,177.13645122252518,45
2031-01-12,102.53290407251097,28.02763486050497,174.254864015064,151
2031-01-13,106.46673709251891,36.228128612118184,175.31326451389728,121
2031-01-14,106.88440663342749,37.31185303457667,171.36938370043922,140
2031-01-15,102.1905131048907,39.65293651428364,171.0281924056025,122
2031-01-16,106.40062624226435,33.640510219676436,174.35565238348326,119
2031-01-17,103.86162169506251,33.36432632478623,171.44630893430022,123
2031-01-18,101.58448730744429,35.500801205468505,170.0892548936246,76
2031-01-19,99.03536376635108,29.450474717709202,167.39182529302118,135
2031-01-20,102.84833496754915,26.943496373775627,172.37227122810316,95
2031-01-21,103.23335296742398,30.54131834018193,169.86616362233408,28
2031-01-22,98.59430640756675,29.327244446655207,170.62012109421863,191
2031-01-23,102.94396469519351,32.64845917082138,174.1637754585465,78
2031-01-24,100.62442569602547,32.89562268650291,172.2023542670084,19
2031-01-25,98.64008149181342,25.683470569455547,169.72634341418694,170
2031-01-26,96.44886182300203,27.05666391048782,165.06042406005108,150
2031-01-27,100.67526442458268,31.240575318036214,180.10039138981057,137
2031-01-28,101.51855007846095,27.979261418753364,171.1404234306804,108
2031-01-29,97.37110352928622,21.728904808746144,161.5913330493119,188
2031-01-30,102.2336843352467,32.329502681400434,171.53205055663298,41
2031-01-31,100.43618696052285,33.32625624400251,167.38228307022317,121
2031-02-01,98.9709162132655,28.754400439869308,168.82870292875813,33
2031-02-02,97.28412943469141,26.79379807825563,165.52058317649428,44
2031-02-03,101.98934689361785,35.71050939365445,171.58843596134707,92
2031-02-04,103.27580112305438,36.0114785452124,176.5471950693623,79
2031-02-05,99.52702011546529,25.43270003265779,163.68717392181475,177
2031-02-06,104.73626323163593,35.76606351532136,174.54992926921588,191
2031-02-07,103.22742505818931,35.29379114744286,174.7406338898388,118
2031-02-08,101.9884104828142,28.60286710444833,170.8637961831843,181
2031-02-09,100.4627308537076,32.175858441372164,169.6590238748638,199
2031-02-10,105.26282245228282,34.23910448374856,175.53870166133754,108
2031-02-11,106.57845908749076,32.36260994810466,179.69760761542636,42
2031-02-12,102.795256038622,33.24349386036467,168.21017296580237,65
2031-02-13,107.90998766294454,41.55417013692627,181.50163452376458,173
2031-02-14,106.25133839098636,37.336266976751645,172.27137676805128,191
2031-02-15,104.81309574284619,35.91498578368196,175.00717031403283,156
2031-02-16,103.04554130103031,32.04718331840453,175.00119922247626,180
2031-02-17,107.56854745005563,36.65165270117421,175.28007840481735,21
2031-02-18,108.57975858137948,36.508426501103976,176.63877788114527,20
2031-02-19,104.47286098414537,30.61619329353901,169.72745680851565,79
2031-02-20,109.25267062291104,38.61706883086647,174.23201694154096,149
2031-02-21,107.25566510316257,37.80199209634033,180.96007018073263,50
2031-02-22,105.48297453968856,41.848621487559825,172.03248959402148,162
2031-02-23,103.39159267613942,30.747006332889697,175.89292917285727,115
2031-02-24,107.60732066413696,34.24433679540963,174.32083634218523,12
2031-02-25,108.33282586267251,33.99060245376729,178.03363197376908,12
2031-02-26,103.96582251101556,35.348424338900905,173.32534871208563,93
2031-02-27,108.51410502555282,42.010860880850004,183.53750786094923,165
2031-02-28,106.31606065913205,34.261119649009636,173.36933557033922,160
2031-03-01,104.37367557487168,32.78561606662339,180.0096458375254,185
2031-03-02,102.14379396330453,31.319100364298357,173.148917042226,179
2031-03-03,106.25113990826392,32.819721836369666,178.20985555969173,116
2031-03-04,106.89648077999269,34.237195341607276,177.59246674906404,177
2031-03-05,102.4749346777624,31.727053296386387,174.46079107505943,143
2031-03-06,106.99114774105146,36.99367704551217,179.20162320068764,29
2031-03-07,104.77996270416939,36.49463884904111,180.59424777332788,148
2031-03-08,102.83958712889608,31.477710564024967,166.42192449464324,105
2031-03-09,100.6230152534064,28.864212625428433,174.04939870631455,133
2031-03-10,104.75120758526077,37.8352764169264,178.27111109869256,164
2031-03-11,105.42140172693409,32.06554400943229,177.34927289579008,30
2031-03-12,101.02555212098476,33.39447044657538,167.46502322727343,123
2031-03-13,105.56562030165156,36.44140237050365,174.24098449016287,22
2031-03-14,103.37433352766871,32.862130720623995,170.67532757878794,95
2031-03-15,101.44841756583904,31.26470791513747,169.390817209795,44
2031-03-16,99.24005581096945,29.489735333300942,173.28988381765575,56
2031-03-17,103.37007807343362,35.48786792931223,174.366809588509,165
2031-03-18,104.03625270084265,33.68912604778181,175.32664617236335,158
2031-03-19,99.6316808534016,27.76741050113386,168.91106917560316,155
2031-03-20,104.16001656317144,34.723623437794636,174.6470550344168,168
2031-03-21,101.95613332909292,28.49423415488163,170.02401612671048,197
2031-03-22,100.01924662624877,26.57464384444151,166.31642978820324,134
2031-03-23,97.80424873080362,32.824622294129036,168.16654708295175,119
2031-03-24,101.93476387203724,36.22642960583462,167.9103032061488,46
2031-03-25,102.61130236167837,29.464700175794412,168.8359777665425,30
2031-03-26,98.22951764384725,24.51105194593216,166.93449354212058,23
2031-03-27,102.79529498562093,26.789961512996378,174.6102378152518,100
2031-03-28,100.64529744742661,26.495075197354975,167.94284806636864,69
2031-03-29,98.77998303480406,27.198471223227003,169.0952947069254,133
2031-03-30,96.65485344053573,24.283886225174687,163.07155471892148,32
2031-03-31,100.89344574669445,30.82630971054154,168.26491524570793,120
2031-04-01,101.69544833448623,24.36050164148354,169.520367021529,133
2031-04-02,97.45494669193513,28.80757601134905,166.33175996021725,166
2031-04-03,102.17552867701154,37.46336618398658,173.82060507893934,184
2031-04-04,100.19087477060549,33.35282353418669,172.64922227250918,39
2031-04-05,98.49784617311451,30.35845205835751,165.6063658845262,124
2031-04-06,96.54782919208027,27.191458814347058,166.36393463962426,99
2031-04-07,100.95984447377032,26.201622311083376,172.38666096386987,47
2031-04-08,101.92879874025597,29.895434016358358,171.8525974280865,92
2031-04-09,97.8438804779537,25.437339000134937,166.8618528587806,36
2031-04-10,102.70382436600254,31.365384705707967,165.37536737262892,113
2031-04-11,100.8376648337605,31.259434526093823,173.46710402052707,125
2031-04-12,99.23798624426175,27.988746020071318,167.4422138927771,24
2031-04-13,97.35242275280075,29.027011593806154,163.63079363023462,196
2031-04-14,101.79691112409225,38.52164770088055,171.95595436762028,12
2031-04-15,102.76406920397072,37.059351163920894,174.99541302491187,19
2031-04-16,98.64169698724405,28.232633213200163,168.90894734325903,129
2031-04-17,103.42812117579273,33.53996149040731,170.97758214870143,154
2031-04-18,101.45300046455846,28.989521324424647,171.22073071833893,137
2031-04-19,99.71059674803409,20.006659082505717,173.40738416470913,20
2031-04-20,97.65126392309735,26.799087601903462,166.27461270451963,185
2031-04-21,101.89465718556605,36.25826139050636,172.85843610539393,142
2031-04-22,102.63803613556972,29.838768870227344,170.54022718255143,78
2031-04-23,98.27466025636018,25.868026103303208,166.039581125838,73
2031-04-24,102.80900024588773,31.439431815536278,175.8364566371361,23
2031-04-25,100.57738591814494,29.534847000761097,169.00887952540756,59
2031-04-26,98.58110014492254,27.549137028622255,169.93239268577904,163
2031-04-27,96.27767546801599,27.348750173958248,164.58589158480225,81
2031-04-28,100.29390176551696,27.319314869414182,169.55156395908568,78
2031-04-29,100.83392414654247,33.21353994447912,171.7457035057063,144
2031-04-30,96.29743569473865,27.15022836291786,165.69871005461988,136
2031-05-01,100.6946946131917,31.325715273634824,173.8678660999235,25
2031-05-02,98.36699239437404,27.23140235979576,169.00711643808862,192
2031-05-03,96.31958804548597,28.072731074418538,166.739014054889,87
2031-05-04,94.01287004221744,26.132817497850194,163.2378300490373,110
2031-05-05,98.07525876354998,27.36255738159149,163.95337876288139,65
2031-05-06,98.71123213880531,25.29442460917514,166.34760496335252,114
2031-05-07,94.31948175926333,24.508684365608843,168.4249400587077,141
2031-05-08,98.90793062375664,36.870287105637495,172.3585069365669,57
2031-05-09,96.81423968834606,26.36219619140399,167.4560444692449,26
2031-05-10,95.03881769794768,21.912512769327844,158.45340130028697,120
2031-05-11,93.03609432818693,14.827384061488234,167.10125302652028,173
2031-05-12,97.42756669164609,24.018675639955244,161.8923727470962,79
2031-05-13,98.409998258005,25.657063635041567,170.82905075279425,89
2031-05-14,94.37377287268072,22.71201289133392,160.7469150999137,102
2031-05-15,99.31812972024571,22.388973740085227,167.2186549958247,47
2031-05-16,97.57190046864727,27.80013402408348,168.3807113053893,110
2031-05-17,96.12675669969715,25.807928064463034,168.91569143081836,71
2031-05-18,94.4287210232349,25.86190728242117,167.40266274413892,130
2031-05-19,99.09144523208171,33.44586039095826,173.19824709266246,57
2031-05-20,100.3046279761489,32.530252314166525,168.3119705352757,19
2031-05-21,96.45256838982343,27.833628140923107,163.54453635008758,45
2031-05-22,101.52957576694126,27.65958237765305,173.3397308462041,166
2031-05-23,99.86085144034166,32.39288627020437,175.25677984454003,13
2031-05-24,98.43584671141605,32.901356370012934,167.92699788666116,53
2031-05-25,96.69984691533637,32.26312862743755,164.69712847159215,65
2031-05-26,101.26728271400819,30.4597701329211,175.92774996786707,51
2031-05-27,102.33013994803925,33.18345556005571,174.9119417175892,123
2031-05-28,98.2764644878437,24.74500706014261,166.6410798492465,150
2031-05-29,103.10568334333756,28.256970593012053,171.2782336932745,183
2031-05-30,101.149360482345,37.44981397456159,172.25332415586863,170
2031-05-31,99.40439456147924,27.79615881087948,168.51124581189075,30
2031-06-01,97.32441298580734,28.782656542101883,170.7661772883358,88
2031-06-02,101.53286856959085,28.46403406483595,167.89172572741936,194
2031-06-03,102.23121601131945,34.28267144438895,170.86230161510323,78
2031-06-04,97.81717104012324,25.709444915640557,165.30762366901567,79
2031-06-05,102.29978026131101,36.23492965559161,170.8617416348173,76
2031-06-06,100.0199270752001,30.713558230502247,168.77170559427407,57
2031-06-07,97.98328775769458,27.0081619898495,170.56551610957476,170
2031-06-08,95.65149876274016,23.098314052069647,168.38468662149438,45
2031-06-09,99.65504773416785,28.575388331755597,170.63272475585825,170
2031-06-10,100.20127104765594,28.20900377897213,174.31648880002862,168
2031-06-11,95.69246557950916,27.866824404121374,165.4457485025999,158
2031-06-12,100.14084666350017,29.485601709011522,166.7183749742367,36
2031-06-13,97.8889805267777,26.614009040821145,172.9302064739322,81
2031-06-14,95.94270711048337,24.94172070959996,169.05606732949929,110
2031-06-15,93.76231500496412,20.65561784225753,162.6783045243228,199
2031-06-16,97.97548049175946,26.66086777554074,167.52277266831683,105
2031-06-17,98.78535187215132,30.68869167747728,170.20770512313734,137
2031-06-18,94.58878404317772,22.99486516744924,162.9379197443899,35
2031-06-19,99.39145153554276,27.11635807883589,168.00959081624848,75
2031-06-20,97.52846365983017,31.29023074352681,167.33853665903536,149
2031-06-21,95.9974922628257,20.132148671146997,163.4564460612754,31
2031-06-22,94.2501678215155,29.89379887281729,162.70012170317034,26
2031-06-23,98.90524944533142,30.446249181716663,170.78757833980876,16
2031-06-24,100.1569433143466,35.5939757263012,168.72270397293815,116
2031-06-25,96.39336782771903,24.460822403621314,167.67661074514967,77
2031-06-26,101.61188715449728,35.60200725175855,173.88359847245076,137
2031-06-27,100.1399306620876,30.39624010370907,172.90088034275684,46
2031-06-28,98.96830308864243,29.946962943264086,163.5558319915031,47
2031-06-29,97.54273624790281,25.212980467594566,162.2210523199357,105
2031-06-30,102.4771837364948,35.02855735755729,174.384284176474,148
2031-07-01,103.96223002772375,35.02159969350978,173.96429513656534,10
2031-07-02,100.38361012652237,34.00880674551523,172.49896560710079,162
2031-07-03,105.73756047567048,34.223943087348715,174.13621893619998,51
2031-07-04,104.35161871336399,35.77047891553491,176.0494677895288,189
2031-07-05,103.21787838228177,33.60828470786207,173.35010650336935,161
2031-07-06,101.78445168225663,23.297592058857067,170.90710400245808,190
2031-07-07,106.66864503284455,35.8560040753473,171.21614709742067,193
2031-07-08,108.06522301148411,33.77064333748278,177.73431024578173,72
2031-07-09,104.36476177766511,38.55595557348059,177.4876293420792,90
2031-07-10,109.56881821026948,35.02895254793209,179.05577068669325,17
2031-07-11,108.01053831865268,42.13127099838461,178.67099105634776,196
2031-07-12,106.68771723308484,33.889261295146596,180.22127462016016,182
2031-07-13,105.05407012029698,33.568786749510956,175.9283424891387,36
2031-07-14,109.73222490084619,38.97641553736209,178.62215990882018,61
2031-07-15,110.92181811324511,46.56115748087182,183.23715459079853,155
2031-07-16,107.01770030435893,38.00453674249894,171.2159708446222,100
2031-07-17,112.02498177070527,42.83394920348975,183.1766157954846,95
2031-07-18,110.27954599591519,42.85710648864177,180.92599837042215,25
2031-07-19,108.78104594476423,36.76341327257774,180.3416210381273,75
2031-07-20,106.98414439757646,37.08033978980905,177.75238027267892,14
2031-07-21,111.5115099663195,42.62126368033022,179.09265243717675,91
2031-07-22,112.56194980519899,45.34836590552687,185.1876154103657,140
2031-07-23,108.52868397719128,40.52680556145691,177.54553244324387,127
2031-07-24,113.4144898401715,43.79605007504742,182.36389263234463,90
2031-07-25,111.5523403722453,41.073967833090784,181.19570777940476,79
2031-07-26,109.9385473101854,42.98893293758459,178.4293412912092,124
2031-07-27,108.02416527271323,37.960358957181356,177.2835030567944,16
2031-07-28,112.4281629268357,39.23254741696947,182.519099473325,59
2031-07-29,113.34573623032041,44.22320410759978,176.44371128739587,151
2031-07-30,109.16676252243535,44.09535016024293,178.4700547398504,175
2031-07-31,113.89111762208526,46.65549860087199,185.37177955075504,120
2031-08-01,111.84947382731488,43.0838262841163,186.62274638328367,56
2031-08-02,110.03658403625262,39.064524392757505,180.46329114875846,121
2031-08-03,107.90280305738142,32.85300051756148,177.64400827625474,170
2031-08-04,112.0673477794367,39.336824963052,179.99314047298958,52
2031-08-05,112.72666770399161,45.712000793581836,182.01239205499988,100
2031-08-06,108.2729220599695,35.76902469855274,181.60564816867148,38
2031-08-07,112.70928416949471,43.704022195613376,180.14194268880024,137
2031-08-08,110.37069059223495,35.73602622387581,179.96579239681336,194
2031-08-09,108.2570410432181,43.04695744557241,180.22214176985645,142
2031-08-10,105.82460205942832,38.05983011617225,175.31405460069502,105
2031-08-11,109.69911907556406,38.39624995828777,180.24763681815162,197
2031-08-12,110.08401240731354,42.047646079900346,179.83545762183488,126
2031-08-13,105.37865824638678,37.59119813013809,176.88765358838708,79
2031-08-14,109.59348097621437,41.44779470113209,180.733786098833,139
2031-08-15,107.07048056158588,40.87094959228736,183.74925025197874,79
2031-08-16,104.8162076399709,38.22055762669325,178.57421070496665,119
2031-08-17,102.29294613053318,36.6593803908243,177.86762632724822,180
2031-08-18,106.13161486767433,41.05978361645162,179.08703228241356,141
2031-08-19,106.53977039846964,40.45745825385743,174.21537341498205,65
2031-08-20,101.91971828758636,37.038596412220315,170.36708266552392,196
2031-08-21,106.28346487790157,36.70685008940859,175.104934801055,98
2031-08-22,103.97313812769323,36.306641924847106,177.7643129412887,146
2031-08-23,101.99389409189918,32.331633663708786,172.75874807303725,140
2031-08-24,99.80507174727381,32.77573975466698,167.72812999614408,185
2031-08-25,104.03310939733049,31.08811462161573,173.8498341513582,180
2031-08-26,104.87960530891512,34.38990362741248,176.02093960039832,109
2031-08-27,100.73952918649071,34.14165954119707,170.01080061400285,138
2031-08-28,105.61631445586438,36.36158345533973,180.02700757788503,66
2031-08-29,103.84245680596435,32.75687929190268,173.8861292048307,190
2031-08-30,102.41263126566476,32.65454546494673,174.0485684638115,153
2031-08-31,100.77508522346851,30.835883886480968,172.44761474616527,60
2031-09-01,105.54481447282232,40.26591401952888,174.81926311643437,121
2031-09-02,106.91189809160623,39.979325528468344,171.21788848632045,113
2031-09-03,103.25999142064595,32.95363945068131,173.24443196236675,136
2031-09-04,108.58169947638481,39.3338167423261,178.08438773061977,64
2031-09-05,107.19944854316894,36.90750694412739,172.10080213338486,10
2031-09-06,106.09886065564783,39.42226277495798,170.61420751278877,99
2031-09-07,104.72038118369872,32.90793687054397,178.87145689683317,165
2031-09-08,109.67265997992737,41.78766280348901,181.57121305366599,62
2031-09-09,111.14105604200968,44.19893056979201,183.34324645075768,195
2031-09-10,107.50626003979201,42.7751257515567,180.13874748450502,82
2031-09-11,112.75975321675521,40.68136534322014,181.11236428690847,197
2031-09-12,111.22471778114667,42.35656750371731,185.18636068899474,196
2031-09-13,109.88940216278249,40.73549897499671,174.04864450959383,117
2031-09-14,108.19869133628922,42.45745726602038,177.45684105337884,159
2031-09-15,112.76738399835743,45.707145823616685,178.18261792321036,17
2031-09-16,113.78854918592302,42.02179563906884,192.15587600113494,186
2031-09-17,109.6519605548146,37.08039410129813,176.9183217358073,51
2031-09-18,114.35933183058427,42.425921697529375,187.39226945455056,164
2031-09-19,112.24497454217456,45.99959140729879,179.19284690128737,176
2031-09-20,110.30888823550718,38.75729786739531,178.75128076535646,34
2031-09-21,108.00804082331686,39.116199674117055,177.0864519519317,47
2031-09-22,111.9693487384742,41.12967898545453,182.98463810416,94
2031-09-23,112.39773755718481,40.218336840562685,185.32515857568305,161
2031-09-24,107.69428936227163,34.92418308765653,179.1198354041154,33
2031-09-25,111.87120815037649,45.00229482802254,184.63631188787684,69
2031-09-26,109.27223170267195,37.04546688081889,175.48250754452806,187
2031-09-27,106.90550673679925,44.63526985573742,176.20741451585292,120
2031-09-28,104.2346907344666,32.40422481265359,173.3718989274303,75
2031-09-29,107.8917948066114,37.93571831744997,178.80917753756412,151
2031-09-30,108.08515177672021,42.150924059669165,177.97982517885848,62
2031-10-01,103.21751798700569,31.830608412638366,174.34306048606325,169
2031-10-02,107.30104102049958,37.811498158548936,176.51193839412883,115
2031-10-03,104.67772128088818,31.88004272514111,174.34944712707636,105
2031-10-04,102.35238241329017,37.07821810601896,169.01420538041964,185
2031-10-05,99.78391082770118,28.74241795087196,166.79364832988426,48
2031-10-06,103.59827434449934,35.949724173353765,176.39423665772665,177
2031-10-07,103.99669872011386,35.85862015342939,176.0847868896052,51
2031-10-08,99.37400421119997,32.3007587058877,169.76320602662278,120
2031-10-09,103.73382728934885,33.92193463045387,170.36229060455122,113
2031-10-10,101.40934783529248,24.52430424143739,173.98802810675625,86
2031-10-11,99.39652887873011,28.509367065948293,172.61013882286,17
2031-10-12,97.14562115359026,27.228702029862333,166.72674649697177,35
2031-10-13,101.27443465621447,32.57649564369186,170.19096110781254,149
2031-10-14,101.9767485235819,33.03683190800694,173.6979988491418,52
2031-10-15,97.64085455898383,25.201758011073206,167.49936351075652,188
2031-10-16,102.26495349466559,30.652337652993378,174.1356285798027,119
2031-10-17,100.17801928864068,30.236532335117026,170.72590709041705,109
2031-10-18,98.3731346250756,25.015716072711754,164.51849919453178,72
2031-10-19,96.29904724392723,21.306162630518262,167.84076539346222,58
2031-10-20,100.5734479751441,27.05247163268491,174.2877804693557,124
2031-10-21,101.39134185283558,31.866825875928072,175.206633102076,164
2031-10-22,97.14350906395616,26.037224043388758,166.2588493549693,146
2031-10-23,101.83177757982153,30.859285699203113,173.61709868158206,176
2031-10-24,99.78972677176444,28.63409386017766,171.83345537386646,74
2031-10-25,98.01583031744285,27.133125809657233,162.98623746984944,80
2031-10-26,95.9647941395095,23.981117472093132,167.95498862514305,16
2031-10-27,100.26059716639541,31.91629192869815,163.95427242884668,89
2031-10-28,101.10461379937271,22.98290350506227,168.85129140354863,76
2031-10-29,96.89382272027807,26.65976253441766,164.2504118406972,147
2031-10-30,101.63583190341204,31.503250307582356,171.6024978941839,190
2031-10-31,99.66934704535143,33.29668412238705,167.48833798718334,110
2031-11-01,97.99709929011902,28.67836802664814,167.16813622929646,104
2031-11-02,96.07699499227171,28.81923058554183,165.83143700511624,96
2031-11-03,100.53500152786644,30.286471923676892,177.43142736614493,194
2031-11-04,101.57315328360234,28.666079569836217,169.3618758865469,100
2031-11-05,97.58768657159175,27.60414250070478,168.7275362495893,112
2031-11-06,102.58403617974906,33.5368828679365,175.870455729079,135
2031-11-07,100.89732226190941,28.710840121635414,167.9872478604122,164
2031-11-08,99.52534352246215,31.695764164910592,164.13730108581433,191
2031-11-09,97.91983809298078,28.593243156608278,163.46719176478797,122
2031-11-10,102.6995233696447,34.956620304264966,173.96371348708553,13
2031-11-11,104.05829487894263,33.75096888751143,175.4820651788422,97
2031-11-12,100.38358763919703,31.282757141716722,170.76214468234625,160
2031-11-13,105.6716263838626,38.965743206105074,176.59247846456742,185
2031-11-14,104.24818611360789,34.84947664709949,174.09146338922974,179
2031-11-15,103.10187101284842,29.929023296347353,167.2293587224744,12
2031-11-16,101.67566475064461,28.22075492100317,178.81826344761862,100
2031-11-17,106.5802548418137,37.75021768945135,174.8602068151714,12
2031-11-18,108.0025025747875,38.760789524120085,178.4958980420791,165
2031-11-19,104.3240536989671,37.22923982250874,169.09446910143657,90
2031-11-20,109.53680848631234,37.85659897001952,183.11952009313455,168
2031-11-21,107.96386564309759,40.04004897871781,180.2401546434557,147
2031-11-22,106.59294208099394,38.633252193722726,175.31547499686036,186
2031-11-23,104.86801669129038,36.00851826252746,177.09829665473674,103
2031-11-24,109.40269722281495,40.7558415990038,181.87757335604297,135
2031-11-25,110.38867961097954,38.74428822331366,182.41466133981905,122
2031-11-26,106.21429428157943,37.03816814001253,175.98870933297937,158
2031-11-27,110.87985889953585,43.239998339089134,178.50224714025916,109
2031-11-28,108.71845440644911,35.144740528013614,177.6553259912368,62
2031-11-29,106.72913018314637,42.071172786035326,179.24878434690066,96
2031-11-30,104.36829167224246,28.551837975149716,174.1390216787967,98
2031-12-01,108.26277598024838,40.4576512178547,179.05931513050325,63
2031-12-02,108.6179922835636,38.245144935862825,179.76401852459603,194
2031-12-03,103.83612989454338,36.6370221317195,179.14955185607315,29
2031-12-04,107.93116241942813,38.64052296325253,178.60822521130842,122
2031-12-05,105.24927419526782,39.73377344094288,177.01384102701883,58
2031-12-06,102.80172431054362,36.91819207232477,173.51646104899822,144
2031-12-07,100.05591087299665,32.98889629662064,168.9067084472394,38
2031-12-08,103.64814997348853,29.892006941740544,173.78118056828134,57
2031-12-09,103.79155444892183,34.572490337057104,173.43231268743642,22
2031-12-10,98.8940226958868,27.349933317328915,164.5715642791225,12
2031-12-11,102.97307226686418,33.02830794953424,176.68902755252634,11
2031-12-12,100.37614946398398,29.23024258603001,172.497334674425,25
2031-12-13,98.11343384163533,26.814933443327174,168.49646660145655,103
2031-12-14,95.64890236259205,24.544335761976146,164.83780863458534,111
2031-12-15,99.6131681476865,31.55905020992274,170.8776663290936,143
2031-12-16,100.21147780143303,30.743896835532954,171.93964160257227,54
2031-12-17,95.84187485832199,25.726331404915868,165.72427684368535,80
2031-12-18,100.51025985672962,28.61567311259175,174.86067248879843,142
2031-12-19,98.55097262109543,29.029236259188544,168.12122529840602,65
2031-12-20,96.95990877196401,22.403879656260752,164.67298477198975,136
2031-12-21,95.185927241748,26.85210800178985,170.1985109844465,41
2031-12-22,99.84405490958454,30.254472859857238,170.11254695650263,58
2031-12-23,101.12386288976414,34.373172491393355,170.5859897478247,22
2031-12-24,97.4080122038336,30.86511682664307,168.71407037551847,167
2031-12-25,102.68768942806717,37.262488201300876,171.8291719948681,34
2031-12-26,101.28354815007432,30.903854614635673,171.49778498884393,69
2031-12-27,100.17915893760416,29.195147112597873,168.32803014189247,68
2031-12-28,98.81271596511252,26.160077159005084,166.77337204338113,165
2031-12-29,103.79049869389507,39.891313508717616,172.388961924073,67
2031-12-30,105.29545654576248,33.4491333383714,171.7781914479188,29
2031-12-31,101.7059090052521,36.49340579754012,174.81258885534407,171
2032-01-01,107.01107788446785,36.49547262143349,169.18492306201688,142
2032-01-02,105.53206526723385,34.14496594068013,177.55551653505609,197
2032-01-03,104.25527911474671,30.845345780049538,171.1349633746479,180
2032-01-04,102.62405556772886,34.78780555332199,174.24705706999046,66
2032-01-05,107.25197881198193,33.040568669237906,170.81227266846824,194
2032-01-06,108.33127042448011,33.68009758430402,180.6183494927284,63
2032-01-07,104.2512460045769,31.758180194645842,172.45550984183606,121
2032-01-08,109.01356243665388,30.669364601412614,177.95505440883971,182
2032-01-09,106.9528769650788,38.30790531327333,182.29067445455095,95
2032-01-10,105.06992857330064,36.5267107409657,175.537363829123,46
2032-01-11,102.822799817154,29.927601380100615,174.4744626823884,93
2032-01-12,106.83986945170265,33.34337589455538,173.83078109419242,57
2032-01-13,107.32783733978988,37.94485222792455,178.7067741082157,127
2032-01-14,102.68982885779253,35.849962472812564,169.1034767175963,191
2032-01-15,106.94031114004066,34.213459195405264,178.1721958969897,57
2032-01-16,104.42545068766655,38.05749342031234,177.6019533400854,121
2032-01-17,102.15593030190182,34.42373053096552,173.20325594149244,119
2032-01-18,99.59798989514722,32.78676032812357,167.42642556039632,15
2032-01-19,103.38620669057852,36.82599915123664,176.56557011197086,171
2032-01-20,103.73140011342072,31.44084319080037,170.99837002349255,87
2032-01-21,99.0386709563876,21.491586928059817,167.919556062676,185
2032-01-22,103.3223080349832,33.4141749201011,173.37930418776355,32
2032-01-23,100.92619122966289,24.815033945358568,165.88680388219805,135
2032-01-24,98.8567067830101,35.26771383305131,167.00192322523185,93
2032-01-25,96.57393592114457,31.274330895145983,171.9898799976982,22
2032-01-26,100.70462755904941,28.242807563016296,166.85198079396076,56
2032-01-27,101.45033449205862,31.377621277487602,173.5568405957835,53
2032-01-28,97.20571583291019,30.298368173225672,166.18403653245235,114
2032-01-29,101.97373131593693,32.16750380462848,174.86881272713083,169
2032-01-30,100.0863482516436,26.346987639401874,169.90409797050015,163
2032-01-31,98.53776858750042,28.55481212247323,171.63209051591247,190
2032-02-01,96.77592867401059,24.47772114413707,164.0353656269183,23
2032-02-02,101.41577419449153,27.558644915676844,174.8277010264469,189
2032-02-03,102.64768178519198,32.95550937357184,178.53956276898,130
2032-02-04,98.85602281934975,31.446438127907896,170.242798833333,45
2032-02-05,104.03458852293477,30.133154763988433,176.47174094923895,17
2032-02-06,102.5074917211992,33.68949767834734,169.65017497104984,177
2032-02-07,101.26254830290095,30.67614678997249,174.11099954230397,159
2032-02-08,99.74288785134695,34.38133000102776,171.9079495645031,25
2032-02-09,104.5602940333552,35.141142497109236,181.2483032460792,100
2032-02-10,105.90364572054553,35.17275866364672,173.76359933891834,129
2032-02-11,102.15745506617274,28.019673091203178,171.00243182641657,197
2032-02-12,107.31722371502244,37.17422489026203,173.92808030574358,69
2032-02-13,105.71023562771555,30.48609252753239,174.4175922039054,19
2032-02-14,104.32879385159444,37.63367463168326,169.96043073247196,162
2032-02-15,102.62165584722474,32.92657910524068,167.35858205189277,40
2032-02-16,107.20717387259705,36.64036112115654,172.89783019097283,30
2032-02-17,108.28151787013054,34.740462608924034,180.47532146214667,90
2032-02-18,104.23698391338314,36.55867749990894,177.3234268582918,42
2032-02-19,109.0771163771517,42.622833196533755,179.31230683086616,40
2032-02-20,107.13726924425698,32.33834462590035,174.83126714855067,158
2032-02-21,105.41762055408262,34.902713310245154,174.54499016949475,45
2032-02-22,103.37440082446489,31.92410289017482,167.5756014240951,141
2032-02-23,107.63284754354187,39.53098586656473,179.66077946031814,77
2032-02-24,108.39526799164621,39.383231475085616,171.90515333092344,99
2032-02-25,104.05921735531835,32.02914978470275,173.69999197367773,141
2032-02-26,108.63252319425571,39.6837828374135,179.00402200731895,18
2032-02-27,106.45378349880811,35.823698246228396,177.68087459022797,39
2032-02-28,104.52535305792146,32.64035624274299,175.41395873642927,124
2032-02-29,102.3045785796845,28.153064727005876,169.227677695246,54
2032-03-01,106.41679319941345,37.185759425110156,174.90658913374136,13
2032-03-02,107.06345016930287,35.71327888770963,173.85672726340826,78
2032-03-03,102.64039931869081,28.558537142471565,173.03434003597917,32
2032-03-04,107.1530331885325,35.3339933883463,178.53002653490782,25
2032-03-05,104.93692528057888,33.86231143518467,177.17480301434384,31
2032-03-06,102.99096987067261,34.42196307424163,171.43106499760154,81
2032-03-07,100.7687782557322,30.39102128586592,171.99290145606355,57
2032-03-08,104.89183638079871,37.02349336556828,171.28271450971425,199
2032-03-09,105.55779801713157,26.884094790514112,175.0600049279033,197
2032-03-10,101.1589117023923,34.84220017158969,172.34753354643072,116
2032-03-11,105.69730338267566,41.978196861961926,176.1547109766154,142
2032-03-12,103.50573280151217,27.98847851257223,175.0560413576991,16
2032-03-13,101.58082939069205,34.81952464095662,174.77822158834397,60
2032-03-14,99.37455965120958,30.947924705297385,167.86760693115752,74
2032-03-15,103.50742898360323,35.28846985685667,168.59279477986874,18
2032-03-16,104.17679110126997,34.5431337689806,176.79138050773665,91
2032-03-17,99.77526317185708,28.141250584562236,172.2913024425867,54
2032-03-18,104.3059695238275,30.645407077732656,169.017492802679,131
2032-03-19,102.10323378510057,29.442302609356172,177.43310852093146,184
2032-03-20,100.16572788585536,25.867864422030042,170.2540009519341,161
2032-03-21,97.94783335019805,26.950322085500908,168.55870447649482,19
2032-03-22,102.07272191373724,33.30084824130529,174.06806535668676,82
2032-03-23,102.74053317803036,33.768566509403776,176.18743821963608,57
2032-03-24,98.3466523711653,29.09329078202648,164.44109770410844,172
2032-03-25,102.89681615588755,36.102284324319214,171.36341497566806,191
2032-03-26,100.72767146626995,27.719792518229596,166.35588308048156,96
2032-03-27,98.83980075893973,32.50153774089092,165.4647719270588,120
2032-03-28,96.68897373224264,25.316868758470534,167.69504508895804,25
2032-03-29,100.8991366999554,26.58295268624735,167.22364336367215,62
2032-03-30,101.67052086266919,35.424420021765144,171.1059827023943,49
2032-03-31,97.39787534304385,29.788370510955893,167.53077428509798,109
2032-04-01,102.08555489243281,33.38629668713705,172.38931780792143,29
2032-04-02,100.06808831932568,29.792771732597117,165.32063297015637,78
2032-04-03,98.34324115716052,33.957220115281366,167.98612272942998,54
2032-04-04,96.36333181180875,27.511626162109195,164.2989260418269,15
2032-04-05,100.74831063753625,34.770023027148845,175.99078882827627,186
2032-04-06,101.69398057489424,34.938829349321075,168.9896002135798,48
2032-04-07,97.59036181285998,25.873124102031056,167.1633196946287,111
2032-04-08,102.43692629214699,33.28664318607309,173.36409206826897,139
2032-04-09,100.56332344806766,28.014157715833985,168.57774725681597,116
2032-04-10,98.96260564496994,27.3751657835684,166.08287165920703,48
2032-04-11,97.08270722239618,30.56743000092385,161.9737027527734,127
2032-04-12,101.53968119793053,32.21422104255091,175.87766202212828,158
2032-04-13,102.52606694202434,35.35145078018322,171.30745604101875,177
2032-04-14,98.42938623092437,31.624099398649754,170.63438521152432,91
2032-04-15,103.24748885911373,28.039672887215875,170.08508687830388,63
2032-04-16,101.30936515085288,32.83160677864433,174.81211941555372,119
2032-04-17,99.60843047414872,25.977067363910024,168.06905938486432,21
2032-04-18,97.59403315254032,24.358276084503377,163.31223059323347,174
2032-04-19,101.88468820739448,38.52741235552848,175.10246568797518,119
2032-04-20,102.67640960972453,34.413088886060414,172.44653622627362,47
2032-04-21,98.36113881455171,26.775633221586496,171.3217534795603,152
2032-04-22,102.94199213458921,31.947262611684156,174.45436355104425,16
2032-04-23,100.75394664178754,26.477216358957037,167.2683680796796,87
2032-04-24,98.79697296436338,22.068209825032437,167.7960554311719,187
2032-04-25,96.52737046363877,20.181329839253472,168.0626983757027,74
2032-04-26,100.57081202092985,33.454296141859324,175.0703887481926,111
2032-04-27,101.13047648144769,29.903180050624247,173.24513153445082,110
2032-04-28,96.6052723100098,22.885437882368517,165.35375334045452,53
2032-04-29,101.0048810386288,31.471064237208058,170.2685385773681,40
2032-04-30,98.67024628094768,29.113405457450924,169.3336896402212,180
2032-05-01,96.60652264636688,20.31944967920219,164.20222346989783,86
2032-05-02,94.27424570075644,22.448232350066053,160.72596485165565,57
2032-05-03,98.30223539221647,29.200478084117464,167.93392465444322,91
2032-05-04,98.89561553912037,28.18439743313274,167.20716817732884,136
2032-05-05,94.45395670786276,23.277304328789988,164.6286551341254,198
2032-05-06,98.98627393201421,30.24168273769149,163.3984604890721,93
2032-05-07,96.83150692565425,26.820766339750108,167.63700583890346,19
2032-05-08,94.99149794104406,30.188113973609713,162.9986828192507,38
2032-05-09,92.9222281411671,23.045749712951075,164.24526143437816,57
2032-05-10,97.24682353050018,30.326216536512316,171.12427228903152,199
2032-05-11,98.16371060234984,34.553993082650976,168.451208321679,125
2032-05-12,94.06492558462989,24.385261570192032,167.40065805408221,22
2032-05-13,98.9513043794601,24.73493565441623,173.6303480831315,181
2032-05-14,97.15317570190278,26.914015504930873,168.08819034130053,56
2032-05-15,95.66356677129971,29.46264363532948,166.08378263116973,112
2032-05-16,93.92967614624327,25.182850334142728,162.08422096092366,100
2032-05-17,98.56611816318197,24.831797309157633,170.07658550040895,62
2032-05-18,99.76331243729379,30.509585313671508,168.1242849142165,101
2032-05-19,95.90601568775183,27.008815833672948,166.96639097054708,86
2032-05-20,100.98871663419793,28.823349312207924,173.4122626956839,53
2032-05-21,99.3365105763724,24.479266232737523,171.168605507696,165
2032-05-22,97.93845774866799,28.290949496187487,166.22408823361738,11
2032-05-23,96.23917556273459,25.792183860361053,171.15114408531628,110
2032-05-24,100.8521656385399,29.42599535729842,167.428089394761,66
2032-05-25,101.96824654897705,29.660836907974076,169.410161713599,66
2032-05-26,97.97408810752366,26.90459921770394,168.5519898331631,43
2032-05-27,102.8675676628987,32.148345952125524,176.87321038114112,67
2032-05-28,100.97856588899604,29.909395322643867,169.18689993700147,189
2032-05-29,99.30220817754574,29.536254178949918,174.62658484546847,166
2032-05-30,97.29030484644962,23.91593755346416,169.30540585369948,44
2032-05-31,101.56449516241896,30.633228890629876,169.10927573021957,84
2032-06-01,102.3244710831126,36.34972047598182,170.91865943307158,185
2032-06-02,97.96628227040244,26.969259281155324,166.38438080694172,42
2032-06-03,102.49744913826628,35.22666598011539,172.91451665275224,124
2032-06-04,100.25750812183118,27.99256736719251,167.40859639814371,84
2032-06-05,98.2510021790278,28.386439983766483,169.3629951809122,82
2032-06-06,95.93867665081484,29.337690904766177,167.04903481306954,87
2032-06-07,99.95039220064056,33.8540181794313,163.2182126809546,18
2032-06-08,100.49313707819873,34.083771482007144,172.5043519435811,57
2032-06-09,95.96914603462515,23.241014823838754,161.7792471339375,76
2032-06-10,100.39085769739408,34.74384642545065,171.5797661817945,173
2032-06-11,98.10133876376764,25.773184254628354,166.6352414545826,128
2032-06-12,96.1071912036412,26.967780069005897,164.58956811683635,181
2032-06-13,93.86970469590634,24.82091817347952,164.26221740514148,197
2032-06-14,98.01776697841352,29.199989817711966,172.97810989067654,142
2032-06-15,98.75591415240407,27.884112637829823,166.07487007797533,128
2032-06-16,94.48252690986517,26.74795471564563,157.53700553616477,95
2032-06-17,99.20490202329592,28.42450484408022,169.41067280232747,115
2032-06-18,97.25982395682321,27.72543483826452,165.86593052865226,85
2032-06-19,95.64664834906579,23.543962644257746,167.96557432434545,49
2032-06-20,93.81865437187865,24.148645026642207,162.61878174100562,28
2032-06-21,98.39617277224212,28.442084497019138,170.4292666716821,56
2032-06-22,99.57486530454305,26.064584868287923,169.63437681825255,74
2032-06-23,95.74415490904873,27.17006913192745,170.07538205775649,155
2032-06-24,100.90252928059104,29.366324186310578,174.35275086699488,187
2032-06-25,99.37833610022952,33.45215365304074,171.41815075837707,39
2032-06-26,98.16307541275361,28.277165261406676,168.6725191164296,135
2032-06-27,96.70294036022148,27.954202001406916,170.42203908947792,75
2032-06-28,101.61210795526041,31.41810817178385,174.40701202998235,14
2032-06-29,103.08115127854106,29.24863561800951,173.38679505518033,102
2032-06-30,99.49556906445869,27.82654713756016,171.068417061859,106
2032-07-01,104.85115295052317,31.580835924180693,173.78785330897406,179
2032-07-02,103.47480938498165,35.8271058569131,172.60726127285082,103
2032-07-03,102.35784151715787,36.05372065270335,175.47631075344117,115
2032-07-04,100.94744324030684,31.496943911688074,172.30765403061082,142
2032-07-05,105.85990911316368,31.915407330286065,175.08301369845765,187
2032-07-06,107.28893460165251,36.474231061089405,176.39882455110208,94
2032-07-07,103.62400657525887,34.45247107458442,174.96920433482725,67
2032-07-08,108.86560909670523,36.106573566464746,172.65656164425488,88
2032-07-09,107.34586689941062,34.285006580017075,174.03124129812178,17
2032-07-10,106.06163775036903,36.07899146289869,182.46466409888114,168
2032-07-11,104.46581202976985,33.72225212390247,175.87137012341418,21
2032-07-12,109.18032951349532,41.34258861114449,178.05086388463678,158
2032-07-13,110.40429396332163,45.73317635009342,185.6542328799344,103
2032-07-14,106.53219134015113,36.90801476937079,173.9761984639191,199
2032-07-15,111.56894208964097,42.3354671319689,185.82478759594994,100
2032-07-16,109.85041467557524,38.86053440822554,184.7935469848844,42
2032-07-17,108.37641555787938,41.20906464768496,176.43711478121367,163
2032-07-18,106.60191704323243,40.93704939438432,179.41282926065904,109
2032-07-19,111.15003509322638,39.45036504355181,180.46737582260835,177
2032-07-20,112.22013873174808,41.59506284675046,180.44901719132628,196
2032-07-21,108.20609680864996,46.38589915330754,177.36750863696477,24
2032-07-22,113.11139142003907,45.08038471618675,184.08920947885005,123
2032-07-23,111.26972295463848,38.32268606299758,180.4618937898647,138
2032-07-24,109.6781187689772,40.439093492687,178.83427085645175,20
2032-07-25,107.78830283740609,35.2639044848126,179.8874428100196,64
2032-07-26,112.21983361701993,41.89406428858022,186.75443390656548,11
2032-07-27,113.16838631309861,45.315123563810104,181.11684170465807,74
2032-07-28,109.02417940455247,35.12589184973052,176.55051153395888,181
2032-07-29,113.78726857501552,41.0370983482654,183.06682691837173,25
2032-07-30,111.78832679910056,36.34421298877116,180.56530126206997,159
2032-07-31,110.0219164992339,39.47034011067193,177.8367449552687,115
2032-08-01,107.93800535392973,36.22605332680146,179.51589350735344,155
2032-08-02,112.15522774061489,43.28900091807215,180.44106973689225,184
2032-08-03,112.86926341697513,43.356151777331064,181.37936119710741,39
2032-08-04,108.47132954438581,42.72685717734028,174.19176971907612,19
2032-08-05,112.96350639150093,45.10350142783091,186.08862713249414,195
2032-08-06,110.67951370635043,40.74156426161919,183.5056924174081,71
2032-08-07,108.6179430206673,39.43941588661102,181.65065907159646,94
2032-08-08,106.23369795686764,32.353960563883,175.42219008264178,143
2032-08-09,110.1511461481665,37.79291265866246,180.03532224891984,76
2032-08-10,110.57235710162051,44.85545953334528,183.24009274260413,50
2032-08-11,105.89542586036664,35.67666727286942,173.55900260908794,180
2032-08-12,110.12960747858554,45.88406908937386,177.5606765627434,27
2032-08-13,107.61588476233186,38.41107890535032,177.06775502688424,67
2032-08-14,105.35998063601852,37.19890668418577,179.85290072735737,69
2032-08-15,102.8235737541909,37.80357509257271,175.43392187281415,97
2032-08-16,106.63722777681693,34.53754794632607,174.9597380127139,36
2032-08-17,107.00841550187467,35.37479784059553,174.1876720443967,77
2032-08-18,102.33964442382766,37.19243053143231,173.29233650620534,31
2032-08-19,106.643415089335,34.279103690621774,176.33247573671522,161
2032-08-20,104.26264050974002,31.67714667083883,173.71501025847564,49
2032-08-21,102.20354306647975,31.720675269809863,173.1216537566907,118
2032-08-22,99.92679171390984,30.354585533916868,174.4344658198475,83
2032-08-23,104.0603930552506,28.282350711924185,176.36807160774765,75
2032-08-24,104.80771951162905,38.48922216275156,173.74230661521983,177
2032-08-25,100.56568197308687,29.92199107430036,166.97368352288666,15
2032-08-26,105.33977787794072,31.706783988255363,175.5338311809534,121
2032-08-27,103.46464131224621,31.737796663720683,172.99429308846004,27
2032-08-28,101.93710868450133,32.33615390276951,171.33341951728983,90
2032-08-29,100.20755876033208,30.15629167661328,173.7417730619707,111
2032-08-30,104.89303557946668,32.243668276568044,174.7005935036168,119
2032-08-31,106.18553152129869,36.607347073114504,173.38403086702905,39
2032-09-01,102.47043122011738,40.13620375317769,169.5522379887208,131
2032-09-02,107.74184004145229,38.93272589431399,179.6469177550169,158
2032-09-03,106.32341612852906,40.04687475263147,171.8261793176627,71
2032-09-04,105.2017118647806,39.76408994263506,175.3914031776851,147
2032-09-05,103.81777591803109,32.17233113264954,170.51626238463953,129
2032-09-06,108.78051707960098,31.683442025946558,180.52785525532838,116
2032-09-07,110.27520037996825,45.07845842997766,180.8585135607762,150
2032-09-08,106.68207011704199,38.8963446266317,175.35615710564028,85
2032-09-09,111.99181834340203,45.01091656635391,184.78101709020646,18
2032-09-10,110.52651371032144,40.116663937918574,180.55960232770173,48
2032-09-11,109.27299357913668,41.84842752538076,179.6808695779023,33
2032-09-12,107.67446889940437,34.228200297485195,175.91031778275354,134
2032-09-13,112.34384272258458,36.34160011947469,180.60734415438824,127
2032-09-14,113.47211382787458,39.35616730618601,180.44523038492204,43
2032-09-15,109.44686240868973,36.76232975282498,181.04439650775356,70
2032-09-16,114.26753993567019,43.54169230826445,185.8050125391051,178
2032-09-17,112.26618282470878,40.206268876241815,180.54409321894323,142
2032-09-18,110.44055858233602,35.97198573830044,182.74550191091217,88
2032-09-19,108.24550055932684,39.24479756051729,180.71018695694423,59
2032-09-20,112.30593949766325,43.937608066138154,182.7468134149977,141
2032-09-21,112.82501114159028,42.63210634508339,184.27327274390512,60
2032-09-22,108.20224491185341,39.01463615037794,177.60163441044028,61
2032-09-23,112.44856383931068,46.161268783467285,180.9899300555205,131
2032-09-24,109.9067232632199,36.675341536997365,181.86711245898815,176
2032-09-25,107.58420441776275,34.81084837826783,179.44564280135896,17
2032-09-26,104.94432584808484,33.13700930046853,170.50886419867547,122
2032-09-27,108.61908681687207,35.04407063157686,180.1063088821754,54
2032-09-28,108.81712694100173,36.862149847003955,175.6238388550135,97
2032-09-29,103.94181087828939,38.31115903549962,177.54168490745005,37
2032-09-30,108.00617082115612,38.647568822185264,178.83630635307804,128
2032-10-01,105.35333553363482,37.107604517846205,173.48373374336933,116
2032-10-02,102.98946191773895,32.875066424242064,174.1321043151505,36
2032-10-03,100.37493055292825,31.93807172447271,165.5764180428886,171
2032-10-04,104.13731655330159,36.19603945064139,175.83466499608522,90
2032-10-05,104.47951593242827,35.95775862255748,171.52473768048657,110
2032-10-06,99.79803112837473,26.863973675403482,170.81057912333665,71
2032-10-07,104.09814231549112,36.80612776424588,171.43914316348733,71
2032-10-08,101.71458632165461,35.01976160667332,169.62066947324442,175
2032-10-09,99.64475163804038,32.30087056071419,171.34602470740305,35
2032-10-10,97.34014310168173,29.842248913904836,171.13343372410174,130
2032-10-11,101.41961960092934,34.499789875499935,174.3605903633283,33
2032-10-12,102.07777709911252,32.469743487230076,170.58613318199662,48
2032-10-13,97.70347307045375,28.22683703498445,166.32562632803734,133
2032-10-14,102.29521197018286,36.388210794201335,172.06607954876193,30
2032-10-15,100.18200731644622,29.04024041160306,170.21986992243313,103
2032-10-16,98.35672357593526,25.34117781161868,166.1709815707241,184
2032-10-17,96.26764724093266,25.9806534233779,162.50752604942298,124
2032-10-18,100.53178748162955,28.805955328526352,172.48822556169983,185
2032-10-19,101.34327701905752,33.048053349661046,172.21098945309654,130
2032-10-20,97.09186902594003,28.074135805665296,166.8656862007198,22
2032-10-21,101.7782507654524,29.886887316324994,173.4747450747161,140
2032-10-22,99.73479197717894,25.43142448924443,164.5110071790519,169
2032-10-23,97.95873490418761,26.0966856586771,168.3660089546148,172
2032-10-24,95.90358021637536,28.540587306834336,165.84807057242853,28
2032-10-25,100.19217510069525,27.90697990398558,170.87478072584076,151
2032-10-26,101.02488089670119,34.70215780128189,170.6080809590179,185
2032-10-27,96.79782346556242,34.464010168345375,168.80750583541592,90
2032-10-28,101.51795481130377,30.492367324417906,175.63690424180962,132
2032-10-29,99.52355196656929,34.413600945413954,169.9977028631286,77
2032-10-30,97.81716799869082,21.550236446438568,167.86829727737037,182
2032-10-31,95.85679706799853,18.05193410268183,169.80434173364935,28
2032-11-01,100.26876697414134,25.981120319903052,171.1543879654943,73
2032-11-02,101.25574300247101,32.408426818487285,171.42936832708358,110
2032-11-03,97.2148517649436,36.10978483099672,167.42406052034946,75
2032-11-04,102.15265796364298,29.963552700772045,169.188953985813,75
2032-11-05,100.40562326360414,31.972002054362317,165.6607896292213,84
2032-11-06,98.9730639654255,31.858609558798758,173.2542100578282,54
2032-11-07,97.30836984425717,29.794475629194192,165.9396899964177,96
2032-11-08,102.03199659942346,28.17633256233587,173.27847133378225,76
2032-11-09,103.33961332960389,33.62266560243044,174.63698164516256,12
2032-11-10,99.62040998769623,34.385352204007795,168.4945837081798,175
2032-11-11,104.87229275462911,34.875381603759166,172.86604597896178,179
2032-11-12,103.42259042526342,29.545186387233837,170.93489424632173,177
2032-11-13,102.26128146537486,40.13525148799995,169.68725114168845,187
2032-11-14,100.83249633641239,31.2535174440995,173.5978569569355,172
2032-11-15,105.74779924781507,38.28374837501549,176.78659750676837,33
2032-11-16,107.19462218929688,37.183620150103756,177.73461771278423,97
2032-11-17,103.55484760416198,31.343431304902847,176.76546142789,26
2032-11-18,108.82025927435554,38.427365571284554,179.3027349775244,49
2032-11-19,107.31347660535526,38.23500024129798,175.15928682092715,181
2032-11-20,106.02137476855357,37.58438820126563,176.8203127467162,160
2032-11-21,104.38673901173405,28.110646294805836,173.98977310530555,15
2032-11-22,109.02165211821573,37.72291531237083,176.5486188778804,158
2032-11-23,110.11598395447,44.8547962715045,183.48441199771236,128
2032-11-24,106.05597694549469,35.803864697450486,174.20780855941925,129
2032-11-25,110.83964600167064,44.320697461697904,182.10738186466764,44
2032-11-26,108.7976085599718,36.854944381063994,178.5425047840877,122
2032-11-27,106.9263491891034,27.696812621177216,179.42200664286796,38
2032-11-28,104.6796705398016,41.74390578962795,178.13514965017177,16
2032-11-29,108.68183448152178,38.49898068460228,178.84128117675138,62
2032-11-30,109.1357684925899,40.74007623194086,179.0318691608138,174
2032-12-01,104.44133837248965,32.47782013419987,178.74984571789332,32
2032-12-02,108.61041394048385,42.26649067180339,183.22159497334354,106
2032-12-03,105.98735220851593,35.689875231957345,177.4102490947819,145
2032-12-04,103.58191175109243,34.94973940331712,172.61372502808638,85
2032-12-05,100.86035951446075,33.921409445157046,168.61959621240334,185
2032-12-06,104.45828329468145,37.18987442362447,173.98261010485285,19
2032-12-07,104.58849400453268,40.12615433231775,175.56286908366556,126
2032-12-08,99.65902726263351,22.965217522687126,166.7813156302089,33
2032-12-09,103.68797860489326,37.00519797456372,173.4162445401812,184
2032-12-10,101.02380339944108,25.58568193661318,170.38730477213133,190
2032-12-11,98.67810054788997,30.070624561546975,169.01465195924007,48
2032-12-12,96.1166451889456,32.1139329125882,170.22588795513428,75
2032-12-13,99.97218610446825,31.830837171551817,164.5977301037263,15
2032-12-14,100.45239283998026,22.653125731962955,165.09446507506993,30
2032-12-15,95.957961354833,29.853178653494865,160.61096224178203,82
2032-12-16,100.49761018730166,28.515574799145064,171.80691200760688,83
2032-12-17,98.4085943612915,29.136989295913946,161.60675829819266,45
2032-12-18,96.6897508231696,26.411901904420354,165.8686240802126,140
2032-12-19,94.79283403156975,22.935473220821162,164.14268502611563,179
2032-12-20,99.33564968268541,25.058860911472294,168.19628279840506,182
2032-12-21,100.51036295047389,27.29934380089618,166.64523321677703,53
2032-12-22,96.70198074035392,30.731094111333856,169.82630345416501,100
2032-12-23,101.90373019462898,32.61113859237223,172.75202797243858,170
2032-12-24,100.43795076074996,26.70795619354494,170.9036316424162,69
2032-12-25,99.28950379705923,33.59572033876266,171.3742921101445,102
2032-12-26,97.89744889026116,29.85483901355207,172.92146185045476,92
2032-12-27,102.86848604179615,29.642527009880194,171.268600886985,92
2032-12-28,104.38553213467613,36.4204506801873,172.99895080646516,86
2032-12-29,100.82642428776744,32.43756033579229,169.20891383254943,35
2032-12-30,106.17946669953359,38.32415412872013,177.14203454573092,30
2032-12-31,104.76443406580132,35.89290600662844,175.65398788406645,129
2033-01-01,103.56603283594826,38.928270507136794,176.6188744470147,139
2033-01-02,102.02556835930885,32.151638992139574,171.2000671999682,184
2033-01-03,106.75431756638872,37.927447378171934,177.12261923726965,117
2033-01-04,107.94197767845223,35.498499704173724,172.1188009266267,167
2033-01-05,103.97518716055988,36.53619493406348,170.61087855286928,36
2033-01-06,108.85284055642805,38.37312080395822,179.79798130123905,80
2033-01-07,106.90681660557144,37.580377902213534,179.1369764814851,157
2033-01-08,105.13512832851164,33.753257318756894,175.28007305956058,59
2033-01-09,102.99325145089163,33.906823808981464,170.08182862615487,104
2033-01-10,107.1071397981342,38.41276733135726,181.13054216765323,32
2033-01-11,107.68130756051146,38.52853603790427,175.8600251512543,150
2033-01-12,103.11698421589412,36.56375562879186,176.38851180897422,90
2033-01-13,107.42707322194701,44.37357603734828,174.9347105452696,141
2033-01-14,104.95654300181675,39.97447775426219,174.15950665600786,151
2033-01-15,102.71526743725292,32.888417718552276,172.86693630551483,29
2033-01-16,100.16907994693197,29.35011972423753,171.59593275464988,133
2033-01-17,103.95255646734199,31.86548407429632,174.20201328168378,22
2033-01-18,104.27691272977088,32.68075723356254,173.82067887819707,12
2033-01-19,99.54802578335072,32.95247925062971,169.0706546263413,184
2033-01-20,103.78131361223791,37.293272143993924,170.12178471195054,140
2033-01-21,101.32210261980575,31.009862516880656,170.9721210161901,138
2033-01-22,99.17849993939679,32.36802126722915,164.41101212841005,99
2033-01-23,96.8125329177449,25.37563945119352,163.99095077534125,161
2033-01-24,100.85306794424346,35.49994937877481,175.44833894921697,44
2033-01-25,101.50388956744573,31.777672292041377,173.92938172035807,23
2033-01-26,97.16194422911653,23.879324489898135,167.13637912633698,150
2033-01-27,101.83247584575948,30.216151347096613,166.9742672470963,184
2033-01-28,99.84967559103005,28.390714266581355,174.06894284428546,59
2033-01-29,98.20985483421317,29.558009091528934,163.60696919759542,87
2033-01-30,96.36289522035904,28.302154168190672,165.71136034886345,163
2033-01-31,100.92547958643563,26.939305843214758,168.61683710256892,12
2033-02-01,102.08947629432689,33.432614778974894,169.25435883200586,188
2033-02-02,98.24047329981829,27.218266922795106,165.7305046245297,49
2033-02-03,103.37318174176379,35.26144657050674,173.90803481229972,173
2033-02-04,101.81232472529564,30.315462297076486,167.8111931818491,60
2033-02-05,100.54601451214413,32.96806235321468,175.70984321963454,10
2033-02-06,99.01736744581653,31.604018464066833,170.21123292318129,113
2033-02-07,103.83785684309309,31.74308265157488,175.2252798368659,170
2033-02-08,105.19577424121076,34.61820026672835,178.5175398476416,144
2033-02-09,101.47479443719708,31.978277493573398,168.42916513662334,126
2033-02-10,106.66936453206755,37.61172414034428,174.7105080569765,125
2033-02-11,105.10553435319433,34.07105724358552,176.75272208866753,61
2033-02-12,103.7742343679991,32.86625819009558,175.16489883710935,129
2033-02-13,102.12275440759537,33.335597016013836,169.28930230247988,148
2033-02-14,106.76792837895698,36.86499642342455,171.5118684911014,164
2033-02-15,107.90440109408685,36.44451382378221,178.88897347795555,151
2033-02-16,103.92297900261516,33.37349569218337,173.12992293516714,95
2033-02-17,108.82579180202009,36.885514501203886,175.27612502817212,55
2033-02-18,106.94688926730916,33.07946374967588,180.00360136220715,85
2033-02-19,105.28528637734938,37.84001266054186,176.37591567819575,19
2033-02-20,103.29621681349074,30.727267646819723,171.72941136776785,161
2033-02-21,107.60410636065468,35.93141113925641,179.06284222303458,70
2033-02-22,108.41064810682575,40.57876341408663,170.77093165567206,27
2033-02-23,104.11298625034516,32.651078060137635,173.92515312186697,95
2033-02-24,108.71873963169081,44.337649275071314,183.59938464290633,146
2033-02-25,106.56649248909702,31.97181114725672,176.83359924532502,154
2033-02-26,104.6587676114305,35.179450961561464,178.50201922310492,137
2033-02-27,102.45324295773013,30.995960331905245,172.96425056535674,113
2033-02-28,106.57572315817903,38.711215914509935,179.3452014086292,195
2033-03-01,107.22824659405987,29.82004846902615,176.8092317167579,150
2033-03-02,102.80733264212458,37.73905930620995,174.1436252682386,187
2033-03-03,107.319097045143,37.480227421250525,174.32298060401092,110
2033-03-04,105.09985893151608,26.993708822611495,173.813239312856,15
2033-03-05,103.14925000767231,30.611029896577026,176.87051667336723,94
2033-03-06,100.92158182307767,30.443945799935847,169.1678750486849,60
2033-03-07,105.03897700953542,32.65055996846412,168.7898343439662,45
2033-03-08,105.69963951443016,33.45969571922243,172.90469559041472,80
2033-03-09,101.29626275845327,29.376172624232503,170.72103517540756,109
2033-03-10,105.83129822186883,35.90857993383246,174.1635982764708,34
2033-03-11,103.63770290198393,39.17717122550868,173.0528138751957,148
2033-03-12,101.71217161292475,30.08368903576686,169.6123027733364,53
2033-03-13,99.50660614737153,25.52428427333652,169.46478651597315,23
2033-03-14,103.6413241079145,32.68814158433563,174.56088810056312,38
2033-03-15,104.31338021147423,32.10482310079474,176.61884373084564,83
2033-03-16,99.91499771822353,31.7904142339452,171.3306228691487,59
2033-03-17,104.44883218086355,34.96663642696326,174.0147393016549,14
2033-03-18,102.24868661506825,34.11966182097757,171.6257871982136,119
2033-03-19,100.31268565858457,30.974168816501876,169.75223862304398,131
2033-03-20,98.09466321002907,22.213187198590877,163.39440666424073,97
2033-03-21,102.21726961173145,33.77696346642839,173.39380858811856,66
2033-03-22,102.88017511025043,30.4217341066615,171.12005168460578,35
2033-03-23,98.47837171185928,33.2802361575821,171.97019638459582,15
2033-03-24,103.01730048237256,37.679537732568086,172.6645403722704,153
2033-03-25,100.83342846635392,32.90934732018407,171.36756175583167,69
2033-03-26,98.92728792169831,24.03579094526187,164.97857939001236,109
2033-03-27,96.75473736975654,28.86409773840315,169.6779325893512,21
2033-03-28,100.93995525088971,24.957660275232424,169.76110124774516,84
2033-03-29,101.6835472011172,28.514003326470185,169.45322789098108,12
2033-03-30,97.38077276715654,27.62409656574457,165.97175320521828,72
2033-03-31,102.03662159778268,37.180442996119815,174.28951394427384,199
2033-04-01,99.98636546977565,31.634760412860707,167.21117978408546,143
2033-04-02,98.2286001414008,31.797866090824424,170.71853090014284,28
2033-04-03,96.21653690254442,24.880226306599525,164.07365107127083,27
2033-04-04,100.57105403287824,24.569404710452282,170.77890827782298,89
2033-04-05,101.48888767438697,36.6971160499574,172.97689867041538,180
2033-04-06,97.3609655360378,28.688292122439403,169.18452632530986,82
2033-04-07,102.18761025606821,29.21179494233972,174.57255373093693,140
2033-04-08,100.29923484856862,27.1201303251529,169.99632481617283,135
2033-04-09,98.68953970336065,28.44585193624713,170.69821760001298,81
2033-04-10,96.80696603122018,21.9858911323629,162.84248847187146,47
2033-04-11,101.26791069430898,26.00279438663067,169.1739220417855,77
2033-04-12,102.26507652796583,33.89704546344782,176.47083611353082,181
2033-04-13,98.18595621741862,31.52553434399216,169.51169949466475,89
2033-04-14,103.02817141583088,38.700110824115626,176.91167927535687,51
2033-04-15,101.12028477590434,29.734341615419922,168.6890760349116,73
2033-04-16,99.45509014742102,29.597265905755883,170.12641512531223,191
2033-04-17,97.48113229501145,26.876651139766427,166.1150492516323,87
2033-04-18,101.81595833543896,33.04907973735842,170.00655996150326,136
2033-04-19,102.65447315431723,32.747440752230276,175.39029569116923,114
2033-04-20,98.38739598016751,33.00698229762417,163.6051664744209,85
2033-04-21,103.01653991804463,34.80552953598741,173.2620697138954,174
2033-04-22,100.87553323947878,28.543556928249032,172.09498607304195,141
2033-04-23,98.9629897912249,27.807198215064748,169.12158179952354,139
2033-04-24,96.73388291981355,27.035477602163265,168.5578692593204,131
2033-04-25,100.81262900430015,34.20624250876893,170.5310714689218,53
2033-04-26,101.40125748896872,25.75005643208065,169.62751247039142,111
2033-04-27,96.89766983393284,27.623593287570703,167.45252773503,71
2033-04-28,101.31071487963823,32.4469989485444,170.6001300383463,10
2033-04-29,98.98070540117016,27.05316489773513,166.87339191174954,26
2033-04-30,96.91238930311862,27.257539467779853,166.56289375718396,25
2033-05-01,94.56613586442583,22.857771511458523,163.47035684142148,18
2033-05-02,98.57084888050446,30.393529722891536,162.4530492134079,190
2033-05-03,99.13198891690341,31.6167988733077,164.78791373055103,68
2033-05-04,94.6497118166675,29.54492803324732,167.30555752897564,128
2033-05-05,99.13385493584119,32.062037146102234,172.239060208155,146
2033-05-06,96.92439899097972,22.281846633658972,164.6391686646349,149
2033-05-07,95.02442110202695,28.456426595790372,163.846091689756,128
2033-05-08,92.89130052764955,22.93682349036297,164.03630478368981,50
2033-05-09,97.1496889380855,27.23796153544783,164.95908849842053,152
2033-05-10,97.99962633878721,30.710711943492324,165.72157497628476,75
2033-05-11,93.83480760829822,28.97092925462109,161.82650687279232,84
2033-05-12,98.65772792434224,28.116069966864305,167.3048883762223,20
2033-05-13,96.80033082264634,26.31225871773227,161.87458871402137,17
2033-05-14,95.25716950982839,26.736780595262225,164.39502904441667,192
2033-05-15,93.47683727793711,24.91712585520992,165.51948325114216,143
2033-05-16,98.07517269125154,24.24382248638604,165.7664465519734,190
2033-05-17,99.24361413309701,30.759793338414333,165.29389470048255,157
2033-05-18,95.3677019878484,24.355837713958856,163.793042833618,176
2033-05-19,100.44245007428914,34.11429038146449,169.3130084372852,108
2033-05-20,98.79320364005758,35.55505405457954,169.48781652444788,81
2033-05-21,97.40898851527008,26.91829374079763,166.04624880433357,122
2033-05-22,95.73410183762117,28.124059765276026,165.68318835340477,116
2033-05-23,100.38144533229432,26.339878042580608,166.77679050877927,43
2033-05-24,101.54097193414832,32.55327296333303,172.1740669021703,66
2033-05-25,97.59824122914644,27.641453499585655,166.2269098959794,126
2033-05-26,102.54980361710334,31.00147100944253,178.14385664367106,129
2033-05-27,100.72402993361602,30.66569672755226,168.84042509762384,156
2033-05-28,99.11439171562974,29.52830686043756,170.2170356193191,80
2033-05-29,97.17094425828043,32.90984671334877,169.3412320530124,168
2033-05-30,101.5135162816572,34.30309116537609,172.67960624672088,49
2033-05-31,102.33998085354241,34.603024320833626,171.80396961229175,151
2033-06-01,98.04460781653172,27.3682071596931,161.95092671027905,112
2033-06-02,102.63322317359699,27.226143865478914,174.84438410230732,133
2033-06-03,100.44379834063193,32.56558251762694,171.12108954968534,132
2033-06-04,98.47948106718682,27.28256807234372,169.5641941372203,109
2033-06-05,96.19982704362107,27.81108420949452,165.06085710959667,174
2033-06-06,100.23374294309014,32.063009071239584,173.62591898355572,181
2033-06-07,100.78752233213599,30.00126828701834,166.96562071099675,146
2033-06-08,96.2629811521083,27.30789465046014,165.8383739140893,67
2033-06-09,100.67242415724803,28.393652012202093,166.80514072038108,157
2033-06-10,98.35907046051621,28.419613991478553,167.25125862734677,118
2033-06-11,96.32995439078539,26.631958769762928,165.14065543568577,130
2033-06-12,94.04706411683905,24.370503344627696,161.63625434577597,101
2033-06-13,98.14023116153474,30.382914999347825,160.20711032214385,59
2033-06-14,98.81515348815365,28.07874099621218,170.36195115735845,157
2033-06-15,94.47155894742582,23.11834857332004,163.61041082944695,114
2033-06-16,99.11823939918204,35.51126221094049,168.43302694220344,173
2033-06-17,97.0935814625989,23.925256602332766,165.4130212192908,126
2033-06-18,95.39860684485645,26.740179277363655,165.71123525368023,36
2033-06-19,93.48828049259572,18.67509366585953,160.48036066962283,41
2033-06-20,97.98459464584036,28.975031711291617,166.16663722559716,10
2033-06-21,99.08480575235987,27.097509233608218,168.76426601130214,26
2033-06-22,95.17982479603768,26.899803078037746,163.55053478768104,146
2033-06-23,100.26948479166163,34.18551801655499,171.33780180842498,93
2033-06-24,98.6833047063103,35.084141525259454,172.31524508153018,54
2033-06-25,97.41375612863621,31.419530173925086,162.12815805751308,75
2033-06-26,95.90778455943624,27.380428609139273,168.40874052252767,41
2033-06-27,100.78008747958319,32.228600983729066,169.49991682946592,54
2033-06-28,102.22152084582821,29.232891711854638,172.53253020724085,18
2033-06-29,98.61763003211152,25.003115635527358,166.59644937239287,39
2033-06-30,103.96402533432642,30.359337922681522,169.96902160837357,93
2033-07-01,102.58721866739603,33.90271150084135,170.52934506595952,175
2033-07-02,101.47792622035634,30.733047071267535,166.95553042364162,69
2033-07-03,100.08258850405858,35.332248241779,174.4791382199191,10
2033-07-04,105.01661062898982,34.20095756489841,176.31453583202344,14
2033-07-05,106.47269624152007,37.107000824511935,177.90522194347017,72
2033-07-06,102.83927394646395,33.3214216678683,169.0520505708318,173
2033-07-07,108.11574008832658,39.41485767371148,181.01610028647548,74
2033-07-08,106.63313909697362,35.159888372011,175.75334583559473,87
2033-07-09,105.38729142012792,36.31463441782188,172.4287050738262,161
2033-07-10,103.830126248119,35.040629404342695,170.81117487330175,141
2033-07-11,108.58272797648543,35.82365195401472,173.11280192938395,123
2033-07-12,109.84347608665055,42.35104148423003,182.56821533248805,34
2033-07-13,106.00628348015093,38.287552141477214,180.34084747586815,144
2033-07-14,111.07566310567992,43.06351831764267,184.30289187755386,150
2033-07-15,109.38724963054058,40.685605328010645,178.14110759436872,52
2033-07-16,107.94079113130954,42.15955167798987,176.70110235622795,66
2033-07-17,106.19137221658589,36.36361232770891,175.51613117255684,173
2033-07-18,110.76238085926839,41.8282865870068,180.212488344092,151
2033-07-19,111.85360097514481,43.10521995710584,182.21907596951155,81
2033-07-20,107.85943708849916,38.73882050032217,174.75568439746576,36
2033-07-21,112.7840011418885,44.339080478102744,177.0471336435014,137
2033-07-22,110.96168732282408,43.70264507611469,181.67175140589455,115
2033-07-23,109.39024793483611,43.106972948141305,177.11182520273437,174
2033-07-24,107.52212877149253,38.85320077076229,178.36947075575853,80
2033-07-25,111.9775723993795,40.71179644353245,181.17851650403753,162
2033-07-26,112.95286671937797,41.62702908674613,181.55414123624334,76
2033-07-27,108.83873982883863,38.011718033849256,177.29107926107727,99
2033-07-28,113.63562543741786,46.17279689248851,181.53670500181377,13
2033-07-29,111.67441860099461,47.375318836274154,180.23632918060247,115
2033-07-30,109.9497285798677,33.96061572933284,175.37340962808898,88
2033-07-31,107.91138114008832,43.0530558427729,176.4100098557636,105
2033-08-01,112.17767284137773,44.04273041425227,183.90363085691618,102
2033-08-02,112.94374927979246,46.56322515767312,181.37197396807264,83
2033-08-03,108.60010354329411,37.633686541614715,179.8340538110992,135
2033-08-04,113.14791515695633,38.7897381412697,176.62300745222302,25
2033-08-05,110.91984622823043,36.35224056892617,183.37473844720878,156
2033-08-06,108.91329956780625,39.502381221142016,174.60550331380932,166
2033-08-07,106.58189017193864,36.799676292707616,174.59440138439737,125
2033-08-08,110.54863281264869,41.23775727608531,174.82880481407517,188
2033-08-09,111.01421904967091,44.6036363109194,182.36538708666396,27
2033-08-10,106.37538237811248,38.78154844978641,177.24979479238885,195
2033-08-11,110.64007529397242,41.16848676661889,178.00122879944698,181
2033-08-12,108.14807944363153,41.76141645530506,182.38400252440843,25
2033-08-13,105.90405891426109,32.48848894077549,172.62008342697496,139
2033-08-14,103.36881400553563,36.65312931994172,173.27566522575384,65
2033-08-15,107.17224468241668,40.48644711064709,172.2887590359605,88
2033-08-16,107.52140378477758,33.34955712856186,178.23438691011154,112
2033-08-17,102.81864557732459,35.39340094213336,171.30060626883466,37
2033-08-18,107.07660019141584,37.82633653802694,178.79876931267296,14
2033-08-19,104.6386015898874,39.22412204520461,175.30780833766943,115
2033-08-20,102.51158507428644,29.90200180264126,173.59155843754615,31
2033-08-21,100.15721694884631,27.213511027449783,169.38765704523968,126
2033-08-22,104.20476996317856,32.540753770429255,168.78927925962213,109
2033-08-23,104.85912803437623,36.21059827720877,177.1604142316485,22
2033-08-24,100.51892814977172,30.148719438894084,167.69139092043218,74
2033-08-25,105.19157112776199,33.32405173528956,178.02120407644847,153
2033-08-26,103.21372875699845,30.855444620604654,166.02525136573212,95
2033-08-27,101.58436197319936,28.834048198681515,169.73888512925188,73
2033-08-28,99.756010105806,25.951654313532742,174.5392696399005,41
2033-08-29,104.3478610723152,30.010578879686054,169.67617199341956,89
2033-08-30,105.55398121490946,38.614817782624534,175.55989635762364,60
2033-08-31,101.7617069368318,32.986925676569086,172.37634485677228,88
2033-09-01,106.96692329618779,41.19424038677968,179.168342779344,195
2033-09-02,105.49484995958125,35.96042941098861,173.35413655331317,183
2033-09-03,104.33334165996752,37.38774991772187,169.17204425193637,189
2033-09-04,102.92445549261771,34.25408463352307,168.59418553613918,115
2033-09-05,107.87778726461308,40.463323660290776,186.57374240474147,72
2033-09-06,109.37894818523023,46.8896558790793,183.5226055711253,85
2033-09-07,105.80817712068038,35.338485495007376,172.30305784729546,69
2033-09-08,111.1558073072485,38.14110423511382,180.22613555400926,74
2033-09-09,109.74320252032793,35.05191144437664,179.5204401579278,126
2033-09-10,108.55616545619861,43.213152337631826,180.1018976530076,90
2033-09-11,107.03656742094763,36.19329030456146,174.10663459297612,114
2033-09-12,111.79569955213896,43.90227642974558,182.61941346788618,137
2033-09-13,113.02271618276482,44.276623222700294,186.77887720217362,192
2033-09-14,109.10316623090392,40.94614501253223,173.09735478294832,194
2033-09-15,114.03433349744559,42.16080086854028,182.95693281426327,80
2033-09-16,112.1460041312139,40.77653925845936,184.26948800532102,95
2033-09-17,110.43366847029984,42.888016767795925,178.40046379310832,163
2033-09-18,108.34991187180054,40.63398602376012,182.17599250325725,149
2033-09-19,112.51750118598119,40.645547553467864,181.332143270221,80
2033-09-20,113.13754464837308,44.783013006933146,182.62024155284323,55
2033-09-21,108.60772876812185,35.071502146959936,176.3882772394824,56
2033-09-22,112.9373611024059,43.786387670310624,179.2172564375752,88
2033-09-23,110.46784527120695,38.13148284808939,181.41242466033543,175
2033-09-24,108.20560337003936,35.81624029905094,180.7557042711035,158
2033-09-25,105.61320797110999,36.25858804600676,176.70071250039447,151
2033-09-26,109.32223735869476,42.16866885113745,174.31229446820112,139
2033-09-27,109.54123797354647,36.72783415101005,176.40477438328136,136
2033-09-28,104.67380288035979,36.25487496565818,171.09389775989547,118
2033-09-29,108.73349926693369,38.304365167544915,176.17865153768383,128
2033-09-30,106.06427421402033,38.155167509112225,177.70194831778008,110
2033-10-01,103.67335546121984,34.45460102520327,177.679009825741,170
2033-10-02,101.02240956560033,29.463334873260205,163.22951027519764,15
2033-10-03,104.74046993791733,35.675671518675415,176.6638352034872,135
2033-10-04,105.03201623945013,37.57867137286062,171.51811849343179,112
2033-10-05,100.2952102010805,32.94223915056258,174.63567069281055,46
2033-10-06,104.53701597341312,32.13348520860563,174.84241977520992,151
2033-10-07,102.09382834074127,31.99333924739448,171.45305950731554,46
2033-10-08,99.96461878571463,31.24674087611155,167.88742085693713,17
2033-10-09,97.60235442713113,31.29694665470206,167.72192413506417,86
2033-10-10,101.62719452313549,32.09165200010244,170.31725469196095,150
2033-10-11,102.23483803767557,24.994204920343808,171.07819657252824,49
2033-10-12,97.81501939165933,28.624804703376423,167.76843726617625,116
2033-10-13,102.36687284281079,31.461925873307706,171.25989584452873,101
2033-10-14,100.21978166435828,26.672582232709694,167.23828161623985,195
2033-10-15,98.36671565902398,29.96238524650961,168.2200402686409,27
2033-10-16,96.25580648364078,24.139710773311236,170.2614877240922,66
2033-10-17,100.50366099459201,26.12982235216788,168.79618111037823,92
2033-10-18,101.30378283060816,35.481159388046095,178.39587764769348,175
2033-10-19,97.0450973679935,24.918533294866453,165.30334965475674,41
2033-10-20,101.72729986293915,35.86982280619663,167.44211525042206,34
2033-10-21,99.68164369678334,26.83692573563976,171.1124598728338,195
2033-10-22,97.90417436106809,27.67297322540851,158.89144832264597,42
2033-10-23,95.84716205110541,24.995820364713335,164.01967004290677,97
2033-10-24,100.13223766686835,27.807291369650173,168.62112995331975,167
2033-10-25,100.9586080843661,32.06715137003755,170.86285515886468,113
2033-10-26,96.72135237189288,29.70779131861645,168.51866428320793,43
2033-10-27,101.42652600523053,33.83933575040162,176.06615997266763,111
2033-10-28,99.41169771959913,33.602248746432565,168.75157688233156,136
2033-10-29,97.67893261332004,26.883752004373587,168.05979765148564,78
2033-10-30,95.68598236565049,27.289602464583197,168.0572390041964,185
2033-10-31,100.05919513815519,29.516793753036737,173.26550766094124,49
2033-11-01,101.00152833644572,32.12070856614945,176.32677392839713,188
2033-11-02,96.91067254330774,24.283581638555912,169.33276151236174,89
2033-11-03,101.79401943124513,38.030531500766784,170.54191963545833,150
2033-11-04,99.9891029917349,32.41532557273652,174.98478076018432,40
2033-11-05,98.49653118862618,24.786908320143308,166.42788893980529,125
2033-11-06,96.77117107673807,20.797476126197083,167.51247766493262,176
2033-11-07,101.43510074248542,29.747015046168368,168.89740344616737,72
2033-11-08,102.68571060873977,34.99730957355889,168.6777320708438,57
2033-11-09,98.91396036532288,27.434879163457346,165.20974995661138,96
2033-11-10,104.11952091998639,36.106659924907504,170.16376145491859,57
2033-11-11,102.63142601956032,28.437411800501728,174.13231452482827,70
2033-11-12,101.44124481675775,32.32263308823855,169.8504982123872,149
2033-11-13,99.99453160830198,33.55613836550923,167.79265242149728,87
2033-11-14,104.90405849664234,34.04920662760506,176.92352521226442,193
2033-11-15,106.35820533954143,35.56155460600358,174.45243036000173,27
2033-11-16,102.73950473214784,35.138746840904425,171.80081933186716,164
2033-11-17,108.04006280932548,43.45377445986458,178.61491702349326,37
2033-11-18,106.5824720678437,37.338822384442715,175.62254003344316,89
2033-11-19,105.35321944175874,34.79747888153851,176.23170142351185,189
2033-11-20,103.79433845791083,33.6731652415716,173.59499088529128,25
2033-11-21,108.51680469004069,38.881214677447105,178.09871262006067,86
2033-11-22,109.70904340347201,40.13997923029254,177.7832889077829,195
2033-11-23,105.7555428933166,37.36493047042627,173.33039573534688,146
2033-11-24,110.65229142341035,42.66151644370182,178.84541982945962,35
2033-11-25,108.72765254614302,36.96387704945891,173.18843587571234,37
2033-11-26,106.97568212744142,35.880455398255016,172.27819078579535,114
2033-11-27,104.84763751970475,34.07501741182182,179.18221163377325,86
2033-11-28,108.96518120819347,37.34243651477895,177.96456647813676,173
2033-11-29,109.5286523465292,37.822518845000964,174.85794336077743,18
2033-11-30,104.93540550801136,37.13560781602149,174.63713291317842,184
2033-12-01,109.19494153220467,40.997917080027506,175.5543591915998,60
2033-12-02,106.6494531778209,35.53401363899437,175.95576584895485,85
2033-12-03,104.30679758344014,35.059817515307806,172.37025533280612,131
2033-12-04,101.63165516276767,31.131569696495358,171.4371849506887,194
2033-12-05,105.2583866989219,32.6645112659212,174.30863749429113,41
2033-12-06,105.39897148427607,37.08882277064725,173.0646543172895,66
2033-12-07,100.46103499420863,29.44081692300203,168.15311621126202,63
2033-12-08,104.46269960820038,35.42144316188254,171.50580533687975,125
2033-12-09,101.75288895424129,31.521559351466948,168.81332636954446,153
2033-12-10,99.34410475069134,28.975725710326174,169.00922770644306,71
2033-12-11,96.70344145666367,24.847102793772187,163.77248621994372,93
2033-12-12,100.46535482791731,29.772818849319687,167.40622460303214,65
2033-12-13,100.83957008028699,32.395970935844666,171.70209914944934,32
2033-12-14,96.22913943987146,27.631091311468037,165.32827575800758,26
2033-12-15,100.64538227844409,31.55471698324155,174.51667025591112,175
2033-12-16,98.42833649120966,29.097906814804524,165.67187520805552,167
2033-12-17,96.57973651300607,32.92082273862866,168.9385146746141,195
2033-12-18,94.5542783383468,23.402346242325102,166.16413431391862,87
2033-12-19,98.97268135894932,32.95973394326339,173.30985974451764,31
2033-12-20,100.02992526536615,32.981159537033534,168.93790326034585,117
2033-12-21,96.1136633675685,27.866324054780808,161.44761673691124,26
2033-12-22,101.21953636469613,33.12494111016528,169.19256714871932,24
2033-12-23,99.67200555611284,27.760874771385865,170.49716522523002,123
2033-12-24,98.45771099270259,26.69636304338561,167.62018254002683,57
2033-12-25,97.01710506846439,28.987872178008775,165.3047871160736,169
2033-12-26,101.95786180198286,34.75384143557341,170.13773142443657,122
2033-12-27,103.46343105004678,32.709055256457134,171.59182551613603,177
2033-12-28,99.91173080519259,27.101745148190215,168.6763308248454,106
2033-12-29,105.29069442758043,33.57334797842949,175.04982294132856,194
2033-12-30,103.91928583867957,34.139566409008545,168.71832360768138,195
2033-12-31,102.78098358386673,37.60455340439015,170.17202681223617,100
2034-01-01,101.31548116746718,27.996427400111987,169.8683313809119,25
2034-01-02,106.13210238547437,33.47483943047215,175.62213138183398,165
2034-01-03,107.41830098421995,33.882222928011885,172.3908503799195,107
2034-01-04,103.55823948329206,35.03057527082009,177.53207851495716,120
2034-01-05,108.54816724873668,40.14094623982244,176.10841514921626,10
2034-01-06,106.71721553487149,33.70992582262967,179.8957725358698,50
2034-01-07,105.0606164133497,38.444807020683896,179.34016116015692,57
2034-01-08,103.0311001559525,31.205237460753292,172.22881623060675,168
2034-01-09,107.25197791270172,40.97653780610736,176.22487078157022,173
2034-01-10,107.92528785479675,38.64961146390196,176.7160539524798,117
2034-01-11,103.4500089473689,33.526751211681706,166.71587128800533,170
2034-01-12,107.83707199249834,41.68473462724697,176.76474707565004,170
2034-01-13,105.42979518298802,32.41817138142424,173.34765641544948,112
2034-01-14,103.2367603204413,33.153770828283555,172.6209261812519,137
2034-01-15,100.72289296309414,29.64815912519029,165.3543408887692,160
2034-01-16,104.52226127629041,34.151834369591555,178.23565920799558,197
2034-01-17,104.84597871475586,34.897803846528866,177.62280705449123,39
2034-01-18,100.10022050666961,35.5584665395029,172.0827788338123,54
2034-01-19,104.30108808593259,32.57962473380054,176.2543437552558,89
2034-01-20,101.79495181441393,30.19419631108248,169.76019790276004,48
2034-01-21,99.59128977011005,28.462643813734307,166.79848657847094,54
2034-01-22,97.1537859882954,28.36075730136328,177.0395657092521,87
2034-01-23,101.11320156147154,25.915523022970515,169.96963940684412,90
2034-01-24,101.67540092761143,34.87973786153485,177.82411942537223,149
2034-01-25,97.23953917957667,29.115540582717085,163.79281412991827,102
2034-01-26,101.81313920064954,32.84113586491256,171.1287406681538,41
2034-01-27,99.73268258014788,30.917415611379656,170.87080212026777,193
2034-01-28,97.9967248480499,26.365673208585253,169.46591530260866,33
2034-01-29,96.05729053534122,28.01289292626961,168.70284398665746,125
2034-01-30,100.53305317271058,29.80642403583598,170.60493287590796,22
2034-01-31,101.61767408550692,28.587223919557474,167.83749638635618,157
2034-02-01,97.69829740600493,25.78304382396263,167.80406437453323,88
2034-02-02,102.77092198769955,32.52085550140336,168.86283820767378,65
2034-02-03,101.16126656989802,28.272537069928973,171.96765602243164,62
2034-02-04,99.85813184242643,30.44254423295761,170.30843406403213,77
2034-02-05,98.30500892620068,31.63494274735173,168.38184537732923,191
2034-02-06,103.11343444160414,37.11604071233833,174.08925564744445,43
2034-02-07,104.4714622523589,35.418086044738345,173.25261333173734,37
2034-02-08,100.76224679140587,28.42977786241823,168.69780214088078,59
2034-02-09,105.97945744211584,36.28826464542336,176.20416647921343,139
2034-02-10,104.44814042616926,35.681666022823805,172.12492578053818,120
2034-02-11,103.15803323472778,29.19637829372728,168.3535006196939,103
2034-02-12,101.55508372777624,31.101838725304056,172.9571167647009,163
2034-02-13,106.25467780314787,37.176585683020406,175.6518842595504,188
2034-02-14,107.4499504453825,35.29482708531114,178.8065562201235,56
2034-02-15,103.53018061843329,31.841810155653366,172.62412441261256,35
2034-02-16,108.49599569121587,38.35204263017101,176.77185806275702,93
2034-02-17,106.68000852442499,39.18253447709782,176.81643176171607,115
2034-02-18,105.07989919215346,34.798040440795084,173.55758771034897,101
2034-02-19,103.14970044744936,30.634052628691006,174.0070006345715,129
2034-02-20,107.51279766126837,39.1054746132311,175.95679221444604,84
2034-02-21,108.37002451528075,37.24286965959525,177.504867702522,131
2034-02-22,104.11786084225945,32.072049451769665,175.886273436438,198
2034-02-23,108.76346352514103,36.60955518818958,168.9055472057241,160
2034-02-24,106.64515795786023,36.11581683483635,175.22508453626142,174
2034-02-25,104.76540545277679,38.35623884398269,176.7695001575898,50
2034-02-26,102.58200807108419,29.855914997892324,167.31513201827335,61
2034-02-27,106.72106287661653,38.77782476547854,173.81439623608824,91
2034-02-28,107.3850470549198,33.12983343432879,174.0136152027268,186
2034-03-01,102.97103935825878,26.48533541838275,174.63236391932023,164
2034-03-02,107.4858068142225,37.08734696497217,178.59642628630385,143
2034-03-03,105.26638126761232,34.8715640021743,170.51530913532483,83
2034-03-04,103.31313735780891,35.32769267809523,175.5046068339408,75
2034-03-05,101.08112891197302,29.18300816249097,171.03494774304224,33
2034-03-06,105.19319069961315,35.35717105643332,178.1664485695001,175
2034-03-07,105.84818154524079,36.896766368356054,172.71571020989583,37
2034-03-08,101.43936860767795,29.66374618511543,166.8139539653611,165
2034-03-09,105.96967608399783,26.468950980553483,174.83242891569378,126
2034-03-10,103.77241738547916,35.23720633460243,172.4156874355733,123
2034-03-11,101.8445171973934,30.551202989246228,168.42089986466334,70
2034-03-12,99.63797570430006,30.391554971328368,168.3455096661324,183
2034-03-13,103.77307786637947,32.69313399170447,171.44865645399832,78
2034-03-14,104.44672044402628,32.581619167681424,169.95358642933098,123
2034-03-15,100.05085413545544,31.798410844510016,172.46839079467176,84
2034-03-16,104.58776256908969,27.03454183048371,182.10277266522186,180
2034-03-17,102.39079664536031,34.996737893536675,176.67322386467163,68
2034-03-18,100.45757105791593,29.06916815251152,171.87206256757537,139
2034-03-19,98.24137664301924,25.780576254379863,163.0242549522434,24
2034-03-20,102.36431370204657,32.67941862917678,168.29382860489227,114
2034-03-21,103.02552206462643,35.38866732598275,174.3656166404632,174
2034-03-22,98.6195090309289,26.790062321539736,168.28960321688427,157
2034-03-23,103.15130128062373,28.223716856105444,172.9112576828905,107
2034-03-24,100.95704401391284,36.89777327685407,174.03159288210992,44
2034-03-25,99.03705919067595,30.801307023621657,166.8552549670938,171
2034-03-26,96.84712164630353,29.283025411173004,168.61699679210125,40
2034-03-27,101.0114632848428,26.76929721546811,165.98965055013622,136
2034-03-28,101.73088592790799,30.935701585954483,171.8451294622714,28
2034-03-29,97.40098836578865,28.048782897871874,166.27075367130934,33
2034-03-30,102.02723755469505,26.897237249732918,169.82826518990052,93
2034-03-31,99.94551040418901,32.051915092365824,168.1734255311335,176
2034-04-01,98.15512041176677,27.323749794392988,169.46478001234323,101
2034-04-02,96.11008944832844,28.13853452332034,165.65614565861918,191
2034-04-03,100.43217549808331,30.572644414178,171.7305437648031,176
2034-04-04,101.31903659042447,34.09484544789142,174.70924661756,154
2034-04-05,97.16253518941673,33.21808135519978,168.01522886409148,156
2034-04-06,101.96391080354316,34.681952306327155,171.63590635380973,127
2034-04-07,100.05444424085867,30.297819702711667,170.37054395592327,185
2034-04-08,98.42862400515386,31.79268772845401,162.17212139939352,172
2034-04-09,96.53557074780767,30.10004714911414,170.88378836686456,169
2034-04-10,100.99222570132854,31.521459037595886,172.90009530599968,184
2034-04-11,101.99167811809444,34.95925572933056,175.06873978362623,56
2034-04-12,97.92163059671667,26.818463303439675,167.5328061450213,183
2034-04-13,102.77972467619608,32.33788356728484,173.62464569881695,112
2034-04-14,100.8943449143765,28.232116405264126,174.1474184774587,130
2034-04-15,99.25790708079148,29.00446454848923,171.7036541705905,172
2034-04-16,97.3183820132956,29.051572900698122,160.06542205884406,103
2034-04-17,101.69255734534374,30.76729198622031,168.5465292578983,154
2034-04-18,102.57440917739402,34.37977686549485,172.6207764252731,51
2034-04-19,98.35358049777203,30.12972486147232,169.57520271907458,120
2034-04-20,103.03068760195272,36.2065452138917,170.59984902753712,38
2034-04-21,100.9380725911712,33.692346175674054,170.7866043707288,133
2034-04-22,99.07300845265412,24.90459830766542,168.12453623847966,26
2034-04-23,96.88911013933621,28.479491739968697,166.94536618429854,23
2034-04-24,101.00945667155034,26.474240052887858,172.49459268494843,161
2034-04-25,101.63480002439404,28.701424444276572,170.66106678117072,194
2034-04-26,97.16186206410117,29.583631318871507,165.7921346587822,59
2034-04-27,101.59844588540923,28.574067258577426,173.6544741278453,66
2034-04-28,99.28398522465065,28.074828592195573,168.57845641403458,198
2034-04-29,97.22254437647052,21.625064597949194,168.5989550933677,113
2034-04-30,94.87402810962355,25.58119755295631,169.24787225930552,48
2034-05-01,98.8671126526123,23.119043012025084,171.47417214202696,192
2034-05-02,99.40727934920665,33.05258700684996,166.21951351728492,105
2034-05-03,94.8949576944287,22.487515163297086,166.4040451468329,45
2034-05-04,99.34050898966002,32.033432834553174,167.81919517280497,123
2034-05-05,97.08467847130592,25.258165593148878,167.83261813342014,46
2034-05-06,95.13153167559315,22.994926510360845,168.57894805188968,23
2034-05-07,92.93963691970303,28.487583729899843,158.5068092234823,164
2034-05-08,97.13500632467547,26.626950040563298,164.68187965258372,132
2034-05-09,97.91917725210567,28.055069585294092,163.98182648988995,92
2034-05-10,93.68744003779042,25.0713672507316,162.77892220797696,168
2034-05-11,98.44394134897435,34.20883912360624,167.22289379842806,82
2034-05-12,96.52228806645171,28.394012007680764,166.31397286060485,111
2034-05-13,94.9186635407774,31.379013860686282,163.22098034533755,90
2034-05-14,93.08321333421996,24.374180480613035,161.78887475543246,92
2034-05-15,97.63320738160769,29.454353480472626,163.2364289433342,53
2034-05-16,98.76135438367908,27.84329061375754,169.1479553582244,77
2034-05-17,94.85426786043259,29.786796027724083,160.59493963600178,57
2034-05-18,99.90780652598693,29.898924896430284,168.4333479392382,66
2034-05-19,98.24790720237401,27.345116083221686,162.08057490517538,84
2034-05-20,96.86391561320197,25.585794727966018,165.2155328402728,31
2034-05-21,95.20016602539542,25.81243381632916,165.36872071648727,141
2034-05-22,99.86931107454393,30.085816073695383,167.45582306776691,55
2034-05-23,101.06077269846068,32.617118461877,167.23024565135557,196
2034-05-24,97.15930957397865,28.0634253549676,163.6641140003485,171
2034-05-25,102.16042065892648,34.43165670744123,172.64501541290156,20
2034-05-26,100.39120106700832,33.504881987813356,172.88406674673968,40
2034-05-27,98.84365475458512,33.713100307584604,168.87357786640706,148
2034-05-28,96.96621528503371,28.59024948374914,168.5809087281979,129
2034-05-29,101.37697745667677,31.022959026548854,175.84175669106236,65
2034-05-30,102.27201328643343,30.521696609049158,170.82716542376392,47
2034-05-31,98.04377135437727,26.09521961419446,166.0766096792113,30
2034-06-01,102.69628366815934,31.095747837089196,171.59831598806736,119
2034-06-02,100.56580164389221,34.083839667302634,165.98668476266704,103
2034-06-03,98.65387171560582,31.067373837629102,170.20020700065197,147
2034-06-04,96.41860836096394,31.401625174720987,167.72271254021146,163
2034-06-05,100.48767415529802,33.55593136396515,170.16859522503606,145
2034-06-06,101.06634727853381,30.24049935446739,173.8127130390832,17
2034-06-07,96.55568232361932,29.413643315325814,166.52960728590338,197
2034-06-08,100.9674951186649,33.41736798034318,170.2724192277167,81
2034-06-09,98.64479923978809,30.57639435097622,170.4271119861869,128
2034-06-10,96.59471015578137,22.072773108032607,168.06982830091616,43
2034-06-11,94.279579417832,22.039071266073478,167.90168824267099,153
2034-06-12,98.32987219446822,28.873625906793148,169.7988787014893,114
2034-06-13,98.95217122528891,34.00810839154043,165.55562226718186,150
2034-06-14,94.54731457529554,26.802144291685575,164.05167950684643,96
2034-06-15,99.12539828083506,29.063120071496343,171.22362489273854,159
2034-06-16,97.02627077956069,29.367409257061528,169.6495134188507,164
2034-06-17,95.25253314443809,25.487815700769076,164.8468421633122,73
2034-06-18,93.26080453749827,22.21576721395987,160.2756637558675,11
2034-06-19,97.6747622010412,23.51689605867467,168.32989931577694,118
2034-06-20,98.69333421079436,33.84875230168237,171.26911548380923,35
2034-06-21,94.70904680383973,25.320450927321122,165.20654053870788,92
2034-06-22,99.72325124841498,35.059747449458634,166.5371016228815,116
2034-06-23,98.06685064942126,30.061897975448574,170.32622914019828,78
2034-06-24,96.73353403176453,31.475258111921473,164.96815295837789,106
2034-06-25,95.17127045271543,26.930566174722333,166.49661281604196,39
2034-06-26,99.99556600867606,28.78822045144616,170.0201585142793,17
2034-06-27,101.3978559079417,32.09172483610181,168.38638969612603,47
2034-06-28,97.76402794610607,25.444923309495874,168.94457885836863,198
2034-06-29,103.08979760859701,32.00021366712196,172.75389273304998,90
2034-06-30,101.7015513246541,34.73163941408207,176.85149667290952,117
2034-07-01,100.58966232332193,29.205914240097783,171.65075716859906,74
2034-07-02,99.2000300145393,23.53695786523398,169.32147542997404,76
2034-07-03,104.14734503959939,32.171949134051054,173.64930623971154,183
2034-07-04,105.62345256619521,34.70696981640056,170.95287332129436,99
2034-07-05,102.01581167197897,35.1381790607836,171.90997695223285,104
2034-07-06,107.3227736014532,41.001942433168644,182.117201269323,81
2034-07-07,105.874298948107,36.977815870040736,176.06170187119707,52
2034-07-08,104.66512259733386,39.95545947597258,172.88466796840385,196
2034-07-09,103.14612245352326,36.80761112974927,172.82747538709177,55
2034-07-10,107.93739975526098,35.781605597525015,178.60783290200737,134
2034-07-11,109.236449594346,40.67403747841075,181.71935494042145,172
2034-07-12,105.43642571683475,34.41305490438938,172.47135692015652,48
2034-07-13,110.54122862781091,40.932499104912836,179.458150805326,60
2034-07-14,108.88604309638812,35.028178115866346,178.59852350526472,13
2034-07-15,107.47033956411435,36.005849189558404,176.0333544185355,130
2034-07-16,105.74910059630432,36.8560439238018,179.55274282789415,89
2034-07-17,110.34578458665315,41.52554854977351,183.13885098811713,86
2034-07-18,111.46040889246771,36.15104030321912,176.07126058351224,188
2034-07-19,107.48775908738783,40.33128519330404,180.40207462274634,142
2034-07-20,112.43245492567488,41.5972674798322,184.11509553672695,64
2034-07-21,110.62949960701624,36.895823925536575,176.49032018588417,29
2034-07-22,109.07732623854614,36.030711539128376,176.73514300903827,161
2034-07-23,107.22910094931751,35.65495518234151,180.7348736206517,173
2034-07-24,111.70579215741176,43.768877932201384,183.13147487664705,43
2034-07-25,112.70438451489078,35.74131697638316,184.95193625246102,131
2034-07-26,108.61623973571223,38.36777368857307,180.59510038467798,118
2034-07-27,113.44232973177427,41.44360680242669,185.31790652319341,135
2034-07-28,111.51396294500705,43.348933837106536,182.27100547658577,63
2034-07-29,109.82601172372321,41.704961865508494,181.00029389603458,171
2034-07-30,107.82839398622428,43.8025622297001,182.94847664419828,154
2034-07-31,112.13931249401938,40.31677345874188,180.29245806350093,142
2034-08-01,112.9536243095191,43.23305274762443,180.3004356845806,98
2034-08-02,108.66133711104904,38.94401367282247,177.3882918541864,155
2034-08-03,113.26295284973315,42.558435145858965,180.00073895781935,192
2034-08-04,111.09027545162849,43.78844544980637,178.21825863385664,62
2034-08-05,109.13968711658697,44.1403695068129,175.99191445442642,59
2034-08-06,106.86364416314417,39.17911549874029,186.81247301244105,81
2034-08-07,110.88389452863335,38.34845370065736,181.87866328707338,182
2034-08-08,111.39978941740877,43.10878563712837,185.16739284023743,150
2034-08-09,106.80668683028297,36.10563975158929,170.75533901858864,25
2034-08-10,111.11116964402892,38.72727453602145,180.4853264032708,22
2034-08-11,108.65169819417301,41.00451870366561,181.12773931112415,29
2034-08-12,106.4317061417627,37.760577599105744,172.09072686052534,75
2034-08-13,103.91089566177074,31.641203957909035,174.94885006092485,56
2034-08-14,107.71823986398708,33.3391192203188,173.1993059953304,156
2034-08-15,108.06007128510912,38.789317048529284,178.9422808697777,182
2034-08-16,103.33826088896272,35.665591886878765,178.2076690671035,174
2034-08-17,107.56521710494982,37.69201157941427,174.70711940855273,131
2034-08-18,105.0843316721254,38.402587482113574,175.07276331434937,63
2034-08-19,102.902887629829,24.194924000795876,171.73965997157822,15
2034-08-20,100.48319159793395,35.07090334561749,167.17823002205137,23
2034-08-21,104.4554437209469,31.906554561669022,177.49828088070538,141
2034-08-22,105.02572876319543,34.62550470895298,172.09788415247579,95
2034-08-23,100.59413647880086,32.083300091976454,173.62125435143088,192
2034-08-24,105.16974338958535,34.67981401141627,182.17468131671842,171
2034-08-25,103.0910841683532,30.693040621712644,176.7465806263324,36
2034-08-26,101.35912816873102,28.52783991740806,169.9858846649337,16
2034-08-27,99.42852219661579,31.03626082103642,163.42518545944253,140
2034-08-28,103.92061061526788,33.11528732271386,177.69756470176554,184
2034-08-29,105.03161281148971,28.612704808514582,177.88480344536208,11
2034-08-30,101.15096159320889,32.068930752780446,170.18611274865484,89
2034-08-31,106.2765291303814,34.59588274025784,171.55777298786361,162
2034-09-01,104.73536229357154,33.045065400666786,174.90552911316342,69
2034-09-02,103.5169359455269,38.59886655494941,179.25263746998877,33
2034-09-03,102.06467784497784,38.66921682797853,174.57832035346186,24
2034-09-04,106.98926858307509,35.727023222356536,177.56496436999873,104
2034-09-05,108.47708888570799,36.67944818547181,180.252435140961,151
2034-09-06,104.90881036292976,34.1554196025277,174.79472061285918,191
2034-09-07,110.27484924346182,39.71287118558316,175.04405792442122,143
2034-09-08,108.89629850057142,38.65794075320072,181.06356805049867,90
2034-09-09,107.7583412886294,44.786465619395706,175.00539627149618,27
2034-09-10,106.30189469436469,40.952854648884326,179.1318790587655,29
2034-09-11,111.13698368539139,44.58562536384234,181.8201564077305,124
2034-09-12,112.45121528079513,40.84006817424388,186.92905193312887,199
2034-09-13,108.62834801400373,40.19379178792335,181.92609621337945,49
2034-09-14,113.66367655189556,40.24222253126121,185.0411353620135,48
2034-09-15,111.88484853563192,38.292001130736885,176.78424247605798,189
2034-09-16,110.2851195125186,41.251415094547234,180.9864068711077,41
2034-09-17,108.31479912805744,38.821927133907096,176.06868624066658,133
2034-09-18,112.59439372487701,40.851444291665764,186.30696917565567,117
2034-09-19,113.32282159158649,46.65996733618132,180.9896449574872,36
2034-09-20,108.89570293058826,37.325838985143335,179.85211790674342,119
2034-09-21,113.32045199095224,43.86030454463936,181.56031609015963,189
2034-09-22,110.93679638191628,42.22542888069162,179.7501513447159,106
2034-09-23,108.7497375315148,42.58446381911083,178.79920869720675,83
2034-09-24,106.22071346570937,33.01207605972978,175.75245847920868,26
2034-09-25,109.98047674690633,41.41759848078707,181.44725163344273,58
2034-09-26,110.23707097109622,41.84762425448592,187.8331539014349,90
2034-09-27,105.39391430903981,39.06133925156659,178.33637717043823,125
2034-09-28,109.46472302932645,36.625936207166035,177.22884204200793,32
2034-09-29,106.79390442998343,41.89289855259352,174.8390244884727,107
2034-09-30,104.38943634503511,33.34613681424208,170.50282388545455,81
2034-10-01,101.71399630444569,30.629788198189367,177.33631028767078,150
2034-10-02,105.39785373457222,32.33317580502043,175.74891612244738,160
2034-10-03,105.64690777815754,34.40913461913012,173.63388210733478,66
2034-10-04,100.86087705401586,28.841861173772585,168.4195296274891,199
2034-10-05,105.04837084864415,30.567760449096177,172.2105480745786,191
2034-10-06,102.54746654115104,32.47133152477048,170.33002674156398,157
2034-10-07,100.35880475804392,30.824137351812904,166.6579209932471,95
2034-10-08,97.93695878831514,31.53129098297939,169.20328697693745,189
2034-10-09,101.90358441119301,33.41235308369402,176.53952996306023,32
2034-10-10,102.45572500599832,29.833583742767054,175.8061938751636,114
2034-10-11,97.9842703060017,32.989436145027426,167.91603894039824,172
2034-10-12,102.4892903149058,36.007998342050726,170.1820919466275,76
2034-10-13,100.30086143179604,34.96364131075854,169.0227781431803,43
2034-10-14,98.41238897299566,32.58582002670094,172.50166437196313,42
2034-10-15,96.27217597360672,26.962656581239088,165.13699216069298,55
2034-10-16,100.49673863199585,31.722575678917675,164.8123598742409,90
2034-10-17,101.27923850453497,31.617265891789376,170.58726514594483,182
2034-10-18,97.00802622048963,26.171202636218247,168.90431934955166,156
2034-10-19,101.68201591816297,31.379528506028347,167.05243300971765,96
2034-10-20,99.63150647658206,35.24850073801128,171.46266480406933,24
2034-10-21,97.85145413306117,25.989227370024572,164.91378478796202,132
2034-10-22,95.79294813565953,27.695410677224128,166.82729119522048,130
2034-10-23,100.07639287163249,26.713399564411077,170.00717703025754,87
2034-10-24,100.89977088048356,25.663566852372075,172.37923130267944,75
2034-10-25,96.65698691754854,31.23731584535567,169.76801252198553,48
2034-10-26,101.35301860336585,31.873620041019354,169.89000274312997,27
2034-10-27,99.3244968163461,29.228459101232886,168.45490314681498,196
2034-10-28,97.57272804154752,24.547924820155878,167.11939651565388,169
2034-10-29,95.55491826090466,23.788627995182477,164.5542937647075,30
2034-10-30,99.89710983836397,27.754503322951287,170.03688974540526,177
2034-10-31,100.80221365659509,30.747718203919057,173.87669638687666,36
2034-11-01,96.66814412166478,22.996195258117023,162.5451460896304,11
2034-11-02,101.50278939523731,34.30282583019203,176.66109344336365,106
2034-11-03,99.64444600497033,28.764712728687172,170.67440564917794,48
2034-11-04,98.09473502390811,25.995060414749005,169.71846996245293,65
2034-11-05,96.3097632102457,33.44666468478172,162.5365665072585,116
2034-11-06,100.9130430761597,33.39950494712514,165.45854035465578,136
2034-11-07,102.10355528336945,34.012194025767876,173.8938046038418,22
2034-11-08,98.27396070186356,30.701734856332102,171.1273711133159,135
2034-11-09,103.42569279431804,32.917603466906925,170.26054192142067,193
2034-11-10,101.8895563960326,32.85947908134127,171.09584309744906,65
2034-11-11,100.65884570245173,29.42344238544506,173.50280431209464,37
2034-11-12,99.18073929551885,27.369567825048424,169.789126315494,73
2034-11-13,104.06947959131725,32.629929980945846,171.1039365634299,80
2034-11-14,105.51471267928927,42.703189164224945,179.30733324233842,193
2034-11-15,101.89998783436631,34.27197006638477,174.53806753843338,178
2034-11-16,107.21813890875316,32.737128598620934,180.39089896950918,128
2034-11-17,105.79216506585998,39.30373593910532,173.57264623772372,109
2034-11-18,104.60861515563822,32.06605830095281,171.42029817808827,50
2034-11-19,103.10922539522151,31.38619764718722,176.000988792948,13
2034-11-20,107.90431015668308,36.92097944498635,176.5024510308551,194
2034-11-21,109.18127506241184,42.985775421566196,183.101801817035,167
2034-11-22,105.32324591510783,31.00550009557284,171.51403152492887,97
2034-11-23,110.32453110535393,40.31745072311146,182.66380136885147,93
2034-11-24,108.5115317287492,42.12106873213239,176.81788482653417,55
2034-11-25,106.87610191936301,38.81113824638112,176.84283523092833,193
2034-11-26,104.86710877504025,36.11256992143065,178.09993175537338,168
2034-11-27,109.10369291140077,41.16021436600911,179.64413809860088,97
2034-11-28,109.7836015856194,37.11059698669837,183.0648278330715,16
2034-11-29,105.30159209489132,37.10008643079522,173.28673173962332,86
2034-11-30,109.66462860491451,40.55991812525223,174.69879989623414,191
2034-12-01,107.21249334136714,36.49867498983363,176.96991052530936,145
2034-12-02,104.95082236192833,38.12365018994894,174.14748093895835,192
2034-12-03,102.3423237960143,27.050959631469357,175.2406980498912,181
2034-12-04,106.01968867044806,37.46849733156577,172.78290777735694,150
2034-12-05,106.19357566044222,37.54128556313682,173.59186723523823,102
2034-12-06,101.27067692952079,31.571297938828597,173.26175579879367,29
2034-12-07,105.26859746663763,38.367332136235646,175.21766236197843,87
2034-12-08,102.53617764265849,31.622701459389777,172.8267808095438,169
2034-12-09,100.08627728310697,30.349500033152705,167.959312578953,197
2034-12-10,97.38678628436007,27.9775230328421,164.61992364495262,187
2034-12-11,101.073377889198,34.54342731413431,170.1800546149512,36
2034-12-12,101.35739064588728,33.08439878273064,175.33470066004668,129
2034-12-13,96.6438494478327,31.402966359514696,162.00707392439713,34
2034-12-14,100.94635975035202,34.28744752969087,171.73609806255925,61
2034-12-15,98.60750477499234,30.68787900985779,167.8588831806573,30
2034-12-16,96.63176247694061,22.33575489429687,165.18004870425858,27
2034-12-17,94.47670420855113,28.216974636354966,169.3989239475294,48
2034-12-18,98.76598660536607,30.476371894959627,168.30010945028738,24
2034-12-19,99.6975167550071,34.453484695974055,169.60190240667117,62
2034-12-20,95.66179386650893,22.967030676464443,166.56605755363276,47
2034-12-21,100.65715333423638,29.14199700441302,167.47463958660683,185
2034-12-22,99.01053400123381,36.63871229494581,168.88827306579725,61
2034-12-23,97.71077583384837,33.446118777403896,162.2185195811795,81
2034-12-24,96.20020007557714,23.728135921003513,166.81612003657105,37
2034-12-25,101.08797350835543,31.00104062162109,168.46945751016455,153
2034-12-26,102.5586272175674,33.73838052135599,173.22936024876918,127
2034-12-27,98.990723910861,23.740590311641622,171.13663886376028,153
2034-12-28,104.37239125913075,37.12283303272864,172.50020221930257,44
2034-12-29,103.02233461055148,33.79655836860618,170.51541669367506,154
2034-12-30,101.92333000406252,32.283013532573484,173.8776310157431,108
2034-12-31,100.5139446027596,31.793711597177417,173.76768986533838,61
2035-01-01,105.4019826958753,38.80454214725403,177.045177854816,149
2035-01-02,106.77302574320278,33.3470967240423,174.96573491628894,92
2035-01-03,103.009060194232,32.88616336669677,175.3565465336195,57
2035-01-04,108.1039118403589,37.49034223490214,180.658363893383,31
2035-01-05,106.38410290637319,42.49598986752191,177.9258912894472,132
2035-01-06,104.84213714573637,37.76831388993694,173.4037023848076,136
2035-01-07,102.92796575606515,35.369963604005484,168.38334448947262,186
2035-01-08,107.2621391562529,33.17365790759091,171.67679854691102,61
2035-01-09,108.04402099719938,42.82262733530762,177.75027645224256,88
2035-01-10,103.67006682086101,35.608000078778474,176.8273402322469,138
2035-01-11,108.1488953546993,35.795099018031095,175.19677384483165,75
2035-01-12,105.8217781694564,38.59438926704109,172.0299693185764,73
2035-01-13,103.69556251955841,39.306994704437436,168.90027134960317,17
2035-01-14,101.2337895129131,29.25184896270527,171.06537259462127,34
2035-01-15,105.06952150662033,38.06864806955057,177.5691976859685,103
2035-01-16,105.41326324455824,38.779105776272345,175.21566367519307,188
2035-01-17,100.67098637216343,29.83592726728368,172.2446299787586,190
2035-01-18,104.85899142341657,32.44106670026066,171.8070305698484,24
2035-01-19,102.32423785166715,35.62008338683834,171.0002510953599,187
2035-01-20,100.07716038294112,31.081146867655008,171.734030016023,131
2035-01-21,97.58273583529851,24.060171303920004,171.6133227174869,84
2035-01-22,101.47331479765819,34.74266565300833,175.0446974487896,113
2035-01-23,101.95660168588353,33.17968074897855,168.98797543409967,47
2035-01-24,97.43379036151784,30.000368807640886,161.22602055173323,177
2035-01-25,101.91458559617071,34.66056617799386,173.944737744566,124
2035-01-26,99.73773589672074,35.777309700278714,170.0308983856685,48
2035-01-27,97.90408982841188,30.423327479679603,170.20134413858506,117
2035-01-28,95.8679329347334,20.47926370238438,163.82523339590952,26
2035-01-29,100.25011190780869,30.205763181972447,169.5105869242748,144
2035-01-30,101.24632131432749,27.575497944151,164.83492027038432,127
2035-01-31,97.24555161441957,29.58875776487417,167.65385358495635,48
2035-02-01,102.24542030602464,28.215536659528052,174.00010320753702,44
2035-02-02,100.57300349682009,30.559067505502753,169.63057117066592,60
2035-02-03,99.218172285817,31.582351445938816,163.60622615764044,56
2035-02-04,97.62518396771596,26.86938701287547,170.31750551357462,45
2035-02-05,102.40602848236294,33.64444921759672,176.66519016659745,73
2035-02-06,103.74890019909316,33.373007224462626,178.62177442301092,104
2035-02-07,100.036789700478,29.967153743652496,165.9839648969467,114
2035-02-08,105.26291456397055,32.932839235124085,173.36943181855193,22
2035-02-09,103.75160490420743,40.18078844239365,172.41287373704873,155
2035-02-10,102.49164783289422,30.89370069367243,173.21689717651088,158
2035-02-11,100.92784192056858,27.332909792326408,173.97632178472608,121
2035-02-12,105.67426439392055,33.797915500990776,176.77094009992987,74
2035-02-13,106.92262461883593,32.2376236263429,175.44404636981918,17
2035-02-14,103.06070302166381,38.611545687857316,169.95241610981606,57
2035-02-15,108.08759981238502,39.64955557009525,176.96480383255556,94
2035-02-16,106.33441533994399,38.50967399658524,176.80395965902585,52
2035-02-17,104.79737281904424,35.645014634180846,180.25685203465258,190
2035-02-18,102.92914140283014,30.971643611374976,172.43465607583988,94
2035-02-19,107.3518693278452,36.0830226703827,175.8468370071764,164
2035-02-20,108.26530756718401,38.1464148051053,175.4164228861007,28
2035-02-21,104.06502972224048,33.863547903261555,171.26920247628888,32
2035-02-22,108.75747859763234,37.28884368582746,177.5170205081081,124
2035-02-23,106.68046670343757,34.9398883318336,176.4657129878938,59
2035-02-24,104.83614602154631,31.81860323117418,176.88164941314537,188
2035-02-25,102.68220867254799,31.277378628110878,172.77105559973444,52
2035-02-26,106.84483084311039,32.56629956458438,171.98654869568227,108
2035-02-27,107.52674195822068,35.7305860971036,177.59881863714673,113
2035-02-28,103.12542526660691,32.51800345631202,177.00324884726643,125
2035-03-01,107.64817962121234,36.502422471627085,176.63352642944477,60
2035-03-02,105.43266797899554,31.803420290934927,171.03276801353476,115
2035-03-03,103.4799652540446,35.198063218139914,170.8554460938348,121
2035-03-04,101.24586357824349,34.083505591185855,170.2138183780739,178
2035-03-05,105.35394299824296,35.09411005767319,179.93480102817833,81
2035-03-06,106.00378466212094,36.88062712015676,180.47931770698202,148
2035-03-07,101.58932730003004,28.806463040239493,172.45641039303052,89
2035-03-08,106.11409116362034,39.93178323969075,175.50155431858315,189
2035-03-09,103.91188925752373,34.45713390196724,174.13136320638296,160
2035-03-10,101.98003291944976,32.949313162418406,174.19101063965047,58
2035-03-11,99.77078451358115,30.775218582889757,169.8078610978316,175
2035-03-12,103.90456042985309,39.30814762958718,172.49269659355048,56
2035-03-13,104.57825721109668,32.732028492862206,178.73237876752816,81
2035-03-14,100.18369811192527,31.98682366422169,176.00912653131093,16
2035-03-15,104.72292158898546,36.497169781902876,177.20819979537694,75
2035-03-16,102.52892980344944,33.49643058788477,171.4403804509403,86
2035-03-17,100.59890339600005,28.799695509007986,171.79987519413865,71
2035-03-18,98.38563547587859,28.93064103776878,163.99787190617056,166
2035-03-19,102.51068915066796,33.824399255383966,171.8497442774376,47
2035-03-20,103.17265346104017,32.29360475241823,169.36122693621755,134
2035-03-21,98.76549790175247,31.279892229547286,168.69315606734955,93
2035-03-22,103.29375063776283,33.52849176346054,170.38035874325172,170
2035-03-23,101.09312271169334,28.086066911303767,170.49371596642976,38
2035-03-24,99.1635891830152,27.404132178245906,163.6838891479691,123
2035-03-25,96.96068512511438,30.66037759367879,166.05333806107882,88
2035-03-26,101.1085259295062,32.31100960896938,173.1537707966123,32
2035-03-27,101.8079318718638,28.41974960140143,169.72718297428477,115
2035-03-28,97.45466200846448,30.04779130143379,162.8818364373942,140
2035-03-29,102.05448703470947,30.93537455537525,168.1846193979173,110
2035-03-30,99.94372740981758,31.980656569467545,173.64605126462826,182
2035-03-31,98.12227104607653,32.684570838046575,171.60909737862363,17
2035-04-01,96.04483108632022,23.48076964619462,161.53471520271776,95
2035-04-02,100.33395496599456,35.58904856346153,169.04563856251144,126
2035-04-03,101.1881655516482,32.94669265796265,171.2979753087962,38
2035-04-04,97.00023932006073,25.27316092625323,167.83487567096142,11
2035-04-05,101.772350161432,24.95698384118105,167.6147780112439,122
2035-04-06,99.8367031497549,33.51293287543358,168.89916701118955,187
2035-04-07,98.18866976154557,28.77974272100747,166.41766543376414,74
2035-04-08,96.27818148046686,27.237790593017472,169.087140388735,117
2035-04-09,100.72288874039688,38.61807491899749,174.03246220943566,29
2035-04-10,101.71646122904289,30.972558004540343,179.5895400835004,189
2035-04-11,97.64702937159332,27.146009558611944,165.09934401836767,46
2035-04-12,102.51249022109647,38.351756548994025,171.3998203567317,81
2035-04-13,100.64129669914365,31.152023933627746,167.85177026808333,36
2035-04-14,99.02573640065596,29.556893372479124,174.63466985433007,184
2035-04-15,97.11345193312899,30.393696945076304,167.74020491387594,132
2035-04-16,101.52070523876532,31.789412152226962,170.0372738343746,143
2035-04-17,102.44075802801703,38.48296125088011,169.5794426866347,197
2035-04-18,98.26236499172504,26.143733393235774,169.07188233536039,54
2035-04-19,102.98510071418144,33.22728552322857,171.23077497296413,181
2035-04-20,100.94013785875954,33.79332526524445,173.67625472434915,92
2035-04-21,99.12348245144398,26.123177284659977,169.8663270333344,155
2035-04-22,96.98741885403861,22.83014709658125,169.49889694989008,129
2035-04-23,101.15366849717323,23.340353918667116,166.9679011720467,74
2035-04-24,101.82163708741906,30.463533494361403,169.74483515677406,34
2035-04-25,97.38675043462385,28.391215502764947,170.64446729840103,36
2035-04-26,101.85560410040318,24.785016811812138,171.869163290424,144
2035-04-27,99.56654939297822,29.967895113926065,172.71103117339266,181
2035-04-28,97.52272702073006,27.287908402234333,171.34764170192756,115
2035-04-29,95.18330685432434,23.770456704578873,165.35461776711392,166
2035-04-30,99.1764439248839,33.65691733254354,164.61674395796635,53
2035-05-01,99.7073314440596,33.05207944708781,169.525757700804,116
2035-05-02,95.17635690016596,26.55114152757995,164.10480022455656,45
2035-05-03,99.59409199027485,29.40148975615236,167.05183494819207,156
2035-05-04,97.30174395650472,26.208963658499847,170.30648966514616,15
2035-05-05,95.3040840080371,24.4337706550276,166.43008733792425,162
2035-05-06,93.06061483590618,23.515743423200018,168.38320350547377,168
2035-05-07,97.19848997872464,27.421964060679066,167.8904167375169,18
2035-05-08,97.9205674439109,26.050710634678953,168.32436770009443,174
2035-05-09,93.62360418346495,21.187720607617226,166.37703472954854,164
2035-05-10,98.31332163206434,22.843600527378094,162.81266449871958,22
2035-05-11,96.32496823179422,29.89874337650144,166.02266543436698,50
2035-05-12,94.65639192549693,21.891658219245645,167.1638118846004,137
2035-05-13,92.75938094442469,18.695917750009468,158.77452815956627,75
2035-05-14,97.25278108145805,29.293787249857935,162.29392702046695,94
2035-05-15,98.33076652974452,34.60673880421248,169.2150892005032,33
2035-05-16,94.38126495307793,25.720158939653583,170.3755654022049,53
2035-05-17,99.40126062312564,23.976868295710915,166.45700139494085,115
2035-05-18,97.71759491615357,32.8492253317132,164.96557973034268,107
2035-05-19,96.32027045521887,28.217163080742374,164.22171535691885,69
2035-05-20,94.65401065187109,30.10756042658072,164.77238667985614,18
2035-05-21,99.33157658792203,31.040856453907242,169.86082777133652,139
2035-05-22,100.54221256574654,34.93517302309359,167.95566012780571,65
2035-05-23,96.67021591408346,26.385055653557078,168.7001938913068,167
2035-05-24,101.71035062415574,35.36116278482062,174.87221224851163,31
2035-05-25,99.98872079757804,31.99608804563113,166.19632240703274,90
2035-05-26,98.4961079264744,29.95591902272595,169.49660374203302,109
2035-05-27,96.67952261312006,27.48810658637347,171.4114426126481,22
2035-05-28,101.15547267527242,36.49398512436884,174.07847265899616,80
2035-05-29,102.11832013145782,32.6684051620528,172.73486181305086,25
2035-05-30,97.95872494541679,35.25423676654533,168.33321849480578,54
2035-05-31,102.67889846354234,31.96132755183147,174.24899387987656,74
2035-06-01,100.61328685736794,34.98562874588557,168.10036154710437,148
2035-06-02,98.76169377137575,30.78458714313026,172.89221646565312,79
2035-06-03,96.58059866567467,30.36404463813413,170.9565855608507,157
2035-06-04,100.69617921685841,31.702574593856824,176.8548133387862,108
2035-06-05,101.31241703876785,30.7973867526286,170.33905266948298,110
2035-06-06,96.8292915275782,27.9788628548483,165.85833896915807,114
2035-06-07,101.25779164907448,25.95018523167534,171.28056790445277,149
2035-06-08,98.94037262362892,27.821683587330117,165.81990215696814,199
2035-06-09,96.88387292525626,30.44543279709269,166.32184592866594,103
2035-06-10,94.55065369133013,24.722126398674465,163.44299267580112,51
2035-06-11,98.57147374557384,28.796985718481945,166.95577136192162,92
2035-06-12,99.15348343026515,29.515931780038727,164.55399583405784,195
2035-06-13,94.69834496847943,29.803180230858693,167.14582491597773,142
2035-06-14,99.2172109911796,28.1566301451515,171.42079298488642,114
2035-06-15,97.05118885514807,33.57782035704421,167.81938603662203,164
2035-06-16,95.20430567215925,24.52363470785715,165.20058287038523,37
2035-06-17,93.13473450515838,25.34343927699267,164.57895820764637,35
2035-06-18,97.4677921985452,27.061027287125917,163.17410426995028,125
2035-06-19,98.40408829163017,27.374326753616955,167.1082200278113,58
2035-06-20,94.33782809085237,23.11387670141743,160.570942604748,158
2035-06-21,99.27199613283422,32.7954577685528,171.88544676394676,10
2035-06-22,97.53904166103153,28.390643629708563,169.29385114962056,101
2035-06-23,96.13407461508095,30.640020248485257,166.68490851788613,67
2035-06-24,94.5063259366421,22.35269091101082,167.4062634711465,88
2035-06-25,99.27237597239423,27.202288718478158,171.83085039196487,192
2035-06-26,100.62452389989083,34.269078253354536,171.6537201272513,90
2035-06-27,96.94929508240517,28.047616372575266,169.6326411996614,35
2035-06-28,102.24280694797943,32.43325114697407,172.81365160511442,162
2035-06-29,100.83161007672143,30.608460645068455,170.87348288725093,86
2035-06-30,99.70600889550497,33.116889011720474,168.33263545928875,170
2035-07-01,98.31161263937335,29.90602764956821,167.16004154353828,81
2035-07-02,103.26261826052061,31.851274518081205,174.52998069004101,78
2035-07-03,104.75019721038733,36.667241131719216,174.7865191644902,15
2035-07-04,101.16098312301686,23.037148942600215,169.52606768051115,32
2035-07-05,106.49238223092237,36.46042905857963,176.268441576237,167
2035-07-06,105.0733255004004,34.8133939553117,172.55218853078787,63
2035-07-07,103.89747018122087,36.72908279672943,174.27407659277426,96
2035-07-08,102.41460561242445,31.17714600717598,171.70809436133567,20
2035-07-09,107.24376990097262,36.70315702379152,174.64704686725835,168
2035-07-10,108.58145493429393,37.24467640655959,177.90655643072395,143
2035-07-11,104.81990271761047,29.607967056486785,175.65133293214097,20
2035-07-12,109.96222107103637,45.16932375457907,179.48963950428163,86
2035-07-13,108.34294392775436,37.768025585244814,181.2212562880946,21
2035-07-14,106.96105003854353,34.22828749425335,181.1454469010641,62
2035-07-15,105.27120070350703,39.579160117695324,171.52066680855526,108
2035-07-16,109.8967084170035,40.961021114649235,184.6790106663002,45
2035-07-17,111.03761848404814,39.42764047205134,183.9150982628713,154
2035-07-18,107.08891038420273,40.801554193128354,174.97399370348168,37
2035-07-19,112.05554977205666,48.713416011062904,185.62237442965386,159
2035-07-20,110.27301819435478,40.95527395791551,179.0652372498918,111
2035-07-21,108.7403350933093,38.139438517122265,180.79069580146114,16
2035-07-22,106.91133238480039,39.83515548641726,173.48868327355305,24
2035-07-23,111.40769207911987,45.05084899027032,186.8415066109552,148
2035-07-24,112.42712654282799,39.79101977025771,181.56798818392664,33
2035-07-25,108.36170474983791,40.08996973827387,177.6931844347058,39
2035-07-26,113.21305112677115,43.23300398159386,182.50399947196073,75
2035-07-27,111.3130390588027,36.95901057351972,177.48884681952893,70
2035-07-28,109.6569880431739,40.25982025463663,179.21101614254633,87
2035-07-29,107.69511879922054,36.2866162130282,176.71177609330482,50
2035-07-30,112.04577061371515,37.70340528404347,178.59305790892813,91
2035-07-31,112.90375431406821,38.19181548139835,180.538210547795,60
2035-08-01,108.65883819423836,42.60746409502227,179.78833745679518,181
2035-08-02,113.31108784217584,42.43425086690723,184.96204158826214,104
2035-08-03,111.19167683280489,44.66754611102581,183.88700708350513,22
2035-08-04,109.29617288506563,42.41254665751748,178.87825812967208,99
2035-08-05,107.07605026221268,34.97340116862067,173.4642988233424,149
2035-08-06,111.15193014054596,45.27693721540644,181.60194092564865,91
2035-08-07,111.72192085078396,40.74795761849282,179.77261534697655,18
2035-08-08,107.18005494847046,36.256671447303326,179.37281501322857,57
2035-08-09,111.53154483845196,42.30879849469369,176.86375983882402,58
2035-08-10,109.11347582414061,38.06861360389236,180.5634820877626,62
2035-08-11,106.92794417052791,40.488391621802435,180.53438299979953,193
2035-08-12,104.43339495486858,34.589374283724446,175.15254537624463,49
2035-08-13,108.25766631629226,40.2281987384107,177.56722149669886,116
2035-08-14,108.60611764683858,39.5047660392296,177.59473586060378,33
2035-08-15,103.87984490714406,29.807464175902492,175.06418872661118,117
2035-08-16,108.09071142450611,35.48996896807009,173.72648909102153,42
2035-08-17,105.58181988458922,34.94792129125629,177.40416872572692,32
2035-08-18,103.36043995194754,35.376047868599485,169.2385850885071,86
2035-08-19,100.88915293531288,30.927447891273662,170.862807696163,63
2035-08-20,104.79872634681183,35.372445431463724,173.40563203931836,62
2035-08-21,105.29610153782146,37.10421385948375,175.16125242424678,58
2035-08-22,100.78250246256229,29.7977753211766,175.9033185194502,87
2035-08-23,105.2683978657741,34.517751263863595,172.17784504091637,89
2035-08-24,103.09394549063012,33.679442196151435,167.45239747360503,186
2035-08-25,101.2619344709256,33.6293846145867,172.25942175703358,111
2035-08-26,99.22898783510763,29.158317213939956,169.87045643547464,131
2035-08-27,103.6185372350256,35.63441182349374,174.3926962751992,197
2035-08-28,104.62895110512338,34.517921656488646,170.99985206966866,112
2035-08-29,100.65182113014886,33.10130812966856,173.01608923191318,99
2035-08-30,105.68713502884606,38.07790668212809,174.0115952691893,99
2035-08-31,104.06395895614688,31.094659943659547,169.88862336199347,169
2035-09-01,102.77363953572953,32.49151476118885,173.57117342241503,130
2035-09-02,101.2612806070938,30.831655492550816,171.45919978922896,158
2035-09-03,106.13899945789758,42.04018298690919,175.5906124684817,155
2035-09-04,107.59433611373824,38.791032871568795,181.28777009387989,69
2035-09-05,104.00881285483852,30.86863603063025,173.95016964202173,131
2035-09-06,109.37336440568421,44.356123343580265,180.48086722167267,150
2035-09-07,108.00925490264358,37.826941624747455,174.69583482924259,161
2035-09-08,106.90148502847822,38.32884635925583,176.49165931783617,39
2035-09-09,105.49043854253316,29.948218518439614,173.88052638474838,139
2035-09-10,110.38526806207983,37.04403624901756,178.86170191315776,92
2035-09-11,111.77238983911468,42.92549534435565,178.08381319784704,120
2035-09-12,108.03408207783735,35.89094960800619,175.4967283328252,117
2035-09-13,113.1639058978664,43.37862464859823,183.74295463940788,120
2035-09-14,111.48756504023208,42.7282687450886,184.49856765334508,34
2035-09-15,109.99620903191379,43.38446971564246,177.21895640984346,59
2035-09-16,108.13793167146517,36.48867942442417,179.1810600889358,23
2035-09-17,112.5309685620984,42.93327414161952,178.8080614153598,143
2035-09-18,113.37196843799829,42.39923115932659,185.9132166657049,85
2035-09-19,109.0543388238903,37.98231177591805,175.0411759921848,93
2035-09-20,113.58339195559617,44.53335333129579,181.2004121775236,96
2035-09-21,111.29691451231234,43.25331124121377,184.80188806138855,167
2035-09-22,109.19817375707235,34.50383180163231,177.45302046100943,39
2035-09-23,106.74712002773575,35.65635804011239,178.4595261776017,175
2035-09-24,110.5732973546103,46.930836324380685,180.30401471881012,67
2035-09-25,110.8838447427812,40.482632346528185,181.6347809830134,103
2035-09-26,106.08159596942231,37.0154471740916,175.68474394484687,50
2035-09-27,110.18001044192637,40.42337319067173,181.97597836748523,103
2035-09-28,107.52356440847664,35.549682862297495,182.29161726395827,66
2035-09-29,105.120619810212,35.2484783612914,176.76163833267987,173
2035-09-30,102.43453423230777,32.901769271890686,173.80448660614806,73
2035-10-01,106.09652596434691,36.70337225835282,176.57658795162646,107
2035-10-02,106.31367759794944,35.40797280294704,177.51979988787662,25
2035-10-03,101.48708553265789,34.16808103482535,176.8847424230437,97
2035-10-04,105.62688610344082,37.87455177014519,172.16601641272354,87
2035-10-05,103.0727844867315,37.84886943255287,169.4894905993566,99
2035-10-06,100.82709933313696,33.567225719994696,174.34798612370358,81
2035-10-07,98.34608116070959,29.826946563488015,167.72494551225086,23
2035-10-08,102.25301217354041,35.538617885291,169.31089736937253,40
2035-10-09,102.74646385182292,28.999947373539698,172.8713954436867,75
2035-10-10,98.21871207206286,28.551284683813975,164.19535379855623,121
2035-10-11,102.67103255389732,33.92916820969911,172.14305649893933,77
2035-10-12,100.43449479764664,27.725003729125557,169.42150343095764,64
2035-10-13,98.50325962986136,26.44270102232491,168.09222644832246,132
2035-10-14,96.32613094921633,26.910355211604504,167.1459538907147,177
2035-10-15,100.51986250638592,27.783541077241058,172.468544258117,162
2035-10-16,101.27759004214917,33.10646894491507,169.92727108559862,34
2035-10-17,96.98738351045789,22.49744823060711,167.77039158632152,140
2035-10-18,101.6476382852769,31.01986510124765,165.51927091747228,78
2035-10-19,99.5879208730141,28.575338674160715,168.35355563580842,111
2035-10-20,97.80227293384084,26.93521814546894,165.59125465100294,127
2035-10-21,95.74072426348835,27.558380667582814,160.91349019922362,35
2035-10-22,100.0225169963408,26.38219697873404,169.92037379550385,49
2035-10-23,100.8444141123313,30.264372092301734,168.96840959492428,47
2035-10-24,96.59909097859413,25.17146530661961,166.2830466959242,175
2035-10-25,101.29033396266084,36.3382240204792,175.83666762650844,16
2035-10-26,99.25366775360015,29.52247039748792,171.0480844606633,167
2035-10-27,97.48942211011207,26.55695251759183,169.6472752428805,129
2035-10-28,95.45399619506614,27.473390500220535,165.51826570924536,156
2035-10-29,99.77283063772028,27.475216420446976,169.31872677543547,44
2035-10-30,100.64846842095085,33.53883687004248,171.06558032944616,170
2035-10-31,96.47871123721104,27.807317215804773,172.32508102226413,170
2035-11-01,101.27160292035975,30.959188942970446,165.5804314599715,87
2035-11-02,99.36586859141526,22.492586586791855,167.58873037272224,47
2035-11-03,97.76382645659957,27.38654458825039,165.331631206969,147
2035-11-04,95.92253566431992,24.369112624549174,168.01627382382685,194
2035-11-05,100.46669447405023,26.558989073623454,165.46403904439168,37
2035-11-06,101.59667268229605,34.8457169815365,174.92515947141422,109
2035-11-07,97.70668643879571,32.21364197000681,167.04220031895446,47
2035-11-08,102.79984713772997,30.053728657576812,172.32882485576087,153
2035-11-09,101.20871167712136,33.52513866158163,169.11976347418047,133
2035-11-10,99.92834828343082,31.117578281920565,173.17914146787805,158
2035-11-11,98.40767724467608,27.511357348281518,165.37341183206848,101
2035-11-12,103.26259552668579,34.42858867350889,172.61022696263012,106
2035-11-13,104.6842628714716,36.97114206558427,175.06188027247842,15
2035-11-14,101.05755027552654,28.48239490695363,172.30366434417328,178
2035-11-15,106.37637461313743,35.02364621020188,172.46859413534372,136
2035-11-16,104.96453831982221,37.718193851347976,172.26019960121457,24
2035-11-17,103.80907974059765,33.83565372422641,174.7498035149355,117
2035-11-18,102.3518849255566,33.73606961821951,173.89176512837415,140
2035-11-19,107.20306157147188,37.32318995716344,178.6416815157707,52
2035-11-20,108.54944495891233,34.67254579153088,179.39787296160372,56
2035-11-21,104.77322979002284,29.308143256778145,173.63707730004523,108
2035-11-22,109.86744566630294,35.93870653038091,177.80498302938773,23
2035-11-23,108.15689024549165,37.20230196629975,177.4763737638244,166
2035-11-24,106.63152210663002,38.94888151061545,175.08298613374612,141
2035-11-25,104.73806194678318,33.37559594245081,172.56452908958624,163
2035-11-26,109.09330213911865,41.81065331507099,179.8997319427483,124
2035-11-27,109.89249535717262,39.49570554927291,180.64189208625606,149
2035-11-28,105.5278185384097,37.08403123322256,174.5768598361958,11
2035-11-29,110.00363375349616,42.18845438117073,177.5404160995653,154
2035-11-30,107.65716521146526,38.67316728145963,177.2963428908876,44
2035-12-01,105.49160084908478,36.38314539493787,173.60798547759947,19
2035-12-02,102.9673746043641,33.59539480876677,175.82224333686,121
2035-12-03,106.71513773709711,40.331134902868655,176.22954693915003,180
2035-12-04,106.94379886208462,41.11967866610991,175.4771711311427,30
2035-12-05,102.05863831224143,32.89058789837269,172.88534977000273,24
2035-12-06,106.07622786591052,31.776070472754547,181.51820024922603,172
2035-12-07,103.34478439724985,31.18642139494664,168.05198759253068,121
2035-12-08,100.87697482734843,35.5235822412979,176.88097196666973,135
2035-12-09,98.14093675477345,27.55498897166278,171.83711333349302,94
2035-12-10,101.77303052348674,28.867351498778458,171.39572499353343,94
2035-12-11,101.9857086945447,32.54525958907027,174.7946471542469,197
2035-12-12,97.18551356600159,22.74137393870926,171.68054227162153,181
2035-12-13,101.38793738202021,36.987952036348105,170.60948308744238,14
2035-12-14,98.9377758718656,31.886948808557534,169.74088215941865,126
2035-12-15,96.84199298657471,28.83735261920422,165.88222602069084,155
2035-12-16,94.56086009230201,29.151373550103024,165.14987893000776,158
2035-12-17,98.72088267093014,30.729397530825384,169.36346462596208,81
2035-12-18,99.52289626945323,26.15394726104416,167.6941695684866,83
2035-12-19,95.36033670813376,22.970662323454334,167.06876450037575,60
2035-12-20,100.2344122973827,30.5629835742941,170.67204942521786,178
2035-12-21,98.47480073603754,24.147858616051792,164.20770100830438,33
2035-12-22,97.07287973350907,31.685782414453808,166.02390317480877,161
2035-12-23,95.47324516564852,22.839427097573566,163.81385149825644,47
2035-12-24,100.28702000147393,32.27842193933106,173.52062840654847,53
2035-12-25,101.70032582580673,29.616908237169696,171.60595049309438,194
2035-12-26,98.09291222213106,27.829726621026293,166.40405163155364,196
2035-12-27,103.4536624480473,33.77071036589784,167.26268861041964,171
2035-12-28,102.10158944443779,33.20958275873161,167.0332392614145,84
2035-12-29,101.01932350280018,33.14465218692189,171.67993619947822,104
2035-12-30,99.64483880667889,31.762445570982027,165.95769881383595,32
2035-12-31,104.58491678791799,32.93045050692458,179.75053166147387,133
2036-01-01,106.02371426723577,36.02025072827448,174.09692104406815,95
2036-01-02,102.34142932432786,41.26272162463329,172.25786274659686,52
2036-01-03,107.52978261019922,37.20449770000275,179.43574772429798,49
2036-01-04,105.91292903209109,36.30128855250001,175.90547711133414,56
2036-01-05,104.48080360595837,41.14862546662744,175.2984334621265,178
2036-01-06,102.68065267039442,33.36958290496835,169.38463491719543,184
2036-01-07,107.13025377226212,40.885128856924034,179.50017427433855,29
2036-01-08,108.02619880443767,35.232016929469715,177.19875063973507,118
2036-01-09,103.76224100719232,33.17573820624426,172.74032379675782,77
2036-01-10,108.34443205379671,35.5677349207744,182.93303241614208,33
2036-01-11,106.11167326652092,39.75988573666576,176.9920697023422,45
2036-01-12,104.06869423067504,29.846413921139316,170.27869789045607,54
2036-01-13,101.677219570741,30.273457910929878,170.86767572440039,139
2036-01-14,105.56883661050637,34.68281244897986,177.1211258119943,37
2036-01-15,105.95294749286036,39.05139902260869,177.87093256174379,163
2036-01-16,101.23481471479833,30.332258151189876,176.6540931946554,32
2036-01-17,105.43043376741667,38.88546541821825,174.99069676593658,173
2036-01-18,102.88686332955895,32.48605653064367,169.10739674052115,100
2036-01-19,100.61503145458289,34.836385038548066,172.49033854419022,143
2036-01-20,98.08078232940076,31.849547015256412,164.49913038452297,172
2036-01-21,101.91767869409816,29.96220515677052,170.2536680819244,112
2036-01-22,102.33494437280346,35.918867007491954,170.6754458917711,47
2036-01-23,97.73555524181366,23.49783609928739,164.11495633164947,172
2036-01-24,102.13121023355646,34.64476142865956,172.207039887648,103
2036-01-25,99.86280934201643,34.46726294988785,170.1343424371464,62
2036-01-26,97.93345231097352,27.030725449556165,171.83890380846051,47
2036-01-27,95.79971669739795,27.561554338064767,161.48225411084186,196
2036-01-28,100.08472356146294,28.743504485699532,169.77763172082484,52
2036-01-29,100.98636764603667,36.479081876319256,177.4397359633093,112
2036-01-30,96.89571225751016,28.0564419881001,173.5403852503915,123
2036-01-31,101.81227203320152,34.42399897266444,171.3000096774731,13
2036-02-01,100.06480209004354,35.350976528703875,167.48831529271067,14
2036-02-02,98.6445989415579,28.330534631613414,166.55917825059734,77
2036-02-03,96.99706398568844,29.90431008178797,167.6819472779869,132
2036-02-04,101.73503054302373,32.363621836512856,175.48046134688616,182
2036-02-05,103.0472248481767,29.248406136998735,173.96131146621119,89
2036-02-06,99.31685572220512,28.309291416245124,166.816932291393,162
2036-02-07,104.53705174373806,33.86579576624761,176.53373365777878,20
2036-02-08,103.03176126251492,37.64810199229732,172.50010448071615,166
2036-02-09,101.78911877561264,33.9898858019651,175.1638537718856,171
2036-02-10,100.25302791621188,28.49229300758723,169.86481828894503,151
2036-02-11,105.03646278503126,36.77905102623387,172.5877451517926,129
2036-02-12,106.3298600354229,34.59713968983791,179.74817930466557,161
2036-02-13,102.51959962389637,35.55030512994435,172.23887821463452,196
2036-02-14,107.60329728759334,36.17772745155299,174.82174862641122,176
2036-02-15,105.91052925355919,40.223146946039556,178.01025624729806,35
2036-02-16,104.4359986099954,36.684896483499045,175.308861023356,180
2036-02-17,102.63090006091991,33.87367236361739,172.8138738141309,45
2036-02-18,107.11599162738878,40.05820366457401,177.29006168258803,176
2036-02-19,108.08975269269632,40.413674282504005,182.38813337594664,198
2036-02-20,103.94663323556875,34.4663031440955,178.16479797977155,153
2036-02-21,108.69212398523395,37.223206540056644,177.64098822881834,131
2036-02-22,106.66327422593731,36.50700302966104,180.87880249816428,68
2036-02-23,104.8616722760753,35.19851852198632,175.4721246940258,105
2036-02-24,102.74465017761933,25.59779073013619,168.74564875528162,15
2036-02-25,106.93822506447619,41.550356794379184,172.68932900164995,107
2036-02-26,107.64515950498377,33.33476047632999,177.55452246381475,65
2036-02-27,103.26314748529168,34.178434623078466,176.43779471240916,145
2036-02-28,107.79985648422576,40.82243608072503,175.25372747635157,103
2036-02-29,105.59345197632405,39.16813023945043,182.00943853399528,36
2036-03-01,103.64561792711076,32.187308872551974,175.1376327645569,164
2036-03-02,101.4128323504067,36.460159558306636,172.4231883078261,129
2036-03-03,105.51940702299926,30.649906357495706,177.02555323189634,183
2036-03-04,106.16566949437869,25.64734976300242,174.48449566003782,178
2036-03-05,101.74628926220257,32.998221034095124,176.01303475673237,34
2036-03-06,106.26547329212585,34.67258875665261,177.6653665832361,95
2036-03-07,104.05765164751772,35.81936433466999,173.53626762201378,155
2036-03-08,102.12066110365568,33.96564015609817,177.42089153920057,21
2036-03-09,99.90718019340167,26.57393903090697,168.11921433342476,96
2036-03-10,104.03791940187138,33.91808596398534,171.58541166030167,188
2036-03-11,104.7099396836894,33.198765112244146,175.08969739889656,118
2036-03-12,100.31509677829703,32.47186672701258,171.15853334872395,176
2036-03-13,104.85533280731727,32.54375810903512,173.02409964349505,98
2036-03-14,102.66343303814602,31.189756336712623,170.53583224573836,19
2036-03-15,100.7362537015978,27.40262409991788,169.28300959694562,83
2036-03-16,98.52617327270787,24.203644622385745,167.61309610104138,86
2036-03-17,102.65427086646726,32.57117691848477,174.2629126370591,63
2036-03-18,103.31860581997908,32.67060691958944,168.78780544987066,166
2036-03-19,98.91259775703068,30.34618404377363,169.5989191731877,111
2036-03-20,103.44023129761317,24.493728065696587,175.28632109297024,178
2036-03-21,101.23670673228793,32.40342094655299,169.72632860606004,146
2036-03-22,99.30154662690624,29.108165816316696,164.81461002158224,174
2036-03-23,97.08991534460546,25.15910561259048,170.59411826495852,151
2036-03-24,101.22566006095266,32.37129752287659,174.7860987462294,110
2036-03-25,101.90945244720253,34.62816902632014,174.76724544759193,82
2036-03-26,97.53703543336492,34.897686208833136,169.71885029456095,81
2036-03-27,102.11430416587031,34.3177401934361,168.79886817747533,176
2036-03-28,99.97784710949276,28.92602702408179,173.29372243867113,177
2036-03-29,98.12796140825145,26.926536847354377,168.5071829415454,63
2036-03-30,96.01990302439935,28.27663035554669,166.38489672530537,12
2036-03-31,100.2768830279669,32.211729754157375,170.83888095041195,192
2036-04-01,101.09819117891954,31.339627785668103,168.94032773422657,120
2036-04-02,96.87745228157176,27.37442009349237,167.4834578999478,170
2036-04-03,101.61774455922811,32.2467484813422,170.78387380696307,105
2036-04-04,99.65220518419324,25.08232754999155,165.57475656723727,80
2036-04-05,97.97713534100156,33.09852564974342,171.55974917262284,28
2036-04-06,96.0433627317919,25.063259435819802,170.66638419412624,43
2036-04-07,100.46936949294731,28.596937614769796,171.59243887257085,59
2036-04-08,101.4495625737761,26.81626488172326,167.03852900430465,184
2036-04-09,97.37268740547188,27.60554020405734,164.69425410349427,55
2036-04-10,102.23710904218443,29.164257830753943,173.41402698919129,193
2036-04-11,100.37158058996337,33.480321362645,172.70210509271462,194
2036-04-12,98.7685058965432,30.28555255308368,172.9659865345982,92
2036-04-13,96.87544909404934,25.940893752501765,168.58851196878305,60
2036-04-14,101.30839390616525,33.584385221327494,170.43841041851957,63
2036-04-15,102.26012513589139,31.153603509868216,170.48730353293334,99
2036-04-16,98.11872910340558,25.155783879326,169.18630901173702,90
2036-04-17,102.88293386653696,33.22768809129071,170.80756300272236,127
2036-04-18,100.88290651526529,33.37003256011013,172.8017454123076,165
2036-04-19,99.11351290116409,24.203909854931535,167.32782582785845,28
2036-04-20,97.02579175689611,24.42974063608723,165.49347132288327,36
2036-04-21,101.24014648493858,31.43860623027821,173.46801192363682,185
2036-04-22,101.9546284065236,29.322219360987724,169.10997995772274,156
2036-04-23,97.56331058949459,27.95320378473441,170.52741677530102,188
2036-04-24,102.07147635189658,28.861477713735646,173.8084053872624,16
2036-04-25,99.81624382149691,29.059721329664974,168.46240752475276,166
2036-04-26,97.79963670985015,28.08268549083703,164.72582156376836,180
2036-04-27,95.47985862378914,27.303146301381254,165.81080367585275,78
2036-04-28,99.4842799755617,31.131784573978,165.55369318047605,103
2036-04-29,100.01751730572434,30.528021509705088,167.31539944780025,122
2036-04-30,95.47961022380956,28.250940383196816,164.61381207922247,116
2036-05-01,99.8810260290416,29.499028960090577,168.52763465310701,129
2036-05-02,97.5631190537987,22.70962207716044,168.10801071143035,195
2036-05-03,95.53106007629287,23.521459816862283,163.6695144992551,145
2036-05-04,93.24499767660484,28.086562656490365,165.1802373384841,179
2036-05-05,97.33296436853786,27.59634265122255,166.09634938457177,51
2036-05-06,97.99891019424248,31.047177996684763,167.35889455313864,22
2036-05-07,93.64087086365744,20.961486417176932,162.0026258759728,163
2036-05-08,98.26600131889813,27.574422011771173,170.43524997057028,27
2036-05-09,96.21110148932149,24.47554742728677,166.6299282634059,51
2036-05-10,94.4756482097123,26.642337587967056,166.58620081339433,60
2036-05-11,92.51309273500286,23.6344270349508,161.46493908986452,122
2036-05-12,96.94393324047253,23.194541200266208,168.8318961530803,153
2036-05-13,97.96394063686787,24.141195602430148,166.57953521089104,110
2036-05-14,93.96253963507115,27.730833593623426,166.81371150704342,12
2036-05-15,98.93807014428718,25.513947062629292,164.60733520941739,88
2036-05-16,97.21854948957608,26.590870393596425,167.17316023750945,107
2036-05-17,95.79494283756468,24.208762753221016,165.91951356144355,182
2036-05-18,94.1126945650854,21.41517053715268,163.82705187372787,159
2036-05-19,98.78502333874216,26.827869519698883,165.3414593356365,32
2036-05-20,100.00135288672776,35.08455506147279,165.68003572893414,68
2036-05-21,96.1458745046817,21.093335971635266,164.5653508535808,199
2036-05-22,101.21296111681121,32.75866439837744,172.10898184705601,122
2036-05-23,99.52804890121624,27.1004758802029,171.04137560008542,77
2036-05-24,98.0809903080955,31.18007484166811,167.058130332758,63
2036-05-25,96.31762867193406,25.588453214623005,163.58996370115685,66
2036-05-26,100.85309575368122,34.69346664684255,171.15418224169838,160
2036-05-27,101.88020391059932,34.360360804629124,168.89010408584667,120
2036-05-28,97.78792981247597,28.56961774454002,173.2187189080103,69
2036-05-29,102.57671154085287,32.31169379008271,173.65164438527992,82
2036-05-30,100.57917818007637,35.11892530157056,173.34604855287424,64
2036-05-31,98.79331982709905,27.562583323095552,164.88312127857643,126
2036-06-01,96.67385320120837,34.06070101658805,168.60759401172507,72
2036-06-02,100.84528991168706,37.43729442888547,173.87654883972095,193
2036-06-03,101.51008538112055,32.81509270055989,172.2608441909627,64
2036-06-04,97.06687204043982,30.52485876856625,168.0007955242903,34
2036-06-05,101.52550553747038,30.61828512923982,175.54040549319433,35
2036-06-06,99.22754997959743,34.39188683075262,166.8785585170645,186
2036-06-07,97.17921686048031,33.85714778883595,169.1644351424657,72
2036-06-08,94.84251919146963,25.722528563448503,159.27349360634548,182
2036-06-09,98.84815367110077,26.814269806360816,169.173643302473,82
2036-06-10,99.40349393539958,29.62953825075884,167.24850895840441,88
2036-06-11,94.91070267755063,24.696040858399247,171.25258832958355,176
2036-06-12,99.38169455725603,33.91366674081869,170.16710843115834,74
2036-06-13,97.15857801985337,27.30886417330416,167.69116836962016,78
2036-06-14,95.24659163340979,28.174628258121405,167.62540670911443,193
2036-06-15,93.10529626081211,18.175923252248975,163.86238577924914,18
2036-06-16,97.36153454145246,26.938972519018346,163.42881650734526,165
2036-06-17,98.21753825729931,28.16771755968731,169.98332290520463,182
2036-06-18,94.06918786746111,30.241229158173123,159.18448819309458,35
2036-06-19,98.92115170038895,30.805388765200206,161.420279512739,37
2036-06-20,97.1075276943714,24.977172812189586,165.91869040565615,49
2036-06-21,95.62499742665896,25.84904127028741,164.2250937017304,152
2036-06-22,93.92424741323283,26.734370837461512,164.40820995089504,143
2036-06-23,98.62316254180354,28.008109544480348,169.43781529525597,36
2036-06-24,99.9151655157585,27.809618389820034,173.90590102472055,47
2036-06-25,96.18770001199924,24.635763675137664,163.96210677120789,94
2036-06-26,101.43757876521208,30.485823654669733,172.0897322746769,73
2036-06-27,99.99181368387634,34.096322970403854,169.6424857865933,39
2036-06-28,98.84093261080477,26.619590893541993,169.02060440125658,108
2036-06-29,97.43053338838355,31.142944600503704,166.82284935059198,140
2036-06-30,102.37457669834474,31.872841127055352,164.13602783067483,199
2036-07-01,103.86378918678435,32.97711093629845,172.0016419011901,21
2036-07-02,100.28417329789461,28.706585687125646,165.46082009796126,100
2036-07-03,105.6323448707522,33.27542233000007,176.2740092478941,39
2036-07-04,104.23631656507102,34.338385717911805,172.37135930449344,47
2036-07-05,103.08873376987258,33.11816488940411,169.86767541072572,94
2036-07-06,101.63831671261846,26.40836559624034,172.6523445319164,69
2036-07-07,106.50301421028162,38.121842544956856,179.0740284093984,47
2036-07-08,107.87824533414057,39.35274575562515,174.10090537494693,113
2036-07-09,104.15523081345482,31.39867526334878,181.13169633976057,152
2036-07-10,109.33614110509615,38.85395887623986,177.04919221021913,155
2036-07-11,107.75468535568515,35.99992238571649,173.75481950372443,189
2036-07-12,106.40915417131039,37.033582933750274,173.04088164755336,38
2036-07-13,104.75367607543507,35.06797387549957,170.9037468362138,121
2036-07-14,109.41119897631154,41.88382556019704,176.28372333625956,197
2036-07-15,110.58157832819904,39.46387906335332,184.20909110216803,30
2036-07-16,106.6597785907496,31.364950554463963,177.76346177225872,154
2036-07-17,111.65091891373828,42.82851047981326,181.1180229137444,155
2036-07-18,109.89079037027842,38.380067893065,181.37844994946968,194
2036-07-19,108.37885975218654,43.11416173470935,178.89991969610915,128
2036-07-20,106.56952084500429,37.68529787682797,176.82927775646817,174
2036-07-21,111.08510444594613,43.295075951026675,182.43322815833176,69
2036-07-22,112.12402765972323,41.99901614156381,181.40722400227955,175
2036-07-23,108.07908687096003,37.25672560720023,181.19073488158583,149
2036-07-24,112.9526221259889,45.1479879978765,180.0028495967884,122
2036-07-25,111.07717616558732,45.20887858233834,179.22897478576775,138
2036-07-26,109.44865827712066,39.63834769095884,180.39963255220235,67
2036-07-27,107.51776842746628,35.76264730556144,177.11969104591878,12
2036-07-28,111.90318704298244,37.727184800192994,180.41017098442424,158
2036-07-29,112.7999048158532,42.90025020106758,183.62563095610886,32
2036-07-30,108.59769071654821,45.445930547522025,175.54436307827405,146
2036-07-31,113.296419857369,42.67662754339164,182.4936860666284,92
2036-08-01,111.22687868326942,44.92420932704679,185.19603820273414,64
2036-08-02,109.38405240184132,40.16364655451697,175.3402799129484,119
2036-08-03,107.21864553248332,39.27752146132669,183.64757754971802,125
2036-08-04,111.35033718396427,47.44912386217317,182.8725065104423,156
2036-08-05,111.97614263345133,41.59076283063611,176.90949740030305,71
2036-08-06,107.4888776249487,39.48967348470384,177.31953130204272,96
2036-08-07,111.89244637993572,42.34894923670866,181.14365146775174,176
2036-08-08,109.52257128732194,42.25638912321734,178.28815002932237,109
2036-08-09,107.3799708105332,40.946398864449314,181.58842247169238,36
2036-08-10,104.92173921827697,36.375303225097404,179.11579193343857,183
2036-08-11,108.7744335010637,37.734631767535035,175.00828417489092,43
2036-08-12,109.1422437216933,42.93207213300725,179.5310730598685,42
2036-08-13,104.42524868206262,39.83225025393915,172.48360864800748,101
2036-08-14,108.63448399642952,39.981442534447844,172.6174580844709,105
2036-08-15,106.11244708579652,37.46615932788723,170.26719359864182,187
2036-08-16,103.86605244032889,33.85674361855763,174.62063639742067,157
2036-08-17,101.35779761962851,29.264865297546734,167.75830522730837,177
2036-08-18,105.21865206564671,32.44117242956406,179.80589394844515,104
2036-08-19,105.65605133356458,37.53523276301828,174.7273248585943,195
2036-08-20,101.07200443058473,33.04518164025094,169.62659263641285,168
2036-08-21,105.4780464280247,32.05299285967771,170.0818650747858,47
2036-08-22,103.21566504663413,34.30827712769354,172.59923923102338,182
2036-08-23,101.28921771985785,31.167918612527036,166.10780189240555,50
2036-08-24,99.15710163056426,32.09801704192587,171.07290593068873,146
2036-08-25,103.44468961605268,34.14630631979166,168.64084674364022,146
2036-08-26,104.35241412330484,31.70727319791103,170.92583577398574,88
2036-08-27,100.27400523425477,32.02218010535827,171.5480422423438,137
2036-08-28,105.21161204716864,38.922134629043434,174.86427647324098,31
2036-08-29,103.49643209420641,32.39838542947601,169.8170929074442,25
2036-08-30,102.12186024525265,28.80196601128377,174.80651382702578,41
2036-08-31,100.53491364133308,26.525008020815605,174.48498815998823,151
2036-09-01,105.34943886419866,36.295428768061534,177.15339758117585,47
2036-09-02,106.75447628795222,33.805830134045344,174.2261432377383,107
2036-09-03,103.13278005164824,28.863257004598072,171.88961853590874,145
2036-09-04,108.47621522859313,34.07576148481224,182.7472792132086,30
2036-09-05,107.10664925302753,37.062568622633336,179.59571306748342,65
2036-09-06,106.00934174653374,39.099186563194415,173.07510981718133,55
2036-09-07,104.62458250115566,36.1604160673304,172.83071750827514,52
